Datetime,Gold,Silver,Brent,Wheat,USD index
2025-12-18 10:46:26,4331.63,,,,
2025-12-18 10:46:26,4331.63,66.289,,,
2025-12-18 10:46:26,4331.63,66.289,60.081,,
2025-12-18 10:46:26,4331.63,66.289,60.081,506.0719,
2025-12-18 10:46:26,4331.63,66.289,60.081,506.0719,0.79539
2025-12-18 10:46:27,4331.63,66.29,60.081,506.0719,0.79539
2025-12-18 10:46:27,4331.82,66.29,60.081,506.0719,0.79539
2025-12-18 10:46:27,4331.82,66.29,60.0903,506.0719,0.79539
2025-12-18 10:46:28,4331.82,66.29,60.0903,506.0719,0.79539
2025-12-18 10:46:28,4331.82,66.29,60.0903,506.0719,0.79539
2025-12-18 10:46:28,4331.82,66.29,60.0903,506.0719,0.79539
2025-12-18 10:46:28,4331.82,66.29,60.0903,506.0719,0.79539
2025-12-18 10:46:28,4331.82,66.29,60.0903,506.0719,0.79539
2025-12-18 10:46:28,4331.82,66.29,60.0903,506.0719,0.79539
2025-12-18 10:46:28,4331.82,66.2885,60.0903,506.0719,0.79539
2025-12-18 10:46:28,4331.73,66.2885,60.0903,506.0719,0.79539
2025-12-18 10:46:29,4331.73,66.2885,60.0903,506.0719,0.79539
2025-12-18 10:46:29,4331.73,66.2885,60.0903,506.0719,0.79539
2025-12-18 10:46:29,4331.73,66.2885,60.0903,506.0719,0.79539
2025-12-18 10:46:29,4331.73,66.2885,60.0903,506.0719,0.79539
2025-12-18 10:46:29,4331.71,66.2885,60.0903,506.0719,0.79539
2025-12-18 10:46:30,4331.71,66.2885,60.0903,506.0719,0.79539
2025-12-18 10:46:30,4331.71,66.2885,60.0903,506.0719,0.79539
2025-12-18 10:46:30,4331.72,66.2885,60.0903,506.0719,0.79539
2025-12-18 10:46:30,4331.72,66.2885,60.0903,506.0719,0.79539
2025-12-18 10:46:31,4331.72,66.2885,60.0903,506.0719,0.79539
2025-12-18 10:46:31,4331.72,66.2865,60.0903,506.0719,0.79539
2025-12-18 10:46:31,4331.72,66.2865,60.0903,506.0719,0.79539
2025-12-18 10:46:32,4331.72,66.2865,60.0903,506.0719,0.79539
2025-12-18 10:46:32,4331.63,66.2865,60.0903,506.0719,0.79539
2025-12-18 10:46:32,4331.63,66.2725,60.0903,506.0719,0.79539
2025-12-18 10:46:32,4331.63,66.2725,60.0903,506.0719,0.79539
2025-12-18 10:46:32,4331.63,66.2725,60.0903,506.0719,0.79539
2025-12-18 10:46:33,4331.63,66.2725,60.0903,506.0719,0.79539
2025-12-18 10:46:33,4331.63,66.2725,60.0903,506.0719,0.79539
2025-12-18 10:46:33,4331.73,66.2725,60.0903,506.0719,0.79539
2025-12-18 10:46:33,4331.73,66.2775,60.0903,506.0719,0.79539
2025-12-18 10:46:34,4331.73,66.2775,60.0903,506.0719,0.79539
2025-12-18 10:46:34,4331.73,66.2775,60.0903,506.0719,0.79539
2025-12-18 10:46:34,4331.73,66.2775,60.0903,506.0719,0.79539
2025-12-18 10:46:34,4331.73,66.2775,60.0903,506.0719,0.79539
2025-12-18 10:46:34,4331.73,66.2775,60.0903,506.0719,0.79535
2025-12-18 10:46:34,4331.73,66.279,60.0903,506.0719,0.79535
2025-12-18 10:46:35,4331.73,66.279,60.0903,506.0719,0.79535
2025-12-18 10:46:35,4331.73,66.279,60.0903,506.0719,0.79535
2025-12-18 10:46:35,4331.73,66.279,60.0903,506.0719,0.79535
2025-12-18 10:46:35,4331.73,66.2845,60.0903,506.0719,0.79535
2025-12-18 10:46:35,4331.81,66.2845,60.0903,506.0719,0.79535
2025-12-18 10:46:36,4331.81,66.2845,60.0903,506.0719,0.79535
2025-12-18 10:46:36,4331.81,66.2845,60.0903,506.0719,0.79535
2025-12-18 10:46:36,4331.81,66.2845,60.0903,506.0719,0.79535
2025-12-18 10:46:36,4331.81,66.2845,60.0903,506.0719,0.79535
2025-12-18 10:46:37,4331.79,66.2845,60.0903,506.0719,0.79535
2025-12-18 10:46:38,4331.79,66.2845,60.0903,506.0719,0.79535
2025-12-18 10:46:38,4331.79,66.2845,60.0903,506.0719,0.79535
2025-12-18 10:46:38,4331.79,66.286,60.0903,506.0719,0.79535
2025-12-18 10:46:38,4331.98,66.286,60.0903,506.0719,0.79535
2025-12-18 10:46:39,4331.98,66.286,60.0903,506.0719,0.79535
2025-12-18 10:46:39,4331.98,66.286,60.0903,506.0719,0.79535
2025-12-18 10:46:39,4331.98,66.286,60.0903,506.0719,0.79535
2025-12-18 10:46:39,4331.98,66.286,60.0903,506.0719,0.79535
2025-12-18 10:46:39,4331.98,66.2875,60.0903,506.0719,0.79535
2025-12-18 10:46:39,4332.02,66.2875,60.0903,506.0719,0.79535
2025-12-18 10:46:39,4332.02,66.2875,60.0903,506.0719,0.79535
2025-12-18 10:46:40,4332.02,66.2875,60.0903,506.0719,0.79535
2025-12-18 10:46:40,4332.02,66.2875,60.0903,506.0719,0.79535
2025-12-18 10:46:40,4332.02,66.2875,60.0903,506.0719,0.79535
2025-12-18 10:46:40,4332.02,66.288,60.0903,506.0719,0.79535
2025-12-18 10:46:40,4331.96,66.288,60.0903,506.0719,0.79535
2025-12-18 10:46:40,4331.96,66.288,60.0903,506.0719,0.79535
2025-12-18 10:46:40,4331.96,66.288,60.0903,506.0719,0.79535
2025-12-18 10:46:40,4331.96,66.288,60.0903,506.0719,0.79535
2025-12-18 10:46:41,4331.96,66.288,60.0903,506.0719,0.79535
2025-12-18 10:46:41,4331.93,66.288,60.0903,506.0719,0.79535
2025-12-18 10:46:41,4331.93,66.2825,60.0903,506.0719,0.79535
2025-12-18 10:46:42,4331.93,66.2825,60.0903,506.0719,0.79535
2025-12-18 10:46:42,4331.93,66.2825,60.0903,506.0719,0.79535
2025-12-18 10:46:42,4331.93,66.2825,60.0903,506.0719,0.79535
2025-12-18 10:46:42,4331.93,66.2825,60.0903,506.0719,0.79535
2025-12-18 10:46:42,4331.95,66.2825,60.0903,506.0719,0.79535
2025-12-18 10:46:43,4331.95,66.2825,60.0903,506.0719,0.79535
2025-12-18 10:46:43,4331.95,66.2825,60.0903,506.0719,0.79535
2025-12-18 10:46:43,4331.95,66.2825,60.0903,506.0719,0.79535
2025-12-18 10:46:43,4331.95,66.2825,60.0903,506.0719,0.79535
2025-12-18 10:46:44,4331.95,66.2825,60.0903,506.0719,0.79535
2025-12-18 10:46:44,4331.95,66.278,60.0903,506.0719,0.79535
2025-12-18 10:46:44,4331.9,66.278,60.0903,506.0719,0.79535
2025-12-18 10:46:45,4331.9,66.278,60.0903,506.0719,0.79535
2025-12-18 10:46:45,4331.9,66.278,60.0903,506.0719,0.79535
2025-12-18 10:46:45,4331.9,66.278,60.0903,506.0719,0.79535
2025-12-18 10:46:45,4331.9,66.278,60.0903,506.0719,0.79535
2025-12-18 10:46:45,4331.94,66.278,60.0903,506.0719,0.79535
2025-12-18 10:46:45,4331.94,66.284,60.0903,506.0719,0.79535
2025-12-18 10:46:46,4331.94,66.284,60.0903,506.0719,0.79535
2025-12-18 10:46:46,4331.94,66.284,60.0903,506.0719,0.79535
2025-12-18 10:46:46,4331.94,66.284,60.0903,506.0719,0.79535
2025-12-18 10:46:46,4331.94,66.284,60.0903,506.0719,0.79535
2025-12-18 10:46:46,4331.87,66.284,60.0903,506.0719,0.79535
2025-12-18 10:46:46,4331.87,66.284,60.0903,506.0719,0.79535
2025-12-18 10:46:47,4331.87,66.284,60.0903,506.0719,0.79535
2025-12-18 10:46:47,4331.9,66.284,60.0903,506.0719,0.79535
2025-12-18 10:46:48,4331.9,66.284,60.0903,506.0719,0.79535
2025-12-18 10:46:48,4331.9,66.284,60.0903,506.0719,0.79535
2025-12-18 10:46:48,4331.83,66.284,60.0903,506.0719,0.79535
2025-12-18 10:46:48,4331.83,66.287,60.0903,506.0719,0.79535
2025-12-18 10:46:49,4331.83,66.287,60.0903,506.0719,0.79535
2025-12-18 10:46:49,4331.83,66.287,60.0903,506.0719,0.79535
2025-12-18 10:46:49,4331.83,66.287,60.0903,506.0719,0.79535
2025-12-18 10:46:49,4331.83,66.287,60.0903,506.0719,0.79535
2025-12-18 10:46:49,4331.83,66.287,60.0903,506.0719,0.79535
2025-12-18 10:46:50,4331.83,66.287,60.0903,506.0719,0.79535
2025-12-18 10:46:50,4331.83,66.287,60.0903,506.0719,0.79535
2025-12-18 10:46:50,4331.83,66.2895,60.0903,506.0719,0.79535
2025-12-18 10:46:50,4331.9,66.2895,60.0903,506.0719,0.79535
2025-12-18 10:46:51,4331.9,66.2895,60.0903,506.0719,0.79535
2025-12-18 10:46:51,4331.9,66.2895,60.0903,506.0719,0.79535
2025-12-18 10:46:51,4331.9,66.2895,60.0903,506.0719,0.79535
2025-12-18 10:46:51,4331.9,66.2895,60.0903,506.0719,0.79535
2025-12-18 10:46:51,4331.9,66.284,60.0903,506.0719,0.79535
2025-12-18 10:46:51,4331.9,66.284,60.0903,506.0719,0.79535
2025-12-18 10:46:52,4331.9,66.284,60.0903,506.0719,0.79535
2025-12-18 10:46:53,4331.92,66.284,60.0903,506.0719,0.79535
2025-12-18 10:46:54,4331.92,66.284,60.0903,506.0719,0.79535
2025-12-18 10:46:54,4331.92,66.284,60.0903,506.0719,0.79535
2025-12-18 10:46:54,4331.92,66.29,60.0903,506.0719,0.79535
2025-12-18 10:46:55,4331.92,66.29,60.0903,506.0719,0.79535
2025-12-18 10:46:55,4331.92,66.29,60.0903,506.0719,0.79535
2025-12-18 10:46:55,4331.95,66.29,60.0903,506.0719,0.79535
2025-12-18 10:46:55,4331.95,66.29,60.0903,506.0719,0.79535
2025-12-18 10:46:56,4331.95,66.29,60.0903,506.0719,0.79535
2025-12-18 10:46:56,4331.95,66.29,60.0903,506.0719,0.79535
2025-12-18 10:46:57,4331.95,66.29,60.0903,506.0719,0.79535
2025-12-18 10:46:57,4331.95,66.29,60.0903,506.0719,0.79535
2025-12-18 10:46:57,4331.96,66.29,60.0903,506.0719,0.79535
2025-12-18 10:46:58,4331.96,66.29,60.0903,506.0719,0.79535
2025-12-18 10:46:58,4331.96,66.29,60.0903,506.0719,0.79535
2025-12-18 10:47:00,4331.92,66.29,60.0903,506.0719,0.79535
2025-12-18 10:47:00,4331.92,66.29,60.0903,506.0719,0.79535
2025-12-18 10:47:00,4331.92,66.29,60.0903,506.0719,0.79535
2025-12-18 10:47:00,4331.91,66.29,60.0903,506.0719,0.79535
2025-12-18 10:47:01,4331.91,66.29,60.0903,506.0719,0.79535
2025-12-18 10:47:01,4331.91,66.29,60.0903,506.0719,0.79535
2025-12-18 10:47:01,4331.91,66.29,60.0903,506.0719,0.79535
2025-12-18 10:47:02,4331.91,66.29,60.0903,506.0719,0.79535
2025-12-18 10:47:02,4331.91,66.29,60.0903,506.0719,0.79535
2025-12-18 10:47:02,4331.91,66.308,60.0903,506.0719,0.79535
2025-12-18 10:47:02,4332.14,66.308,60.0903,506.0719,0.79535
2025-12-18 10:47:03,4332.14,66.308,60.0903,506.0719,0.79535
2025-12-18 10:47:03,4332.14,66.308,60.0903,506.0719,0.79535
2025-12-18 10:47:03,4332.14,66.308,60.0903,506.0719,0.79535
2025-12-18 10:47:03,4332.14,66.308,60.0903,506.0719,0.79535
2025-12-18 10:47:03,4332.15,66.308,60.0903,506.0719,0.79535
2025-12-18 10:47:03,4332.15,66.3125,60.0903,506.0719,0.79535
2025-12-18 10:47:04,4332.15,66.3125,60.0903,506.0719,0.79535
2025-12-18 10:47:04,4332.15,66.3125,60.0903,506.0719,0.79535
2025-12-18 10:47:04,4332.15,66.3125,60.0903,506.0719,0.79535
2025-12-18 10:47:04,4332.15,66.3125,60.0903,506.0719,0.79535
2025-12-18 10:47:04,4332.18,66.3125,60.0903,506.0719,0.79535
2025-12-18 10:47:04,4332.18,66.312,60.0903,506.0719,0.79535
2025-12-18 10:47:05,4332.18,66.312,60.0903,506.0719,0.79535
2025-12-18 10:47:05,4332.18,66.312,60.0903,506.0719,0.79535
2025-12-18 10:47:05,4332.18,66.312,60.0903,506.0719,0.79535
2025-12-18 10:47:05,4332.18,66.312,60.0903,506.0719,0.79535
2025-12-18 10:47:05,4332.18,66.315,60.0903,506.0719,0.79535
2025-12-18 10:47:06,4332.18,66.315,60.0903,506.0719,0.79535
2025-12-18 10:47:06,4332.18,66.315,60.0903,506.0719,0.79535
2025-12-18 10:47:06,4332.18,66.3225,60.0903,506.0719,0.79535
2025-12-18 10:47:07,4332.18,66.3225,60.0903,506.0719,0.79535
2025-12-18 10:47:07,4332.18,66.3225,60.0903,506.0719,0.79535
2025-12-18 10:47:07,4332.18,66.324,60.0903,506.0719,0.79535
2025-12-18 10:47:07,4332.27,66.324,60.0903,506.0719,0.79535
2025-12-18 10:47:08,4332.27,66.324,60.0903,506.0719,0.79535
2025-12-18 10:47:08,4332.27,66.324,60.0903,506.0719,0.79535
2025-12-18 10:47:08,4332.27,66.324,60.0903,506.0719,0.79535
2025-12-18 10:47:08,4332.27,66.324,60.0903,506.0719,0.79535
2025-12-18 10:47:08,4332.25,66.324,60.0903,506.0719,0.79535
2025-12-18 10:47:08,4332.25,66.318,60.0903,506.0719,0.79535
2025-12-18 10:47:09,4332.25,66.318,60.0903,506.0719,0.79535
2025-12-18 10:47:09,4332.25,66.318,60.0903,506.0719,0.79535
2025-12-18 10:47:09,4332.25,66.318,60.0903,506.0719,0.79535
2025-12-18 10:47:09,4332.25,66.318,60.0903,506.0719,0.79535
2025-12-18 10:47:09,4332.06,66.318,60.0903,506.0719,0.79535
2025-12-18 10:47:09,4332.06,66.315,60.0903,506.0719,0.79535
2025-12-18 10:47:10,4332.06,66.315,60.0903,506.0719,0.79535
2025-12-18 10:47:10,4332.06,66.315,60.0903,506.0719,0.79535
2025-12-18 10:47:10,4332.06,66.315,60.0903,506.0719,0.79535
2025-12-18 10:47:10,4332.06,66.315,60.0903,506.0719,0.79535
2025-12-18 10:47:10,4332.06,66.314,60.0903,506.0719,0.79535
2025-12-18 10:47:10,4332.05,66.314,60.0903,506.0719,0.79535
2025-12-18 10:47:10,4332.05,66.314,60.0903,506.0719,0.79535
2025-12-18 10:47:10,4332.05,66.314,60.0903,506.0719,0.79535
2025-12-18 10:47:11,4332.05,66.314,60.0903,506.0719,0.79535
2025-12-18 10:47:11,4332.05,66.314,60.0903,506.0719,0.79535
2025-12-18 10:47:11,4332.05,66.314,60.0903,506.0719,0.79535
2025-12-18 10:47:12,4332.05,66.314,60.0903,506.0719,0.79535
2025-12-18 10:47:12,4332.05,66.314,60.0903,506.0719,0.79535
2025-12-18 10:47:12,4332.06,66.314,60.0903,506.0719,0.79535
2025-12-18 10:47:13,4332.06,66.314,60.0903,506.0719,0.79535
2025-12-18 10:47:13,4332.06,66.314,60.0903,506.0719,0.79535
2025-12-18 10:47:13,4332.06,66.316,60.0903,506.0719,0.79535
2025-12-18 10:47:13,4332.13,66.316,60.0903,506.0719,0.79535
2025-12-18 10:47:13,4332.13,66.316,60.0903,506.0719,0.79535
2025-12-18 10:47:13,4332.13,66.316,60.0903,506.0719,0.79535
2025-12-18 10:47:14,4332.13,66.316,60.0903,506.0719,0.79535
2025-12-18 10:47:14,4332.13,66.316,60.0903,506.0719,0.79535
2025-12-18 10:47:14,4332.21,66.316,60.0903,506.0719,0.79535
2025-12-18 10:47:14,4332.21,66.316,60.0903,506.0719,0.79535
2025-12-18 10:47:15,4332.21,66.316,60.0903,506.0719,0.79535
2025-12-18 10:47:15,4332.21,66.316,60.0903,506.0719,0.79535
2025-12-18 10:47:15,4332.21,66.316,60.0903,506.0719,0.79535
2025-12-18 10:47:15,4332.21,66.316,60.0903,506.0719,0.79535
2025-12-18 10:47:15,4332.21,66.321,60.0903,506.0719,0.79535
2025-12-18 10:47:15,4332.49,66.321,60.0903,506.0719,0.79535
2025-12-18 10:47:16,4332.49,66.321,60.0903,506.0719,0.79535
2025-12-18 10:47:16,4332.49,66.321,60.0903,506.0719,0.79535
2025-12-18 10:47:16,4332.49,66.321,60.0903,506.0719,0.79535
2025-12-18 10:47:16,4332.49,66.321,60.0903,506.0719,0.79535
2025-12-18 10:47:16,4332.49,66.3275,60.0903,506.0719,0.79535
2025-12-18 10:47:16,4332.67,66.3275,60.0903,506.0719,0.79535
2025-12-18 10:47:17,4332.67,66.3275,60.0903,506.0719,0.79535
2025-12-18 10:47:17,4332.67,66.3275,60.0903,506.0719,0.79535
2025-12-18 10:47:17,4332.67,66.3275,60.0903,506.0719,0.79535
2025-12-18 10:47:17,4332.67,66.3275,60.0903,506.0719,0.79535
2025-12-18 10:47:17,4332.68,66.3275,60.0903,506.0719,0.79535
2025-12-18 10:47:18,4332.68,66.3275,60.0903,506.0719,0.79535
2025-12-18 10:47:18,4332.68,66.3275,60.0903,506.0719,0.79535
2025-12-18 10:47:18,4332.68,66.33,60.0903,506.0719,0.79535
2025-12-18 10:47:18,4332.78,66.33,60.0903,506.0719,0.79535
2025-12-18 10:47:19,4332.78,66.33,60.0903,506.0719,0.79535
2025-12-18 10:47:19,4332.78,66.33,60.0903,506.0719,0.79535
2025-12-18 10:47:19,4332.78,66.33,60.0903,506.0719,0.79535
2025-12-18 10:47:19,4332.78,66.33,60.0903,506.0719,0.79535
2025-12-18 10:47:19,4332.78,66.3295,60.0903,506.0719,0.79535
2025-12-18 10:47:19,4332.74,66.3295,60.0903,506.0719,0.79535
2025-12-18 10:47:19,4332.74,66.3295,60.0903,506.0719,0.79535
2025-12-18 10:47:19,4332.74,66.3295,60.0903,506.0719,0.79535
2025-12-18 10:47:20,4332.74,66.3295,60.0903,506.0719,0.79535
2025-12-18 10:47:20,4332.74,66.3295,60.0903,506.0719,0.79535
2025-12-18 10:47:20,4332.81,66.3295,60.0903,506.0719,0.79535
2025-12-18 10:47:21,4332.81,66.3295,60.0903,506.0719,0.79535
2025-12-18 10:47:21,4332.81,66.3295,60.0903,506.0719,0.79535
2025-12-18 10:47:21,4332.81,66.3295,60.0903,506.0719,0.79535
2025-12-18 10:47:21,4332.72,66.3295,60.0903,506.0719,0.79535
2025-12-18 10:47:22,4332.72,66.3295,60.0903,506.0719,0.79535
2025-12-18 10:47:22,4332.72,66.3295,60.0903,506.0719,0.79535
2025-12-18 10:47:22,4332.72,66.3295,60.0903,506.0719,0.79535
2025-12-18 10:47:22,4332.72,66.3295,60.0903,506.0719,0.79535
2025-12-18 10:47:22,4332.69,66.3295,60.0903,506.0719,0.79535
2025-12-18 10:47:22,4332.69,66.3295,60.0903,506.0719,0.79535
2025-12-18 10:47:23,4332.69,66.3295,60.0903,506.0719,0.79535
2025-12-18 10:47:23,4332.69,66.3275,60.0903,506.0719,0.79535
2025-12-18 10:47:23,4332.76,66.3275,60.0903,506.0719,0.79535
2025-12-18 10:47:24,4332.76,66.3275,60.0903,506.0719,0.79535
2025-12-18 10:47:24,4332.76,66.3275,60.0903,506.0719,0.79535
2025-12-18 10:47:24,4332.76,66.3275,60.0903,506.0719,0.79535
2025-12-18 10:47:24,4332.76,66.3275,60.0903,506.0719,0.79535
2025-12-18 10:47:25,4332.72,66.3275,60.0903,506.0719,0.79535
2025-12-18 10:47:25,4332.72,66.3275,60.0903,506.0719,0.79535
2025-12-18 10:47:25,4332.72,66.3275,60.0903,506.0719,0.79535
2025-12-18 10:47:25,4332.69,66.3275,60.0903,506.0719,0.79535
2025-12-18 10:47:26,4332.69,66.3275,60.0903,506.0719,0.79535
2025-12-18 10:47:26,4332.69,66.3275,60.0903,506.0719,0.79535
2025-12-18 10:47:26,4332.69,66.322,60.0903,506.0719,0.79535
2025-12-18 10:47:26,4332.73,66.322,60.0903,506.0719,0.79535
2025-12-18 10:47:27,4332.73,66.322,60.0903,506.0719,0.79535
2025-12-18 10:47:27,4332.73,66.322,60.0903,506.0719,0.79535
2025-12-18 10:47:27,4332.73,66.322,60.0903,506.0719,0.79535
2025-12-18 10:47:27,4332.73,66.322,60.0903,506.0719,0.79535
2025-12-18 10:47:27,4332.73,66.322,60.0903,506.0719,0.79535
2025-12-18 10:47:27,4332.73,66.322,60.0903,506.0719,0.79535
2025-12-18 10:47:28,4332.73,66.322,60.0903,506.0719,0.79535
2025-12-18 10:47:28,4332.73,66.322,60.0903,506.0719,0.79535
2025-12-18 10:47:28,4332.73,66.322,60.0903,506.0719,0.79535
2025-12-18 10:47:28,4332.73,66.322,60.0903,506.0719,0.79535
2025-12-18 10:47:28,4332.78,66.322,60.0903,506.0719,0.79535
2025-12-18 10:47:28,4332.78,66.3205,60.0903,506.0719,0.79535
2025-12-18 10:47:29,4332.78,66.3205,60.0903,506.0719,0.79535
2025-12-18 10:47:29,4332.78,66.3205,60.0903,506.0719,0.79535
2025-12-18 10:47:29,4332.78,66.3205,60.0903,506.0719,0.79535
2025-12-18 10:47:29,4332.78,66.3205,60.0903,506.0719,0.79535
2025-12-18 10:47:29,4332.78,66.3205,60.0903,506.0719,0.79535
2025-12-18 10:47:30,4332.78,66.3205,60.0903,506.0719,0.79535
2025-12-18 10:47:30,4332.78,66.3205,60.0903,506.0719,0.79535
2025-12-18 10:47:30,4332.68,66.3205,60.0903,506.0719,0.79535
2025-12-18 10:47:30,4332.68,66.316,60.0903,506.0719,0.79535
2025-12-18 10:47:31,4332.68,66.316,60.0903,506.0719,0.79535
2025-12-18 10:47:31,4332.68,66.316,60.0903,506.0719,0.79535
2025-12-18 10:47:31,4332.68,66.316,60.0903,506.0719,0.79535
2025-12-18 10:47:31,4332.68,66.316,60.0903,506.0719,0.79535
2025-12-18 10:47:31,4332.68,66.313,60.0903,506.0719,0.79535
2025-12-18 10:47:31,4332.66,66.313,60.0903,506.0719,0.79535
2025-12-18 10:47:32,4332.66,66.313,60.0903,506.0719,0.79535
2025-12-18 10:47:32,4332.66,66.313,60.0903,506.0719,0.79535
2025-12-18 10:47:32,4332.66,66.313,60.0903,506.0719,0.79535
2025-12-18 10:47:32,4332.66,66.313,60.0903,506.0719,0.79535
2025-12-18 10:47:32,4332.66,66.313,60.0903,506.0719,0.79534
2025-12-18 10:47:32,4332.66,66.3095,60.0903,506.0719,0.79534
2025-12-18 10:47:33,4332.69,66.3095,60.0903,506.0719,0.79534
2025-12-18 10:47:33,4332.69,66.3095,60.0903,506.0719,0.79534
2025-12-18 10:47:33,4332.69,66.3095,60.0903,506.0719,0.79534
2025-12-18 10:47:33,4332.69,66.3095,60.0903,506.0719,0.79534
2025-12-18 10:47:33,4332.69,66.3095,60.0903,506.0719,0.79534
2025-12-18 10:47:33,4332.69,66.3095,60.0903,506.0719,0.79534
2025-12-18 10:47:33,4332.68,66.3095,60.0903,506.0719,0.79534
2025-12-18 10:47:34,4332.68,66.3095,60.0903,506.0719,0.79534
2025-12-18 10:47:34,4332.68,66.3095,60.0903,506.0719,0.79534
2025-12-18 10:47:34,4332.68,66.308,60.0903,506.0719,0.79534
2025-12-18 10:47:34,4332.63,66.308,60.0903,506.0719,0.79534
2025-12-18 10:47:34,4332.63,66.308,60.0903,506.0719,0.79534
2025-12-18 10:47:34,4332.63,66.308,60.0903,506.0719,0.79534
2025-12-18 10:47:35,4332.63,66.308,60.0903,506.0719,0.79534
2025-12-18 10:47:35,4332.63,66.308,60.0903,506.0719,0.79534
2025-12-18 10:47:35,4332.65,66.308,60.0903,506.0719,0.79534
2025-12-18 10:47:35,4332.65,66.307,60.0903,506.0719,0.79534
2025-12-18 10:47:36,4332.65,66.307,60.0903,506.0719,0.79534
2025-12-18 10:47:36,4332.65,66.307,60.0903,506.0719,0.79534
2025-12-18 10:47:36,4332.65,66.307,60.0903,506.0719,0.79534
2025-12-18 10:47:36,4332.65,66.307,60.0903,506.0719,0.79534
2025-12-18 10:47:36,4332.58,66.307,60.0903,506.0719,0.79534
2025-12-18 10:47:36,4332.58,66.3025,60.0903,506.0719,0.79534
2025-12-18 10:47:37,4332.58,66.3025,60.0903,506.0719,0.79534
2025-12-18 10:47:37,4332.58,66.3025,60.0903,506.0719,0.79534
2025-12-18 10:47:37,4332.58,66.3025,60.0903,506.0719,0.79534
2025-12-18 10:47:37,4332.58,66.3025,60.0903,506.0719,0.79534
2025-12-18 10:47:37,4332.58,66.304,60.0903,506.0719,0.79534
2025-12-18 10:47:37,4332.65,66.304,60.0903,506.0719,0.79534
2025-12-18 10:47:37,4332.65,66.304,60.0903,506.0719,0.79534
2025-12-18 10:47:37,4332.65,66.304,60.0903,506.0719,0.79534
2025-12-18 10:47:37,4332.65,66.304,60.0903,506.0719,0.79534
2025-12-18 10:47:37,4332.65,66.304,60.0903,506.0719,0.79534
2025-12-18 10:47:38,4332.65,66.304,60.0903,506.0719,0.79534
2025-12-18 10:47:39,4332.65,66.304,60.0903,506.0719,0.79534
2025-12-18 10:47:39,4332.65,66.304,60.0903,506.0719,0.79534
2025-12-18 10:47:40,4332.66,66.304,60.0903,506.0719,0.79534
2025-12-18 10:47:41,4332.66,66.304,60.0903,506.0719,0.79534
2025-12-18 10:47:41,4332.66,66.304,60.0903,506.0719,0.79534
2025-12-18 10:47:41,4332.66,66.305,60.0903,506.0719,0.79534
2025-12-18 10:47:41,4332.63,66.305,60.0903,506.0719,0.79534
2025-12-18 10:47:42,4332.63,66.305,60.0903,506.0719,0.79534
2025-12-18 10:47:42,4332.63,66.305,60.0903,506.0719,0.79534
2025-12-18 10:47:42,4332.63,66.305,60.0903,506.0719,0.79534
2025-12-18 10:47:42,4332.63,66.305,60.0903,506.0719,0.79534
2025-12-18 10:47:43,4332.67,66.305,60.0903,506.0719,0.79534
2025-12-18 10:47:44,4332.67,66.305,60.0903,506.0719,0.79534
2025-12-18 10:47:44,4332.67,66.305,60.0903,506.0719,0.79534
2025-12-18 10:47:44,4332.66,66.305,60.0903,506.0719,0.79534
2025-12-18 10:47:44,4332.66,66.308,60.0903,506.0719,0.79534
2025-12-18 10:47:45,4332.66,66.308,60.0903,506.0719,0.79534
2025-12-18 10:47:45,4332.66,66.308,60.0903,506.0719,0.79534
2025-12-18 10:47:45,4332.66,66.308,60.0903,506.0719,0.79534
2025-12-18 10:47:45,4332.66,66.308,60.0903,506.0719,0.79534
2025-12-18 10:47:45,4332.68,66.308,60.0903,506.0719,0.79534
2025-12-18 10:47:46,4332.68,66.308,60.0903,506.0719,0.79534
2025-12-18 10:47:46,4332.68,66.308,60.0903,506.0719,0.79534
2025-12-18 10:47:46,4332.68,66.308,60.0903,506.0719,0.79534
2025-12-18 10:47:47,4332.68,66.308,60.0903,506.0719,0.79534
2025-12-18 10:47:47,4332.68,66.308,60.0903,506.0719,0.79534
2025-12-18 10:47:47,4332.68,66.307,60.0903,506.0719,0.79534
2025-12-18 10:47:47,4332.56,66.307,60.0903,506.0719,0.79534
2025-12-18 10:47:47,4332.56,66.307,60.0903,506.0719,0.79534
2025-12-18 10:47:47,4332.56,66.307,60.0903,506.0719,0.79534
2025-12-18 10:47:48,4332.56,66.307,60.0903,506.0719,0.79534
2025-12-18 10:47:48,4332.56,66.307,60.0903,506.0719,0.79534
2025-12-18 10:47:49,4332.56,66.307,60.0903,506.0719,0.79536
2025-12-18 10:47:49,4332.54,66.307,60.0903,506.0719,0.79536
2025-12-18 10:47:49,4332.54,66.303,60.0903,506.0719,0.79536
2025-12-18 10:47:50,4332.54,66.303,60.0903,506.0719,0.79536
2025-12-18 10:47:50,4332.54,66.303,60.0903,506.0719,0.79536
2025-12-18 10:47:50,4332.54,66.303,60.0903,506.0719,0.79536
2025-12-18 10:47:50,4332.54,66.303,60.0903,506.0719,0.79536
2025-12-18 10:47:50,4332.54,66.303,60.0903,506.0719,0.79536
2025-12-18 10:47:50,4332.58,66.303,60.0903,506.0719,0.79536
2025-12-18 10:47:50,4332.58,66.304,60.0903,506.0719,0.79536
2025-12-18 10:47:51,4332.58,66.304,60.0903,506.0719,0.79536
2025-12-18 10:47:51,4332.58,66.304,60.0903,506.0719,0.79536
2025-12-18 10:47:51,4332.58,66.304,60.0903,506.0719,0.79536
2025-12-18 10:47:51,4332.58,66.304,60.0903,506.0719,0.79536
2025-12-18 10:47:53,4332.64,66.304,60.0903,506.0719,0.79536
2025-12-18 10:47:53,4332.64,66.3055,60.0903,506.0719,0.79536
2025-12-18 10:47:54,4332.64,66.3055,60.0903,506.0719,0.79536
2025-12-18 10:47:54,4332.64,66.3055,60.0903,506.0719,0.79536
2025-12-18 10:47:54,4332.64,66.3055,60.0903,506.0719,0.79536
2025-12-18 10:47:54,4332.64,66.3055,60.0903,506.0719,0.79536
2025-12-18 10:47:54,4332.6,66.3055,60.0903,506.0719,0.79536
2025-12-18 10:47:55,4332.6,66.3055,60.0903,506.0719,0.79536
2025-12-18 10:47:55,4332.6,66.3055,60.0903,506.0719,0.79536
2025-12-18 10:47:55,4332.64,66.3055,60.0903,506.0719,0.79536
2025-12-18 10:47:56,4332.64,66.3055,60.0903,506.0719,0.79536
2025-12-18 10:47:56,4332.64,66.3055,60.0903,506.0719,0.79536
2025-12-18 10:47:56,4332.64,66.313,60.0903,506.0719,0.79536
2025-12-18 10:47:56,4332.63,66.313,60.0903,506.0719,0.79536
2025-12-18 10:47:57,4332.63,66.313,60.0903,506.0719,0.79536
2025-12-18 10:47:57,4332.63,66.313,60.0903,506.0719,0.79536
2025-12-18 10:47:57,4332.63,66.313,60.0903,506.0719,0.79536
2025-12-18 10:47:57,4332.63,66.313,60.0903,506.0719,0.79536
2025-12-18 10:47:57,4332.63,66.313,60.0903,506.0719,0.7954
2025-12-18 10:47:57,4332.64,66.313,60.0903,506.0719,0.7954
2025-12-18 10:47:57,4332.64,66.315,60.0903,506.0719,0.7954
2025-12-18 10:47:58,4332.64,66.315,60.0903,506.0719,0.7954
2025-12-18 10:47:58,4332.64,66.315,60.0903,506.0719,0.7954
2025-12-18 10:47:58,4332.64,66.315,60.0903,506.0719,0.7954
2025-12-18 10:47:58,4332.64,66.315,60.0903,506.0719,0.7954
2025-12-18 10:47:58,4332.64,66.315,60.0903,506.0719,0.7954
2025-12-18 10:47:59,4332.64,66.315,60.0903,506.0719,0.79541
2025-12-18 10:47:59,4332.64,66.3155,60.0903,506.0719,0.79541
2025-12-18 10:47:59,4332.65,66.3155,60.0903,506.0719,0.79541
2025-12-18 10:48:00,4332.65,66.3155,60.0903,506.0719,0.79541
2025-12-18 10:48:00,4332.65,66.3155,60.0903,506.0719,0.79541
2025-12-18 10:48:00,4332.65,66.3155,60.0903,506.0719,0.79541
2025-12-18 10:48:00,4332.65,66.3155,60.0903,506.0719,0.79541
2025-12-18 10:48:00,4332.65,66.3155,60.0903,506.0719,0.79541
2025-12-18 10:48:01,4332.65,66.323,60.0903,506.0719,0.79541
2025-12-18 10:48:01,4332.71,66.323,60.0903,506.0719,0.79541
2025-12-18 10:48:01,4332.71,66.323,60.0903,506.0719,0.79541
2025-12-18 10:48:01,4332.71,66.323,60.0903,506.0719,0.79541
2025-12-18 10:48:01,4332.71,66.323,60.0903,506.0719,0.79541
2025-12-18 10:48:01,4332.71,66.323,60.0903,506.0719,0.79541
2025-12-18 10:48:01,4332.7,66.323,60.0903,506.0719,0.79541
2025-12-18 10:48:02,4332.7,66.323,60.0903,506.0719,0.79541
2025-12-18 10:48:02,4332.7,66.323,60.0903,506.0719,0.79541
2025-12-18 10:48:02,4332.72,66.323,60.0903,506.0719,0.79541
2025-12-18 10:48:03,4332.72,66.323,60.0903,506.0719,0.79541
2025-12-18 10:48:03,4332.72,66.323,60.0903,506.0719,0.79541
2025-12-18 10:48:03,4332.72,66.328,60.0903,506.0719,0.79541
2025-12-18 10:48:03,4332.74,66.328,60.0903,506.0719,0.79541
2025-12-18 10:48:04,4332.74,66.328,60.0903,506.0719,0.79541
2025-12-18 10:48:04,4332.74,66.328,60.0903,506.0719,0.79541
2025-12-18 10:48:04,4332.74,66.328,60.0903,506.0719,0.79541
2025-12-18 10:48:04,4332.74,66.328,60.0903,506.0719,0.79541
2025-12-18 10:48:04,4332.71,66.328,60.0903,506.0719,0.79541
2025-12-18 10:48:05,4332.71,66.328,60.0903,506.0719,0.79541
2025-12-18 10:48:05,4332.71,66.328,60.0903,506.0719,0.79541
2025-12-18 10:48:05,4332.71,66.328,60.0903,506.0719,0.79541
2025-12-18 10:48:05,4332.71,66.324,60.0903,506.0719,0.79541
2025-12-18 10:48:06,4332.71,66.324,60.0903,506.0719,0.79541
2025-12-18 10:48:06,4332.71,66.324,60.0903,506.0719,0.79541
2025-12-18 10:48:06,4332.71,66.324,60.0903,506.0719,0.79541
2025-12-18 10:48:06,4332.71,66.324,60.0903,506.0719,0.79541
2025-12-18 10:48:07,4332.54,66.324,60.0903,506.0719,0.79541
2025-12-18 10:48:07,4332.54,66.3225,60.0903,506.0719,0.79541
2025-12-18 10:48:07,4332.54,66.3225,60.0903,506.0719,0.79541
2025-12-18 10:48:07,4332.54,66.3225,60.0903,506.0719,0.79541
2025-12-18 10:48:08,4332.54,66.3225,60.0903,506.0719,0.79541
2025-12-18 10:48:08,4332.54,66.3225,60.0903,506.0719,0.79541
2025-12-18 10:48:08,4332.55,66.3225,60.0903,506.0719,0.79541
2025-12-18 10:48:09,4332.55,66.3225,60.0903,506.0719,0.79541
2025-12-18 10:48:09,4332.55,66.3225,60.0903,506.0719,0.79541
2025-12-18 10:48:09,4332.58,66.3225,60.0903,506.0719,0.79541
2025-12-18 10:48:09,4332.58,66.324,60.0903,506.0719,0.79541
2025-12-18 10:48:10,4332.58,66.324,60.0903,506.0719,0.79541
2025-12-18 10:48:10,4332.58,66.324,60.0903,506.0719,0.79541
2025-12-18 10:48:10,4332.58,66.324,60.0903,506.0719,0.79541
2025-12-18 10:48:10,4332.58,66.324,60.0903,506.0719,0.79541
2025-12-18 10:48:10,4332.65,66.324,60.0903,506.0719,0.79541
2025-12-18 10:48:10,4332.65,66.3305,60.0903,506.0719,0.79541
2025-12-18 10:48:11,4332.65,66.3305,60.0903,506.0719,0.79541
2025-12-18 10:48:11,4332.65,66.3305,60.0903,506.0719,0.79541
2025-12-18 10:48:11,4332.65,66.3305,60.0903,506.0719,0.79541
2025-12-18 10:48:11,4332.65,66.3305,60.0903,506.0719,0.79541
2025-12-18 10:48:11,4332.65,66.3305,60.0903,506.0719,0.79541
2025-12-18 10:48:12,4332.65,66.3305,60.0903,506.0719,0.79541
2025-12-18 10:48:12,4332.65,66.3305,60.0903,506.0719,0.79541
2025-12-18 10:48:12,4332.69,66.3305,60.0903,506.0719,0.79541
2025-12-18 10:48:13,4332.69,66.3305,60.0903,506.0719,0.79541
2025-12-18 10:48:13,4332.69,66.3305,60.0903,506.0719,0.79541
2025-12-18 10:48:13,4332.67,66.3305,60.0903,506.0719,0.79541
2025-12-18 10:48:14,4332.67,66.3305,60.0903,506.0719,0.79541
2025-12-18 10:48:14,4332.67,66.3305,60.0903,506.0719,0.79541
2025-12-18 10:48:14,4332.64,66.3305,60.0903,506.0719,0.79541
2025-12-18 10:48:14,4332.64,66.3305,60.0903,506.0719,0.79541
2025-12-18 10:48:15,4332.64,66.3305,60.0903,506.0719,0.79541
2025-12-18 10:48:15,4332.68,66.3305,60.0903,506.0719,0.79541
2025-12-18 10:48:15,4332.68,66.334,60.0903,506.0719,0.79541
2025-12-18 10:48:16,4332.68,66.334,60.0903,506.0719,0.79541
2025-12-18 10:48:16,4332.68,66.334,60.0903,506.0719,0.79541
2025-12-18 10:48:16,4332.68,66.334,60.0903,506.0719,0.79541
2025-12-18 10:48:16,4332.68,66.334,60.0903,506.0719,0.79541
2025-12-18 10:48:16,4332.68,66.3375,60.0903,506.0719,0.79541
2025-12-18 10:48:16,4332.69,66.3375,60.0903,506.0719,0.79541
2025-12-18 10:48:16,4332.69,66.3375,60.0903,506.0719,0.79541
2025-12-18 10:48:16,4332.69,66.3375,60.0903,506.0719,0.79541
2025-12-18 10:48:17,4332.69,66.3375,60.0903,506.0719,0.79541
2025-12-18 10:48:17,4332.69,66.3375,60.0903,506.0719,0.79541
2025-12-18 10:48:17,4332.65,66.3375,60.0903,506.0719,0.79541
2025-12-18 10:48:17,4332.65,66.333,60.0903,506.0719,0.79541
2025-12-18 10:48:18,4332.65,66.333,60.0903,506.0719,0.79541
2025-12-18 10:48:18,4332.65,66.333,60.0903,506.0719,0.79541
2025-12-18 10:48:18,4332.65,66.333,60.0903,506.0719,0.79541
2025-12-18 10:48:18,4332.65,66.333,60.0903,506.0719,0.79541
2025-12-18 10:48:18,4332.65,66.338,60.0903,506.0719,0.79541
2025-12-18 10:48:18,4332.78,66.338,60.0903,506.0719,0.79541
2025-12-18 10:48:18,4332.78,66.338,60.0903,506.0719,0.79541
2025-12-18 10:48:18,4332.78,66.338,60.0903,506.0719,0.79541
2025-12-18 10:48:19,4332.78,66.338,60.0903,506.0719,0.79541
2025-12-18 10:48:19,4332.78,66.338,60.0903,506.0719,0.79541
2025-12-18 10:48:19,4332.76,66.338,60.0903,506.0719,0.79541
2025-12-18 10:48:19,4332.76,66.333,60.0903,506.0719,0.79541
2025-12-18 10:48:19,4332.76,66.333,60.0903,506.0719,0.79541
2025-12-18 10:48:19,4332.76,66.333,60.0903,506.0719,0.79541
2025-12-18 10:48:20,4332.76,66.333,60.0903,506.0719,0.79541
2025-12-18 10:48:20,4332.76,66.333,60.0903,506.0719,0.79541
2025-12-18 10:48:20,4332.81,66.333,60.0903,506.0719,0.79541
2025-12-18 10:48:20,4332.81,66.3395,60.0903,506.0719,0.79541
2025-12-18 10:48:20,4332.81,66.3395,60.0903,506.0719,0.79541
2025-12-18 10:48:20,4332.81,66.3395,60.0903,506.0719,0.79541
2025-12-18 10:48:21,4332.81,66.3395,60.0903,506.0719,0.79541
2025-12-18 10:48:21,4332.81,66.3395,60.0903,506.0719,0.79541
2025-12-18 10:48:21,4332.8,66.3395,60.0903,506.0719,0.79541
2025-12-18 10:48:23,4332.8,66.3395,60.0903,506.0719,0.79541
2025-12-18 10:48:23,4332.8,66.3395,60.0903,506.0719,0.79541
2025-12-18 10:48:23,4332.8,66.3375,60.0903,506.0719,0.79541
2025-12-18 10:48:23,4332.82,66.3375,60.0903,506.0719,0.79541
2025-12-18 10:48:23,4332.82,66.3375,60.0903,506.0719,0.79541
2025-12-18 10:48:23,4332.82,66.3375,60.0903,506.0719,0.79541
2025-12-18 10:48:23,4332.82,66.3375,60.0903,506.0719,0.79541
2025-12-18 10:48:23,4332.82,66.3375,60.0903,506.0719,0.79541
2025-12-18 10:48:23,4332.78,66.3375,60.0903,506.0719,0.79541
2025-12-18 10:48:23,4332.78,66.3325,60.0903,506.0719,0.79541
2025-12-18 10:48:23,4332.78,66.3325,60.0903,506.0719,0.79541
2025-12-18 10:48:23,4332.78,66.3325,60.0903,506.0719,0.79541
2025-12-18 10:48:24,4332.78,66.3325,60.0903,506.0719,0.79541
2025-12-18 10:48:24,4332.78,66.3325,60.0903,506.0719,0.79541
2025-12-18 10:48:24,4332.77,66.3325,60.0903,506.0719,0.79541
2025-12-18 10:48:25,4332.77,66.3325,60.0903,506.0719,0.79541
2025-12-18 10:48:25,4332.77,66.3325,60.0903,506.0719,0.79541
2025-12-18 10:48:25,4332.79,66.3325,60.0903,506.0719,0.79541
2025-12-18 10:48:25,4332.79,66.334,60.0903,506.0719,0.79541
2025-12-18 10:48:26,4332.79,66.334,60.0903,506.0719,0.79541
2025-12-18 10:48:26,4332.79,66.334,60.0903,506.0719,0.79541
2025-12-18 10:48:26,4332.79,66.334,60.0903,506.0719,0.79541
2025-12-18 10:48:26,4332.79,66.334,60.0903,506.0719,0.79541
2025-12-18 10:48:26,4332.79,66.334,60.0903,506.0719,0.79541
2025-12-18 10:48:26,4332.79,66.334,60.0903,506.0719,0.79541
2025-12-18 10:48:27,4332.79,66.334,60.0903,506.0719,0.79541
2025-12-18 10:48:27,4332.78,66.334,60.0903,506.0719,0.79541
2025-12-18 10:48:28,4332.78,66.334,60.0903,506.0719,0.79541
2025-12-18 10:48:28,4332.78,66.334,60.0903,506.0719,0.79541
2025-12-18 10:48:28,4332.78,66.334,60.0903,506.0719,0.79542
2025-12-18 10:48:28,4332.78,66.334,60.0903,506.0719,0.79542
2025-12-18 10:48:29,4332.78,66.334,60.0903,506.0719,0.79542
2025-12-18 10:48:29,4332.78,66.334,60.0903,506.0719,0.79542
2025-12-18 10:48:29,4332.78,66.334,60.0903,506.0719,0.79542
2025-12-18 10:48:29,4332.76,66.334,60.0903,506.0719,0.79542
2025-12-18 10:48:29,4332.76,66.334,60.1026,506.0719,0.79542
2025-12-18 10:48:30,4332.76,66.334,60.1026,506.0719,0.79542
2025-12-18 10:48:30,4332.76,66.334,60.1026,506.0719,0.79542
2025-12-18 10:48:30,4332.76,66.334,60.1026,506.0719,0.79542
2025-12-18 10:48:30,4332.76,66.334,60.1026,506.0719,0.79542
2025-12-18 10:48:30,4332.74,66.334,60.1026,506.0719,0.79542
2025-12-18 10:48:30,4332.74,66.336,60.1026,506.0719,0.79542
2025-12-18 10:48:30,4332.74,66.336,60.1026,506.0719,0.79542
2025-12-18 10:48:30,4332.74,66.336,60.1026,506.0719,0.79542
2025-12-18 10:48:31,4332.74,66.336,60.1026,506.0719,0.79542
2025-12-18 10:48:31,4332.74,66.336,60.1026,506.0719,0.79542
2025-12-18 10:48:31,4332.72,66.336,60.1026,506.0719,0.79542
2025-12-18 10:48:31,4332.72,66.336,60.1026,506.0719,0.79542
2025-12-18 10:48:32,4332.72,66.336,60.1026,506.0719,0.79542
2025-12-18 10:48:32,4332.91,66.336,60.1026,506.0719,0.79542
2025-12-18 10:48:32,4332.91,66.3405,60.1026,506.0719,0.79542
2025-12-18 10:48:32,4332.91,66.3405,60.1026,506.0719,0.79542
2025-12-18 10:48:32,4332.91,66.3405,60.1026,506.0719,0.79542
2025-12-18 10:48:33,4332.91,66.3405,60.1026,506.0719,0.79542
2025-12-18 10:48:33,4332.91,66.3405,60.1026,506.0719,0.79542
2025-12-18 10:48:34,4332.9,66.3405,60.1026,506.0719,0.79542
2025-12-18 10:48:34,4332.9,66.3405,60.1026,506.0719,0.79542
2025-12-18 10:48:35,4332.9,66.3405,60.1026,506.0719,0.79542
2025-12-18 10:48:35,4332.92,66.3405,60.1026,506.0719,0.79542
2025-12-18 10:48:36,4332.92,66.3405,60.1026,506.0719,0.79542
2025-12-18 10:48:36,4332.92,66.3405,60.1026,506.0719,0.79542
2025-12-18 10:48:36,4332.92,66.336,60.1026,506.0719,0.79542
2025-12-18 10:48:36,4332.89,66.336,60.1026,506.0719,0.79542
2025-12-18 10:48:37,4332.89,66.336,60.1026,506.0719,0.79542
2025-12-18 10:48:37,4332.89,66.336,60.1026,506.0719,0.79542
2025-12-18 10:48:37,4332.89,66.336,60.1026,506.0719,0.79542
2025-12-18 10:48:37,4332.89,66.336,60.1026,506.0719,0.79542
2025-12-18 10:48:37,4332.88,66.336,60.1026,506.0719,0.79542
2025-12-18 10:48:37,4332.88,66.341,60.1026,506.0719,0.79542
2025-12-18 10:48:38,4332.88,66.341,60.1026,506.0719,0.79542
2025-12-18 10:48:38,4332.88,66.341,60.1026,506.0719,0.79542
2025-12-18 10:48:38,4332.88,66.341,60.1026,506.0719,0.79542
2025-12-18 10:48:38,4332.88,66.341,60.1026,506.0719,0.79542
2025-12-18 10:48:38,4332.84,66.341,60.1026,506.0719,0.79542
2025-12-18 10:48:38,4332.84,66.341,60.1026,506.0719,0.79542
2025-12-18 10:48:39,4332.84,66.341,60.1026,506.0719,0.79542
2025-12-18 10:48:39,4332.87,66.341,60.1026,506.0719,0.79542
2025-12-18 10:48:39,4332.87,66.341,60.1026,506.0719,0.79542
2025-12-18 10:48:40,4332.87,66.341,60.1026,506.0719,0.79542
2025-12-18 10:48:40,4332.92,66.341,60.1026,506.0719,0.79542
2025-12-18 10:48:40,4332.92,66.341,60.1026,506.0719,0.79542
2025-12-18 10:48:41,4332.92,66.341,60.1026,506.0719,0.79542
2025-12-18 10:48:41,4332.92,66.353,60.1026,506.0719,0.79542
2025-12-18 10:48:41,4333.08,66.353,60.1026,506.0719,0.79542
2025-12-18 10:48:41,4333.08,66.353,60.1026,506.0719,0.79542
2025-12-18 10:48:41,4333.08,66.353,60.1026,506.0719,0.79542
2025-12-18 10:48:42,4333.08,66.353,60.1026,506.0719,0.79542
2025-12-18 10:48:42,4333.08,66.353,60.1026,506.0719,0.79542
2025-12-18 10:48:42,4332.98,66.353,60.1026,506.0719,0.79542
2025-12-18 10:48:42,4332.98,66.3495,60.1026,506.0719,0.79542
2025-12-18 10:48:43,4332.98,66.3495,60.1026,506.0719,0.79542
2025-12-18 10:48:43,4332.98,66.3495,60.1026,506.0719,0.79542
2025-12-18 10:48:43,4332.98,66.3495,60.1026,506.0719,0.79542
2025-12-18 10:48:43,4332.98,66.3495,60.1026,506.0719,0.79542
2025-12-18 10:48:43,4332.99,66.3495,60.1026,506.0719,0.79542
2025-12-18 10:48:44,4332.99,66.3495,60.1026,506.0719,0.79542
2025-12-18 10:48:44,4332.99,66.3495,60.1026,506.0719,0.79542
2025-12-18 10:48:44,4333,66.3495,60.1026,506.0719,0.79542
2025-12-18 10:48:45,4333,66.3495,60.1026,506.0719,0.79542
2025-12-18 10:48:45,4333,66.3495,60.1026,506.0719,0.79542
2025-12-18 10:48:45,4333.05,66.3495,60.1026,506.0719,0.79542
2025-12-18 10:48:45,4333.05,66.3475,60.1026,506.0719,0.79542
2025-12-18 10:48:45,4333.05,66.3475,60.1026,506.0719,0.79542
2025-12-18 10:48:45,4333.05,66.3475,60.1026,506.0719,0.79542
2025-12-18 10:48:45,4333.05,66.3475,60.1026,506.0719,0.79542
2025-12-18 10:48:45,4333.05,66.3475,60.1026,506.0719,0.79542
2025-12-18 10:48:46,4332.95,66.3475,60.1026,506.0719,0.79542
2025-12-18 10:48:46,4332.95,66.3425,60.1026,506.0719,0.79542
2025-12-18 10:48:47,4332.95,66.3425,60.1026,506.0719,0.79542
2025-12-18 10:48:47,4332.95,66.3425,60.1026,506.0719,0.79542
2025-12-18 10:48:47,4332.95,66.3425,60.1026,506.0719,0.79542
2025-12-18 10:48:47,4332.95,66.3425,60.1026,506.0719,0.79542
2025-12-18 10:48:48,4332.95,66.3475,60.1026,506.0719,0.79542
2025-12-18 10:48:48,4332.95,66.3475,60.1026,506.0719,0.79542
2025-12-18 10:48:49,4332.95,66.3475,60.1026,506.0719,0.79542
2025-12-18 10:48:49,4332.95,66.339,60.1026,506.0719,0.79542
2025-12-18 10:48:49,4332.75,66.339,60.1026,506.0719,0.79542
2025-12-18 10:48:50,4332.75,66.339,60.1026,506.0719,0.79542
2025-12-18 10:48:50,4332.75,66.339,60.1026,506.0719,0.79542
2025-12-18 10:48:50,4332.75,66.339,60.1026,506.0719,0.79542
2025-12-18 10:48:50,4332.75,66.339,60.1026,506.0719,0.79542
2025-12-18 10:48:50,4332.73,66.339,60.1026,506.0719,0.79542
2025-12-18 10:48:51,4332.73,66.339,60.1026,506.0719,0.79542
2025-12-18 10:48:51,4332.73,66.339,60.1026,506.0719,0.79542
2025-12-18 10:48:51,4332.7,66.339,60.1026,506.0719,0.79542
2025-12-18 10:48:51,4332.7,66.3325,60.1026,506.0719,0.79542
2025-12-18 10:48:52,4332.7,66.3325,60.1026,506.0719,0.79542
2025-12-18 10:48:52,4332.7,66.3325,60.1026,506.0719,0.79542
2025-12-18 10:48:52,4332.7,66.3325,60.1026,506.0719,0.79542
2025-12-18 10:48:52,4332.7,66.3325,60.1026,506.0719,0.79542
2025-12-18 10:48:52,4332.7,66.337,60.1026,506.0719,0.79542
2025-12-18 10:48:52,4332.79,66.337,60.1026,506.0719,0.79542
2025-12-18 10:48:53,4332.79,66.337,60.1026,506.0719,0.79542
2025-12-18 10:48:53,4332.79,66.337,60.1026,506.0719,0.79542
2025-12-18 10:48:53,4332.79,66.337,60.1026,506.0719,0.79542
2025-12-18 10:48:53,4332.79,66.337,60.1026,506.0719,0.79542
2025-12-18 10:48:54,4332.79,66.338,60.1026,506.0719,0.79542
2025-12-18 10:48:54,4332.73,66.338,60.1026,506.0719,0.79542
2025-12-18 10:48:54,4332.73,66.338,60.1026,506.0719,0.79542
2025-12-18 10:48:54,4332.73,66.338,60.1026,506.0719,0.79542
2025-12-18 10:48:54,4332.73,66.338,60.1026,506.0719,0.79542
2025-12-18 10:48:54,4332.73,66.338,60.1026,506.0719,0.79542
2025-12-18 10:48:55,4332.7,66.338,60.1026,506.0719,0.79542
2025-12-18 10:48:55,4332.7,66.3325,60.1026,506.0719,0.79542
2025-12-18 10:48:56,4332.7,66.3325,60.1026,506.0719,0.79542
2025-12-18 10:48:56,4332.7,66.3325,60.1026,506.0719,0.79542
2025-12-18 10:48:56,4332.7,66.3325,60.1026,506.0719,0.79542
2025-12-18 10:48:56,4332.7,66.3325,60.1026,506.0719,0.79542
2025-12-18 10:48:56,4332.7,66.3285,60.1026,506.0719,0.79542
2025-12-18 10:48:56,4332.71,66.3285,60.1026,506.0719,0.79542
2025-12-18 10:48:56,4332.71,66.3285,60.1026,506.0719,0.79542
2025-12-18 10:48:56,4332.71,66.3285,60.1026,506.0719,0.79542
2025-12-18 10:48:57,4332.71,66.3285,60.1026,506.0719,0.79542
2025-12-18 10:48:57,4332.71,66.3285,60.1026,506.0719,0.79542
2025-12-18 10:48:57,4332.71,66.3295,60.1026,506.0719,0.79542
2025-12-18 10:48:57,4332.71,66.3295,60.1026,506.0719,0.79542
2025-12-18 10:48:58,4332.71,66.3295,60.1026,506.0719,0.79542
2025-12-18 10:49:02,4332.71,66.3345,60.1026,506.0719,0.79542
2025-12-18 10:49:02,4332.71,66.3345,60.1026,506.0719,0.79542
2025-12-18 10:49:03,4332.71,66.3345,60.1026,506.0719,0.79542
2025-12-18 10:49:03,4332.71,66.3345,60.1026,506.0719,0.79542
2025-12-18 10:49:03,4332.71,66.3345,60.1026,506.0719,0.79542
2025-12-18 10:49:03,4332.71,66.3345,60.1026,506.0719,0.79542
2025-12-18 10:49:03,4332.71,66.3355,60.1026,506.0719,0.79542
2025-12-18 10:49:03,4332.71,66.3355,60.101,506.0719,0.79542
2025-12-18 10:49:03,4332.79,66.3355,60.101,506.0719,0.79542
2025-12-18 10:49:04,4332.79,66.3355,60.101,506.0719,0.79542
2025-12-18 10:49:04,4332.79,66.3355,60.101,506.0719,0.79542
2025-12-18 10:49:04,4332.79,66.3355,60.101,506.0719,0.79542
2025-12-18 10:49:04,4332.79,66.3355,60.101,506.0719,0.79542
2025-12-18 10:49:04,4332.79,66.3355,60.101,506.0719,0.79542
2025-12-18 10:49:04,4332.79,66.3355,60.101,506.0719,0.79542
2025-12-18 10:49:04,4332.8,66.3355,60.101,506.0719,0.79542
2025-12-18 10:49:04,4332.8,66.3385,60.101,506.0719,0.79542
2025-12-18 10:49:05,4332.8,66.3385,60.101,506.0719,0.79542
2025-12-18 10:49:05,4332.8,66.3385,60.101,506.0719,0.79542
2025-12-18 10:49:05,4332.8,66.3385,60.101,506.0719,0.79542
2025-12-18 10:49:05,4332.8,66.3385,60.101,506.0719,0.79542
2025-12-18 10:49:05,4332.8,66.3335,60.101,506.0719,0.79542
2025-12-18 10:49:05,4332.73,66.3335,60.101,506.0719,0.79542
2025-12-18 10:49:06,4332.73,66.3335,60.101,506.0719,0.79542
2025-12-18 10:49:06,4332.73,66.3335,60.101,506.0719,0.79542
2025-12-18 10:49:06,4332.73,66.3335,60.101,506.0719,0.79542
2025-12-18 10:49:06,4332.73,66.3335,60.101,506.0719,0.79542
2025-12-18 10:49:06,4332.77,66.3335,60.101,506.0719,0.79542
2025-12-18 10:49:06,4332.77,66.33,60.101,506.0719,0.79542
2025-12-18 10:49:06,4332.77,66.33,60.101,506.0719,0.79542
2025-12-18 10:49:06,4332.77,66.33,60.101,506.0719,0.79542
2025-12-18 10:49:07,4332.77,66.33,60.101,506.0719,0.79542
2025-12-18 10:49:07,4332.77,66.33,60.101,506.0719,0.79542
2025-12-18 10:49:07,4332.77,66.33,60.0912,506.0719,0.79542
2025-12-18 10:49:07,4332.76,66.33,60.0912,506.0719,0.79542
2025-12-18 10:49:08,4332.76,66.33,60.0912,506.0719,0.79542
2025-12-18 10:49:08,4332.76,66.33,60.0912,506.0719,0.79542
2025-12-18 10:49:08,4332.76,66.33,60.0912,506.0719,0.79542
2025-12-18 10:49:08,4332.76,66.33,60.0912,506.0719,0.79542
2025-12-18 10:49:09,4332.77,66.33,60.0912,506.0719,0.79542
2025-12-18 10:49:09,4332.77,66.326,60.0912,506.0719,0.79542
2025-12-18 10:49:09,4332.77,66.326,60.0912,506.0719,0.79542
2025-12-18 10:49:09,4332.77,66.326,60.0912,506.0719,0.79542
2025-12-18 10:49:10,4332.77,66.326,60.0912,506.0719,0.79542
2025-12-18 10:49:10,4332.77,66.326,60.0912,506.0719,0.79542
2025-12-18 10:49:12,4332.8,66.326,60.0912,506.0719,0.79542
2025-12-18 10:49:12,4332.8,66.33,60.0912,506.0719,0.79542
2025-12-18 10:49:13,4332.8,66.33,60.0912,506.0719,0.79542
2025-12-18 10:49:13,4332.8,66.33,60.0912,506.0719,0.79542
2025-12-18 10:49:13,4332.8,66.33,60.0912,506.0719,0.79542
2025-12-18 10:49:13,4332.8,66.33,60.0912,506.0719,0.79542
2025-12-18 10:49:13,4332.8,66.33,60.0823,506.0719,0.79542
2025-12-18 10:49:13,4332.8,66.33,60.0823,506.0719,0.79542
2025-12-18 10:49:14,4332.8,66.33,60.0823,506.0719,0.79542
2025-12-18 10:49:15,4332.81,66.33,60.0823,506.0719,0.79542
2025-12-18 10:49:16,4332.81,66.3345,60.0823,506.0719,0.79542
2025-12-18 10:49:16,4332.81,66.3345,60.0823,506.0719,0.79542
2025-12-18 10:49:16,4332.81,66.3345,60.0823,506.0719,0.79542
2025-12-18 10:49:16,4332.81,66.3345,60.0823,506.0719,0.79542
2025-12-18 10:49:16,4332.81,66.3345,60.0823,506.0719,0.79542
2025-12-18 10:49:16,4332.79,66.3345,60.0823,506.0719,0.79542
2025-12-18 10:49:16,4332.79,66.3345,60.0823,506.0719,0.79542
2025-12-18 10:49:17,4332.79,66.3345,60.0823,506.0719,0.79542
2025-12-18 10:49:18,4332.79,66.33,60.0823,506.0719,0.79542
2025-12-18 10:49:18,4332.76,66.33,60.0823,506.0719,0.79542
2025-12-18 10:49:18,4332.76,66.33,60.0823,506.0719,0.79542
2025-12-18 10:49:18,4332.76,66.33,60.0823,506.0719,0.79542
2025-12-18 10:49:18,4332.76,66.33,60.0823,506.0719,0.79542
2025-12-18 10:49:18,4332.76,66.33,60.0823,506.0719,0.79542
2025-12-18 10:49:18,4332.76,66.331,60.0823,506.0719,0.79542
2025-12-18 10:49:18,4332.81,66.331,60.0823,506.0719,0.79542
2025-12-18 10:49:19,4332.81,66.331,60.0823,506.0719,0.79542
2025-12-18 10:49:19,4332.81,66.331,60.0823,506.0719,0.79542
2025-12-18 10:49:19,4332.81,66.331,60.0823,506.0719,0.79542
2025-12-18 10:49:19,4332.81,66.331,60.0823,506.0719,0.79542
2025-12-18 10:49:19,4332.8,66.331,60.0823,506.0719,0.79542
2025-12-18 10:49:20,4332.8,66.331,60.0823,506.0719,0.79542
2025-12-18 10:49:20,4332.8,66.331,60.0823,506.0719,0.79542
2025-12-18 10:49:20,4332.63,66.331,60.0823,506.0719,0.79542
2025-12-18 10:49:20,4332.63,66.3255,60.0823,506.0719,0.79542
2025-12-18 10:49:21,4332.63,66.3255,60.0823,506.0719,0.79542
2025-12-18 10:49:21,4332.63,66.3255,60.0823,506.0719,0.79542
2025-12-18 10:49:21,4332.63,66.3255,60.0823,506.0719,0.79542
2025-12-18 10:49:21,4332.63,66.3255,60.0823,506.0719,0.79542
2025-12-18 10:49:21,4332.63,66.3285,60.0823,506.0719,0.79542
2025-12-18 10:49:21,4332.72,66.3285,60.0823,506.0719,0.79542
2025-12-18 10:49:22,4332.72,66.3285,60.0823,506.0719,0.79542
2025-12-18 10:49:22,4332.72,66.3285,60.0823,506.0719,0.79542
2025-12-18 10:49:22,4332.72,66.3285,60.0823,506.0719,0.79542
2025-12-18 10:49:22,4332.72,66.3285,60.0823,506.0719,0.79542
2025-12-18 10:49:24,4332.72,66.326,60.0823,506.0719,0.79542
2025-12-18 10:49:24,4332.66,66.326,60.0823,506.0719,0.79542
2025-12-18 10:49:24,4332.66,66.326,60.0823,506.0719,0.79542
2025-12-18 10:49:24,4332.66,66.326,60.0823,506.0719,0.79542
2025-12-18 10:49:24,4332.66,66.326,60.0823,506.0719,0.79542
2025-12-18 10:49:24,4332.66,66.326,60.0823,506.0719,0.79542
2025-12-18 10:49:24,4332.71,66.326,60.0823,506.0719,0.79542
2025-12-18 10:49:25,4332.71,66.326,60.0823,506.0719,0.79542
2025-12-18 10:49:25,4332.71,66.326,60.0823,506.0719,0.79542
2025-12-18 10:49:25,4332.53,66.326,60.0823,506.0719,0.79542
2025-12-18 10:49:26,4332.53,66.3135,60.0823,506.0719,0.79542
2025-12-18 10:49:26,4332.53,66.3135,60.0823,506.0719,0.79542
2025-12-18 10:49:26,4332.53,66.3135,60.0823,506.0719,0.79542
2025-12-18 10:49:26,4332.53,66.3135,60.0823,506.0719,0.79542
2025-12-18 10:49:26,4332.53,66.3135,60.0823,506.0719,0.79542
2025-12-18 10:49:27,4332.53,66.319,60.0823,506.0719,0.79542
2025-12-18 10:49:27,4332.59,66.319,60.0823,506.0719,0.79542
2025-12-18 10:49:27,4332.59,66.319,60.0823,506.0719,0.79542
2025-12-18 10:49:27,4332.59,66.319,60.0823,506.0719,0.79542
2025-12-18 10:49:27,4332.59,66.319,60.0823,506.0719,0.79542
2025-12-18 10:49:27,4332.59,66.319,60.0823,506.0719,0.79542
2025-12-18 10:49:28,4332.6,66.319,60.0823,506.0719,0.79542
2025-12-18 10:49:28,4332.6,66.319,60.0823,506.0719,0.79542
2025-12-18 10:49:28,4332.6,66.319,60.0823,506.0719,0.79542
2025-12-18 10:49:29,4332.54,66.319,60.0823,506.0719,0.79542
2025-12-18 10:49:29,4332.54,66.319,60.0823,506.0719,0.79542
2025-12-18 10:49:29,4332.54,66.319,60.0823,506.0719,0.79542
2025-12-18 10:49:29,4332.52,66.319,60.0823,506.0719,0.79542
2025-12-18 10:49:30,4332.52,66.319,60.0823,506.0719,0.79542
2025-12-18 10:49:30,4332.52,66.319,60.0823,506.0719,0.79542
2025-12-18 10:49:30,4332.52,66.3135,60.0823,506.0719,0.79542
2025-12-18 10:49:31,4332.6,66.3135,60.0823,506.0719,0.79542
2025-12-18 10:49:31,4332.6,66.3135,60.0823,506.0719,0.79542
2025-12-18 10:49:31,4332.6,66.3135,60.0823,506.0719,0.79542
2025-12-18 10:49:31,4332.6,66.3135,60.0823,506.0719,0.79542
2025-12-18 10:49:31,4332.6,66.3135,60.0823,506.0719,0.79542
2025-12-18 10:49:31,4332.58,66.3135,60.0823,506.0719,0.79542
2025-12-18 10:49:32,4332.58,66.3135,60.0823,506.0719,0.79542
2025-12-18 10:49:32,4332.58,66.3135,60.0823,506.0719,0.79542
2025-12-18 10:49:32,4332.52,66.3135,60.0823,506.0719,0.79542
2025-12-18 10:49:33,4332.52,66.3135,60.0823,506.0719,0.79542
2025-12-18 10:49:33,4332.52,66.3135,60.0823,506.0719,0.79542
2025-12-18 10:49:33,4332.58,66.3135,60.0823,506.0719,0.79542
2025-12-18 10:49:34,4332.58,66.3135,60.0823,506.0719,0.79542
2025-12-18 10:49:34,4332.58,66.3135,60.0823,506.0719,0.79542
2025-12-18 10:49:34,4332.76,66.3135,60.0823,506.0719,0.79542
2025-12-18 10:49:34,4332.76,66.323,60.0823,506.0719,0.79542
2025-12-18 10:49:35,4332.76,66.323,60.0823,506.0719,0.79542
2025-12-18 10:49:35,4332.76,66.323,60.0823,506.0719,0.79542
2025-12-18 10:49:35,4332.76,66.323,60.0823,506.0719,0.79542
2025-12-18 10:49:35,4332.76,66.323,60.0823,506.0719,0.79542
2025-12-18 10:49:35,4332.76,66.3185,60.0823,506.0719,0.79542
2025-12-18 10:49:36,4332.76,66.3185,60.0823,506.0719,0.79542
2025-12-18 10:49:36,4332.76,66.3185,60.0823,506.0719,0.79542
2025-12-18 10:49:36,4332.76,66.3185,60.0823,506.0719,0.79542
2025-12-18 10:49:36,4332.76,66.3185,60.0823,506.0719,0.79542
2025-12-18 10:49:36,4332.73,66.3185,60.0823,506.0719,0.79542
2025-12-18 10:49:37,4332.73,66.3185,60.0823,506.0719,0.79542
2025-12-18 10:49:37,4332.73,66.3185,60.0823,506.0719,0.79542
2025-12-18 10:49:37,4332.76,66.3185,60.0823,506.0719,0.79542
2025-12-18 10:49:38,4332.76,66.324,60.0823,506.0719,0.79542
2025-12-18 10:49:38,4332.76,66.324,60.0823,506.0719,0.79542
2025-12-18 10:49:38,4332.76,66.324,60.0823,506.0719,0.79542
2025-12-18 10:49:38,4332.76,66.324,60.0823,506.0719,0.79542
2025-12-18 10:49:38,4332.76,66.324,60.0823,506.0719,0.79542
2025-12-18 10:49:38,4332.76,66.3235,60.0823,506.0719,0.79542
2025-12-18 10:49:39,4332.76,66.3235,60.0823,506.0719,0.79542
2025-12-18 10:49:39,4332.76,66.3235,60.0823,506.0719,0.79542
2025-12-18 10:49:39,4332.75,66.3235,60.0823,506.0719,0.79542
2025-12-18 10:49:40,4332.75,66.3235,60.0823,506.0719,0.79542
2025-12-18 10:49:40,4332.75,66.3235,60.0823,506.0719,0.79542
2025-12-18 10:49:40,4332.79,66.3235,60.0823,506.0719,0.79542
2025-12-18 10:49:41,4332.79,66.3235,60.0823,506.0719,0.79542
2025-12-18 10:49:41,4332.79,66.3235,60.0823,506.0719,0.79542
2025-12-18 10:49:41,4332.78,66.3235,60.0823,506.0719,0.79542
2025-12-18 10:49:42,4332.78,66.3235,60.0823,506.0719,0.79542
2025-12-18 10:49:42,4332.78,66.3235,60.0823,506.0719,0.79542
2025-12-18 10:49:42,4332.76,66.3235,60.0823,506.0719,0.79542
2025-12-18 10:49:42,4332.76,66.323,60.0823,506.0719,0.79542
2025-12-18 10:49:43,4332.76,66.323,60.0823,506.0719,0.79542
2025-12-18 10:49:43,4332.76,66.323,60.0823,506.0719,0.79542
2025-12-18 10:49:43,4332.76,66.323,60.0823,506.0719,0.79542
2025-12-18 10:49:43,4332.76,66.323,60.0823,506.0719,0.79542
2025-12-18 10:49:43,4332.76,66.3255,60.0823,506.0719,0.79542
2025-12-18 10:49:43,4332.79,66.3255,60.0823,506.0719,0.79542
2025-12-18 10:49:44,4332.79,66.3255,60.0823,506.0719,0.79542
2025-12-18 10:49:44,4332.79,66.3255,60.0823,506.0719,0.79542
2025-12-18 10:49:44,4332.79,66.3255,60.0823,506.0719,0.79542
2025-12-18 10:49:44,4332.79,66.3255,60.0823,506.0719,0.79542
2025-12-18 10:49:44,4332.81,66.3255,60.0823,506.0719,0.79542
2025-12-18 10:49:44,4332.81,66.328,60.0823,506.0719,0.79542
2025-12-18 10:49:45,4332.81,66.328,60.0823,506.0719,0.79542
2025-12-18 10:49:45,4332.81,66.328,60.0823,506.0719,0.79542
2025-12-18 10:49:45,4332.81,66.328,60.0823,506.0719,0.79542
2025-12-18 10:49:45,4332.81,66.328,60.0823,506.0719,0.79542
2025-12-18 10:49:45,4332.81,66.328,60.0823,506.0719,0.79542
2025-12-18 10:49:46,4332.81,66.328,60.0823,506.0719,0.79542
2025-12-18 10:49:46,4332.81,66.328,60.0823,506.0719,0.79542
2025-12-18 10:49:46,4332.81,66.333,60.0823,506.0719,0.79542
2025-12-18 10:49:46,4332.92,66.333,60.0823,506.0719,0.79542
2025-12-18 10:49:47,4332.92,66.333,60.0823,506.0719,0.79542
2025-12-18 10:49:47,4332.92,66.333,60.0823,506.0719,0.79542
2025-12-18 10:49:47,4332.92,66.333,60.0823,506.0719,0.79542
2025-12-18 10:49:47,4332.92,66.333,60.0823,506.0719,0.79542
2025-12-18 10:49:47,4332.92,66.326,60.0823,506.0719,0.79542
2025-12-18 10:49:47,4332.83,66.326,60.0823,506.0719,0.79542
2025-12-18 10:49:48,4332.83,66.326,60.0823,506.0719,0.79542
2025-12-18 10:49:48,4332.83,66.326,60.0823,506.0719,0.79542
2025-12-18 10:49:48,4332.83,66.326,60.0823,506.0719,0.79542
2025-12-18 10:49:48,4332.83,66.326,60.0823,506.0719,0.79542
2025-12-18 10:49:48,4332.83,66.326,60.0823,506.0719,0.79542
2025-12-18 10:49:48,4332.83,66.3285,60.0823,506.0719,0.79542
2025-12-18 10:49:48,4332.83,66.3285,60.0823,506.0719,0.79542
2025-12-18 10:49:48,4332.83,66.3285,60.0823,506.0719,0.79542
2025-12-18 10:49:49,4332.83,66.3285,60.0823,506.0719,0.79542
2025-12-18 10:49:49,4332.83,66.3285,60.0823,506.0719,0.79542
2025-12-18 10:49:50,4332.86,66.3285,60.0823,506.0719,0.79542
2025-12-18 10:49:51,4332.86,66.3285,60.0823,506.0719,0.79542
2025-12-18 10:49:51,4332.86,66.3285,60.0823,506.0719,0.79542
2025-12-18 10:49:51,4332.88,66.3285,60.0823,506.0719,0.79542
2025-12-18 10:49:51,4332.88,66.33,60.0823,506.0719,0.79542
2025-12-18 10:49:51,4332.88,66.33,60.0823,506.0719,0.79542
2025-12-18 10:49:51,4332.88,66.33,60.0823,506.0719,0.79542
2025-12-18 10:49:52,4332.88,66.33,60.0823,506.0719,0.79542
2025-12-18 10:49:52,4332.88,66.33,60.0823,506.0719,0.79542
2025-12-18 10:49:52,4332.88,66.33,60.0823,506.0719,0.79544
2025-12-18 10:49:52,4332.87,66.33,60.0823,506.0719,0.79544
2025-12-18 10:49:52,4332.87,66.328,60.0823,506.0719,0.79544
2025-12-18 10:49:53,4332.87,66.328,60.0823,506.0719,0.79544
2025-12-18 10:49:53,4332.87,66.328,60.0823,506.0719,0.79544
2025-12-18 10:49:53,4332.87,66.328,60.0823,506.0719,0.79544
2025-12-18 10:49:53,4332.87,66.328,60.0823,506.0719,0.79544
2025-12-18 10:49:53,4332.87,66.328,60.0823,506.0719,0.79544
2025-12-18 10:49:53,4332.87,66.328,60.0823,506.0719,0.79544
2025-12-18 10:49:53,4332.86,66.328,60.0823,506.0719,0.79544
2025-12-18 10:49:54,4332.86,66.328,60.0823,506.0719,0.79544
2025-12-18 10:49:54,4332.86,66.328,60.0823,506.0719,0.79544
2025-12-18 10:49:54,4332.86,66.328,60.0823,506.0719,0.79544
2025-12-18 10:49:54,4332.86,66.328,60.0823,506.0719,0.79544
2025-12-18 10:49:54,4332.88,66.328,60.0823,506.0719,0.79544
2025-12-18 10:49:54,4332.88,66.328,60.0823,506.0719,0.79544
2025-12-18 10:49:55,4332.88,66.328,60.0823,506.0719,0.79544
2025-12-18 10:49:55,4332.88,66.328,60.0823,506.0719,0.79542
2025-12-18 10:49:55,4332.85,66.328,60.0823,506.0719,0.79542
2025-12-18 10:49:56,4332.85,66.325,60.0823,506.0719,0.79542
2025-12-18 10:49:56,4332.85,66.325,60.0823,506.0719,0.79542
2025-12-18 10:49:56,4332.85,66.325,60.0823,506.0719,0.79542
2025-12-18 10:49:56,4332.85,66.325,60.0823,506.0719,0.79542
2025-12-18 10:49:56,4332.85,66.325,60.0823,506.0719,0.79542
2025-12-18 10:49:56,4332.85,66.325,60.0823,506.0719,0.79542
2025-12-18 10:49:56,4332.89,66.325,60.0823,506.0719,0.79542
2025-12-18 10:49:57,4332.89,66.325,60.0823,506.0719,0.79542
2025-12-18 10:49:57,4332.89,66.325,60.0823,506.0719,0.79542
2025-12-18 10:49:57,4332.89,66.325,60.0823,506.0719,0.79538
2025-12-18 10:49:57,4332.88,66.325,60.0823,506.0719,0.79538
2025-12-18 10:49:57,4332.88,66.3285,60.0823,506.0719,0.79538
2025-12-18 10:49:58,4332.88,66.3285,60.0823,506.0719,0.79538
2025-12-18 10:49:58,4332.88,66.3285,60.0823,506.0719,0.79538
2025-12-18 10:49:58,4332.88,66.3285,60.0823,506.0719,0.79538
2025-12-18 10:49:58,4332.88,66.3285,60.0823,506.0719,0.79538
2025-12-18 10:49:58,4332.88,66.3285,60.0823,506.0719,0.79538
2025-12-18 10:49:59,4332.88,66.331,60.0823,506.0719,0.79538
2025-12-18 10:49:59,4332.86,66.331,60.0823,506.0719,0.79538
2025-12-18 10:49:59,4332.86,66.331,60.0823,506.0719,0.79538
2025-12-18 10:49:59,4332.86,66.331,60.0823,506.0719,0.79538
2025-12-18 10:49:59,4332.86,66.331,60.0823,506.0719,0.79538
2025-12-18 10:49:59,4332.86,66.331,60.0823,506.0719,0.79538
2025-12-18 10:50:00,4332.86,66.337,60.0823,506.0719,0.79538
2025-12-18 10:50:00,4332.9,66.337,60.0823,506.0719,0.79538
2025-12-18 10:50:01,4332.85,66.337,60.0823,506.0719,0.79538
2025-12-18 10:50:01,4332.85,66.337,60.0823,506.0719,0.79538
2025-12-18 10:50:01,4332.9,66.337,60.0823,506.0719,0.79538
2025-12-18 10:50:01,4332.9,66.337,60.0823,506.0719,0.79538
2025-12-18 10:50:01,4332.9,66.337,60.0823,506.0719,0.79538
2025-12-18 10:50:01,4332.9,66.337,60.0823,506.0719,0.79538
2025-12-18 10:50:02,4332.9,66.3345,60.0823,506.0719,0.79538
2025-12-18 10:50:02,4332.9,66.3345,60.0823,506.0719,0.79538
2025-12-18 10:50:02,4332.85,66.3345,60.0823,506.0719,0.79538
2025-12-18 10:50:02,4332.85,66.3345,60.0823,506.0719,0.79538
2025-12-18 10:50:02,4332.88,66.3345,60.0823,506.0719,0.79538
2025-12-18 10:50:02,4332.88,66.3345,60.0823,506.0719,0.79538
2025-12-18 10:50:02,4332.88,66.3345,60.0823,506.0719,0.79538
2025-12-18 10:50:02,4332.88,66.3345,60.0823,506.0719,0.79538
2025-12-18 10:50:02,4332.88,66.3345,60.0823,506.0719,0.79538
2025-12-18 10:50:02,4332.89,66.3345,60.0823,506.0719,0.79538
2025-12-18 10:50:03,4332.89,66.3345,60.0823,506.0719,0.79538
2025-12-18 10:50:03,4332.89,66.3345,60.0823,506.0719,0.79538
2025-12-18 10:50:03,4332.94,66.3345,60.0823,506.0719,0.79538
2025-12-18 10:50:04,4332.94,66.3345,60.0823,506.0719,0.79538
2025-12-18 10:50:04,4332.94,66.3345,60.0823,506.0719,0.79538
2025-12-18 10:50:04,4332.93,66.3345,60.0823,506.0719,0.79538
2025-12-18 10:50:04,4332.93,66.335,60.0823,506.0719,0.79538
2025-12-18 10:50:05,4332.93,66.335,60.0823,506.0719,0.79538
2025-12-18 10:50:05,4332.93,66.335,60.0823,506.0719,0.79538
2025-12-18 10:50:05,4332.93,66.335,60.0823,506.0719,0.79538
2025-12-18 10:50:05,4332.93,66.335,60.0823,506.0719,0.79538
2025-12-18 10:50:05,4332.93,66.335,60.0823,506.0719,0.79536
2025-12-18 10:50:05,4332.93,66.3435,60.0823,506.0719,0.79536
2025-12-18 10:50:06,4333.01,66.3435,60.0823,506.0719,0.79536
2025-12-18 10:50:07,4333.01,66.3435,60.0823,506.0719,0.79536
2025-12-18 10:50:07,4333.01,66.3435,60.0823,506.0719,0.79536
2025-12-18 10:50:07,4333.01,66.3435,60.0823,506.0719,0.79536
2025-12-18 10:50:07,4333.01,66.3435,60.0823,506.0719,0.79536
2025-12-18 10:50:07,4333.01,66.3435,60.0823,506.0719,0.79536
2025-12-18 10:50:07,4333.02,66.3435,60.0823,506.0719,0.79536
2025-12-18 10:50:07,4333.02,66.3435,60.0823,506.0719,0.79533
2025-12-18 10:50:07,4333.02,66.3435,60.0823,506.0719,0.79533
2025-12-18 10:50:07,4333.02,66.3435,60.0823,506.0719,0.79533
2025-12-18 10:50:07,4333.02,66.3435,60.0823,506.0719,0.79533
2025-12-18 10:50:07,4333.02,66.3435,60.0823,506.0719,0.79532
2025-12-18 10:50:07,4333.26,66.3435,60.0823,506.0719,0.79532
2025-12-18 10:50:08,4333.26,66.348,60.0823,506.0719,0.79532
2025-12-18 10:50:08,4333.26,66.348,60.0823,506.0719,0.79532
2025-12-18 10:50:08,4333.26,66.348,60.0823,506.0719,0.79532
2025-12-18 10:50:08,4333.26,66.348,60.0823,506.0719,0.79532
2025-12-18 10:50:08,4333.26,66.348,60.0823,506.0719,0.79532
2025-12-18 10:50:08,4333.26,66.348,60.0823,506.0719,0.79532
2025-12-18 10:50:09,4333.24,66.348,60.0823,506.0719,0.79532
2025-12-18 10:50:09,4333.24,66.348,60.0823,506.0719,0.79532
2025-12-18 10:50:09,4333.24,66.348,60.0823,506.0719,0.79532
2025-12-18 10:50:09,4333.24,66.3455,60.0823,506.0719,0.79532
2025-12-18 10:50:09,4333.15,66.3455,60.0823,506.0719,0.79532
2025-12-18 10:50:09,4333.15,66.3455,60.0823,506.0719,0.79532
2025-12-18 10:50:09,4333.15,66.3455,60.0823,506.0719,0.79532
2025-12-18 10:50:10,4333.15,66.3455,60.0823,506.0719,0.79532
2025-12-18 10:50:10,4333.15,66.3455,60.0823,506.0719,0.79532
2025-12-18 10:50:10,4333.12,66.3455,60.0823,506.0719,0.79532
2025-12-18 10:50:10,4333.12,66.3455,60.0823,506.0719,0.79532
2025-12-18 10:50:11,4333.12,66.3455,60.0823,506.0719,0.79532
2025-12-18 10:50:11,4333.12,66.3455,60.0823,506.0719,0.79532
2025-12-18 10:50:11,4333.12,66.3455,60.0823,506.0719,0.79532
2025-12-18 10:50:11,4333.12,66.3455,60.0823,506.0719,0.79532
2025-12-18 10:50:11,4333.12,66.3345,60.0823,506.0719,0.79532
2025-12-18 10:50:11,4333.04,66.3345,60.0823,506.0719,0.79532
2025-12-18 10:50:12,4333.04,66.3345,60.0823,506.0719,0.79532
2025-12-18 10:50:12,4333.04,66.3345,60.0823,506.0719,0.79532
2025-12-18 10:50:12,4333.04,66.3345,60.0823,506.0719,0.79532
2025-12-18 10:50:12,4333.04,66.3345,60.0823,506.0719,0.79532
2025-12-18 10:50:12,4333.04,66.3355,60.0823,506.0719,0.79532
2025-12-18 10:50:12,4333.09,66.3355,60.0823,506.0719,0.79532
2025-12-18 10:50:13,4333.09,66.3355,60.0823,506.0719,0.79532
2025-12-18 10:50:13,4333.09,66.3355,60.0823,506.0719,0.79532
2025-12-18 10:50:13,4333.09,66.3355,60.0823,506.0719,0.79532
2025-12-18 10:50:13,4333.09,66.3355,60.0823,506.0719,0.79532
2025-12-18 10:50:13,4333.1,66.3355,60.0823,506.0719,0.79532
2025-12-18 10:50:14,4333.1,66.3355,60.0823,506.0719,0.79532
2025-12-18 10:50:14,4333.1,66.3355,60.0823,506.0719,0.79532
2025-12-18 10:50:14,4333.1,66.3385,60.0823,506.0719,0.79532
2025-12-18 10:50:14,4333.05,66.3385,60.0823,506.0719,0.79532
2025-12-18 10:50:15,4333.05,66.3385,60.0823,506.0719,0.79532
2025-12-18 10:50:15,4333.05,66.3385,60.0823,506.0719,0.79532
2025-12-18 10:50:15,4333.05,66.3385,60.0823,506.0719,0.79532
2025-12-18 10:50:15,4333.05,66.3385,60.0823,506.0719,0.79532
2025-12-18 10:50:15,4333.11,66.3385,60.0823,506.0719,0.79532
2025-12-18 10:50:15,4333.11,66.338,60.0823,506.0719,0.79532
2025-12-18 10:50:16,4333.11,66.338,60.0823,506.0719,0.79532
2025-12-18 10:50:16,4333.11,66.338,60.0823,506.0719,0.79532
2025-12-18 10:50:16,4333.11,66.338,60.0823,506.0719,0.79532
2025-12-18 10:50:16,4333.11,66.338,60.0823,506.0719,0.79532
2025-12-18 10:50:16,4333.11,66.338,60.0823,506.0719,0.79532
2025-12-18 10:50:17,4333.11,66.338,60.0823,506.0719,0.79532
2025-12-18 10:50:17,4333.11,66.338,60.0823,506.0719,0.79532
2025-12-18 10:50:17,4333.11,66.346,60.0823,506.0719,0.79532
2025-12-18 10:50:17,4333.2,66.346,60.0823,506.0719,0.79532
2025-12-18 10:50:18,4333.2,66.346,60.0823,506.0719,0.79532
2025-12-18 10:50:18,4333.2,66.346,60.0823,506.0719,0.79532
2025-12-18 10:50:18,4333.2,66.346,60.0823,506.0719,0.79532
2025-12-18 10:50:18,4333.2,66.346,60.0823,506.0719,0.79532
2025-12-18 10:50:18,4333.2,66.346,60.0919,506.0719,0.79532
2025-12-18 10:50:18,4333.21,66.346,60.0919,506.0719,0.79532
2025-12-18 10:50:18,4333.21,66.3485,60.0919,506.0719,0.79532
2025-12-18 10:50:18,4333.21,66.3485,60.0919,506.0719,0.79532
2025-12-18 10:50:18,4333.21,66.3485,60.0919,506.0719,0.79532
2025-12-18 10:50:18,4333.21,66.3485,60.0919,506.0719,0.79532
2025-12-18 10:50:19,4333.21,66.3485,60.0919,506.0719,0.79532
2025-12-18 10:50:19,4333.21,66.3485,60.0919,506.0719,0.79532
2025-12-18 10:50:19,4333.21,66.3485,60.0919,506.0719,0.79532
2025-12-18 10:50:19,4333.2,66.3485,60.0919,506.0719,0.79532
2025-12-18 10:50:19,4333.2,66.353,60.0919,506.0719,0.79532
2025-12-18 10:50:20,4333.2,66.353,60.0919,506.0719,0.79532
2025-12-18 10:50:20,4333.2,66.353,60.0919,506.0719,0.79532
2025-12-18 10:50:20,4333.2,66.353,60.0919,506.0719,0.79532
2025-12-18 10:50:20,4333.2,66.353,60.0919,506.0719,0.79532
2025-12-18 10:50:20,4333.2,66.3525,60.0919,506.0719,0.79532
2025-12-18 10:50:20,4333.3,66.3525,60.0919,506.0719,0.79532
2025-12-18 10:50:21,4333.3,66.3525,60.0919,506.0719,0.79532
2025-12-18 10:50:21,4333.3,66.3525,60.0919,506.0719,0.79532
2025-12-18 10:50:21,4333.3,66.3525,60.0919,506.0719,0.79532
2025-12-18 10:50:21,4333.3,66.3525,60.0919,506.0719,0.79532
2025-12-18 10:50:21,4333.3,66.3525,60.0919,506.0719,0.79533
2025-12-18 10:50:21,4333.24,66.3525,60.0919,506.0719,0.79533
2025-12-18 10:50:21,4333.24,66.3495,60.0919,506.0719,0.79533
2025-12-18 10:50:22,4333.24,66.3495,60.0919,506.0719,0.79533
2025-12-18 10:50:22,4333.24,66.3495,60.0919,506.0719,0.79533
2025-12-18 10:50:22,4333.24,66.3495,60.0919,506.0719,0.79533
2025-12-18 10:50:22,4333.24,66.3495,60.0919,506.0719,0.79533
2025-12-18 10:50:22,4333.24,66.3495,60.0919,506.0719,0.79533
2025-12-18 10:50:22,4333.23,66.3495,60.0919,506.0719,0.79533
2025-12-18 10:50:22,4333.23,66.3495,60.0919,506.0719,0.79533
2025-12-18 10:50:23,4333.23,66.3495,60.0919,506.0719,0.79533
2025-12-18 10:50:24,4333.23,66.3485,60.0919,506.0719,0.79533
2025-12-18 10:50:25,4333.23,66.3485,60.0919,506.0719,0.79533
2025-12-18 10:50:25,4333.23,66.3485,60.0919,506.0719,0.79533
2025-12-18 10:50:25,4333.19,66.3485,60.0919,506.0719,0.79533
2025-12-18 10:50:26,4333.19,66.3485,60.0919,506.0719,0.79533
2025-12-18 10:50:26,4333.19,66.3485,60.0919,506.0719,0.79533
2025-12-18 10:50:26,4333.13,66.3485,60.0919,506.0719,0.79533
2025-12-18 10:50:27,4333.13,66.3485,60.0919,506.0719,0.79533
2025-12-18 10:50:27,4333.13,66.3485,60.0919,506.0719,0.79533
2025-12-18 10:50:27,4333.19,66.3485,60.0919,506.0719,0.79533
2025-12-18 10:50:28,4333.19,66.3485,60.0919,506.0719,0.79533
2025-12-18 10:50:28,4333.19,66.3485,60.0919,506.0719,0.79533
2025-12-18 10:50:28,4333.19,66.3485,60.1026,506.0719,0.79533
2025-12-18 10:50:28,4333.18,66.3485,60.1026,506.0719,0.79533
2025-12-18 10:50:29,4333.18,66.3485,60.1026,506.0719,0.79533
2025-12-18 10:50:29,4333.18,66.3485,60.1026,506.0719,0.79533
2025-12-18 10:50:29,4333.18,66.3485,60.1026,506.0719,0.79533
2025-12-18 10:50:29,4333.18,66.3485,60.1026,506.0719,0.79533
2025-12-18 10:50:29,4333.18,66.3485,60.1026,506.0719,0.79533
2025-12-18 10:50:29,4333.15,66.3485,60.1026,506.0719,0.79533
2025-12-18 10:50:30,4333.15,66.3485,60.1026,506.0719,0.79533
2025-12-18 10:50:30,4333.15,66.3485,60.1026,506.0719,0.79533
2025-12-18 10:50:30,4333.15,66.3485,60.1026,506.0719,0.79533
2025-12-18 10:50:30,4333.15,66.3485,60.1026,506.0719,0.79533
2025-12-18 10:50:30,4333.14,66.3485,60.1026,506.0719,0.79533
2025-12-18 10:50:31,4333.14,66.3485,60.1026,506.0719,0.79533
2025-12-18 10:50:31,4333.14,66.3485,60.1026,506.0719,0.79533
2025-12-18 10:50:31,4333.14,66.35,60.1026,506.0719,0.79533
2025-12-18 10:50:31,4333.16,66.35,60.1026,506.0719,0.79533
2025-12-18 10:50:31,4333.16,66.35,60.1026,506.0719,0.79533
2025-12-18 10:50:32,4333.16,66.35,60.1026,506.0719,0.79533
2025-12-18 10:50:32,4333.16,66.35,60.1026,506.0719,0.79533
2025-12-18 10:50:32,4333.16,66.35,60.1026,506.0719,0.79533
2025-12-18 10:50:32,4333.12,66.35,60.1026,506.0719,0.79533
2025-12-18 10:50:33,4333.12,66.35,60.1026,506.0719,0.79533
2025-12-18 10:50:33,4333.12,66.35,60.1026,506.0719,0.79533
2025-12-18 10:50:33,4333.12,66.346,60.1026,506.0719,0.79533
2025-12-18 10:50:33,4333.11,66.346,60.1026,506.0719,0.79533
2025-12-18 10:50:34,4333.11,66.346,60.1026,506.0719,0.79533
2025-12-18 10:50:34,4333.11,66.346,60.1026,506.0719,0.79533
2025-12-18 10:50:34,4333.11,66.346,60.1026,506.0719,0.79533
2025-12-18 10:50:34,4333.11,66.346,60.1026,506.0719,0.79533
2025-12-18 10:50:34,4333.12,66.346,60.1026,506.0719,0.79533
2025-12-18 10:50:34,4333.12,66.3455,60.1026,506.0719,0.79533
2025-12-18 10:50:34,4333.12,66.3455,60.1026,506.0719,0.79533
2025-12-18 10:50:34,4333.12,66.3455,60.1026,506.0719,0.79533
2025-12-18 10:50:35,4333.12,66.3455,60.1026,506.0719,0.79533
2025-12-18 10:50:35,4333.12,66.3455,60.1026,506.0719,0.79533
2025-12-18 10:50:35,4333.12,66.3455,60.1026,506.0719,0.79533
2025-12-18 10:50:35,4333.12,66.343,60.1026,506.0719,0.79533
2025-12-18 10:50:36,4333.12,66.343,60.1026,506.0719,0.79533
2025-12-18 10:50:36,4333.12,66.343,60.1026,506.0719,0.79533
2025-12-18 10:50:36,4333.12,66.343,60.1026,506.0719,0.79533
2025-12-18 10:50:36,4333.12,66.343,60.1026,506.0719,0.79533
2025-12-18 10:50:36,4333.12,66.3435,60.1026,506.0719,0.79533
2025-12-18 10:50:36,4333.19,66.3435,60.1026,506.0719,0.79533
2025-12-18 10:50:37,4333.19,66.3435,60.1026,506.0719,0.79533
2025-12-18 10:50:37,4333.19,66.3435,60.1026,506.0719,0.79533
2025-12-18 10:50:37,4333.19,66.3435,60.1026,506.0719,0.79533
2025-12-18 10:50:37,4333.19,66.3435,60.1026,506.0719,0.79533
2025-12-18 10:50:37,4333.19,66.3385,60.1026,506.0719,0.79533
2025-12-18 10:50:38,4333.19,66.3385,60.1026,506.0719,0.79533
2025-12-18 10:50:38,4333.19,66.3385,60.1026,506.0719,0.79533
2025-12-18 10:50:39,4333.19,66.3385,60.1026,506.0719,0.79533
2025-12-18 10:50:39,4333.19,66.3435,60.1026,506.0719,0.79533
2025-12-18 10:50:39,4333.19,66.3435,60.1026,506.0719,0.79533
2025-12-18 10:50:39,4333.19,66.3435,60.1026,506.0719,0.79533
2025-12-18 10:50:40,4333.19,66.3435,60.1026,506.0719,0.79533
2025-12-18 10:50:40,4333.19,66.3435,60.1026,506.0719,0.79533
2025-12-18 10:50:40,4333.19,66.343,60.1026,506.0719,0.79533
2025-12-18 10:50:40,4333.18,66.343,60.1026,506.0719,0.79533
2025-12-18 10:50:40,4333.18,66.343,60.1026,506.0719,0.79533
2025-12-18 10:50:40,4333.18,66.343,60.1026,506.0719,0.79533
2025-12-18 10:50:40,4333.18,66.343,60.1026,506.0719,0.79533
2025-12-18 10:50:40,4333.18,66.343,60.1026,506.0719,0.79533
2025-12-18 10:50:41,4333.19,66.343,60.1026,506.0719,0.79533
2025-12-18 10:50:42,4333.19,66.343,60.1026,506.0719,0.79533
2025-12-18 10:50:42,4333.19,66.343,60.1026,506.0719,0.79533
2025-12-18 10:50:42,4333.19,66.343,60.0921,506.0719,0.79533
2025-12-18 10:50:42,4333.17,66.343,60.0921,506.0719,0.79533
2025-12-18 10:50:42,4333.17,66.343,60.0921,506.0719,0.79533
2025-12-18 10:50:43,4333.17,66.343,60.0921,506.0719,0.79533
2025-12-18 10:50:43,4333.17,66.343,60.0921,506.0719,0.79533
2025-12-18 10:50:43,4333.17,66.343,60.0921,506.0719,0.79533
2025-12-18 10:50:43,4333.19,66.343,60.0921,506.0719,0.79533
2025-12-18 10:50:43,4333.19,66.343,60.0921,506.0719,0.79533
2025-12-18 10:50:44,4333.19,66.343,60.0921,506.0719,0.79533
2025-12-18 10:50:44,4333.19,66.343,60.0921,506.0719,0.79533
2025-12-18 10:50:45,4333.19,66.343,60.0921,506.0719,0.79533
2025-12-18 10:50:45,4333.19,66.343,60.0921,506.0719,0.79533
2025-12-18 10:50:45,4333.19,66.344,60.0921,506.0719,0.79533
2025-12-18 10:50:45,4333.28,66.344,60.0921,506.0719,0.79533
2025-12-18 10:50:46,4333.28,66.344,60.0921,506.0719,0.79533
2025-12-18 10:50:46,4333.28,66.344,60.0921,506.0719,0.79533
2025-12-18 10:50:46,4333.28,66.344,60.0921,506.0719,0.79533
2025-12-18 10:50:46,4333.28,66.344,60.0921,506.0719,0.79533
2025-12-18 10:50:46,4333.2,66.344,60.0921,506.0719,0.79533
2025-12-18 10:50:46,4333.2,66.344,60.0921,506.0719,0.79533
2025-12-18 10:50:47,4333.2,66.344,60.0921,506.0719,0.79533
2025-12-18 10:50:47,4333.24,66.344,60.0921,506.0719,0.79533
2025-12-18 10:50:48,4333.24,66.344,60.0921,506.0719,0.79533
2025-12-18 10:50:48,4333.24,66.344,60.0921,506.0719,0.79533
2025-12-18 10:50:48,4333.24,66.335,60.0921,506.0719,0.79533
2025-12-18 10:50:48,4333.19,66.335,60.0921,506.0719,0.79533
2025-12-18 10:50:49,4333.19,66.335,60.0921,506.0719,0.79533
2025-12-18 10:50:49,4333.19,66.335,60.0921,506.0719,0.79533
2025-12-18 10:50:49,4333.19,66.335,60.0921,506.0719,0.79533
2025-12-18 10:50:49,4333.19,66.335,60.0921,506.0719,0.79533
2025-12-18 10:50:49,4333.19,66.3355,60.0921,506.0719,0.79533
2025-12-18 10:50:49,4333.16,66.3355,60.0921,506.0719,0.79533
2025-12-18 10:50:50,4333.16,66.3355,60.0921,506.0719,0.79533
2025-12-18 10:50:50,4333.16,66.3355,60.0921,506.0719,0.79533
2025-12-18 10:50:50,4333.16,66.3355,60.0921,506.0719,0.79533
2025-12-18 10:50:50,4333.16,66.3355,60.0921,506.0719,0.79533
2025-12-18 10:50:50,4333.15,66.3355,60.0921,506.0719,0.79533
2025-12-18 10:50:51,4333.15,66.3355,60.0921,506.0719,0.79533
2025-12-18 10:50:51,4333.15,66.3355,60.0921,506.0719,0.79533
2025-12-18 10:50:51,4333.15,66.343,60.0921,506.0719,0.79533
2025-12-18 10:50:51,4333.23,66.343,60.0921,506.0719,0.79533
2025-12-18 10:50:52,4333.23,66.343,60.0921,506.0719,0.79533
2025-12-18 10:50:52,4333.23,66.343,60.0921,506.0719,0.79533
2025-12-18 10:50:52,4333.23,66.343,60.0921,506.0719,0.79533
2025-12-18 10:50:52,4333.23,66.343,60.0921,506.0719,0.79533
2025-12-18 10:50:53,4333.23,66.3435,60.0921,506.0719,0.79533
2025-12-18 10:50:54,4333.23,66.3435,60.0921,506.0719,0.79533
2025-12-18 10:50:54,4333.23,66.3435,60.0921,506.0719,0.79533
2025-12-18 10:50:54,4333.2,66.3435,60.0921,506.0719,0.79533
2025-12-18 10:50:55,4333.2,66.3435,60.0921,506.0719,0.79533
2025-12-18 10:50:55,4333.2,66.3435,60.0921,506.0719,0.79533
2025-12-18 10:50:55,4333.2,66.3455,60.0921,506.0719,0.79533
2025-12-18 10:50:55,4333.2,66.3455,60.0921,506.0719,0.79533
2025-12-18 10:50:56,4333.2,66.3455,60.0921,506.0719,0.79533
2025-12-18 10:51:00,4333.2,66.3395,60.0921,506.0719,0.79533
2025-12-18 10:51:00,4332.98,66.3395,60.0921,506.0719,0.79533
2025-12-18 10:51:00,4332.98,66.3395,60.0921,506.0719,0.79533
2025-12-18 10:51:00,4332.98,66.3395,60.0921,506.0719,0.79533
2025-12-18 10:51:00,4332.98,66.3395,60.0921,506.0719,0.79533
2025-12-18 10:51:00,4332.98,66.3395,60.0921,506.0719,0.79533
2025-12-18 10:51:00,4332.98,66.354,60.0921,506.0719,0.79533
2025-12-18 10:51:00,4332.99,66.354,60.0921,506.0719,0.79533
2025-12-18 10:51:01,4332.99,66.354,60.0921,506.0719,0.79533
2025-12-18 10:51:01,4332.99,66.354,60.0921,506.0719,0.79533
2025-12-18 10:51:01,4332.99,66.354,60.0921,506.0719,0.79533
2025-12-18 10:51:01,4332.99,66.354,60.0921,506.0719,0.79533
2025-12-18 10:51:01,4332.99,66.356,60.0921,506.0719,0.79533
2025-12-18 10:51:01,4332.98,66.356,60.0921,506.0719,0.79533
2025-12-18 10:51:02,4332.98,66.356,60.0921,506.0719,0.79533
2025-12-18 10:51:02,4332.98,66.356,60.0921,506.0719,0.79533
2025-12-18 10:51:02,4332.98,66.356,60.0921,506.0719,0.79533
2025-12-18 10:51:02,4332.98,66.356,60.0921,506.0719,0.79533
2025-12-18 10:51:03,4333.02,66.356,60.0921,506.0719,0.79533
2025-12-18 10:51:03,4333.02,66.3565,60.0921,506.0719,0.79533
2025-12-18 10:51:04,4333.02,66.3565,60.0921,506.0719,0.79533
2025-12-18 10:51:04,4333.02,66.3565,60.0921,506.0719,0.79533
2025-12-18 10:51:04,4333.02,66.3565,60.0921,506.0719,0.79533
2025-12-18 10:51:04,4333.02,66.3565,60.0921,506.0719,0.79533
2025-12-18 10:51:04,4333.02,66.356,60.0921,506.0719,0.79533
2025-12-18 10:51:04,4333.11,66.356,60.0921,506.0719,0.79533
2025-12-18 10:51:05,4333.11,66.356,60.0921,506.0719,0.79533
2025-12-18 10:51:05,4333.11,66.356,60.0921,506.0719,0.79533
2025-12-18 10:51:05,4333.11,66.356,60.0921,506.0719,0.79533
2025-12-18 10:51:05,4333.11,66.356,60.0921,506.0719,0.79533
2025-12-18 10:51:05,4333.11,66.3565,60.0921,506.0719,0.79533
2025-12-18 10:51:06,4333.11,66.3565,60.0921,506.0719,0.79533
2025-12-18 10:51:06,4333.11,66.3565,60.0921,506.0719,0.79533
2025-12-18 10:51:06,4333.15,66.3565,60.0921,506.0719,0.79533
2025-12-18 10:51:06,4333.15,66.3565,60.0921,506.0719,0.79533
2025-12-18 10:51:07,4333.15,66.3565,60.0921,506.0719,0.79533
2025-12-18 10:51:09,4333.13,66.3565,60.0921,506.0719,0.79533
2025-12-18 10:51:09,4333.13,66.36,60.0921,506.0719,0.79533
2025-12-18 10:51:09,4333.13,66.36,60.0921,506.0719,0.79533
2025-12-18 10:51:09,4333.13,66.36,60.0921,506.0719,0.79533
2025-12-18 10:51:09,4333.13,66.36,60.0921,506.0719,0.79533
2025-12-18 10:51:09,4333.13,66.36,60.0921,506.0719,0.79533
2025-12-18 10:51:09,4333.13,66.36,60.0921,506.0719,0.7953
2025-12-18 10:51:09,4333.2,66.36,60.0921,506.0719,0.7953
2025-12-18 10:51:09,4333.2,66.3605,60.0921,506.0719,0.7953
2025-12-18 10:51:10,4333.2,66.3605,60.0921,506.0719,0.7953
2025-12-18 10:51:10,4333.2,66.3605,60.0921,506.0719,0.7953
2025-12-18 10:51:10,4333.2,66.3605,60.0921,506.0719,0.7953
2025-12-18 10:51:10,4333.2,66.3605,60.0921,506.0719,0.7953
2025-12-18 10:51:10,4333.2,66.3605,60.0921,506.0719,0.7953
2025-12-18 10:51:10,4333.2,66.3605,60.0921,506.0719,0.7953
2025-12-18 10:51:11,4333.2,66.3605,60.0921,506.0719,0.7953
2025-12-18 10:51:11,4333.2,66.3605,60.0921,506.0719,0.7953
2025-12-18 10:51:11,4333.2,66.363,60.0921,506.0719,0.7953
2025-12-18 10:51:11,4333.2,66.363,60.0921,506.0719,0.7953
2025-12-18 10:51:12,4333.2,66.363,60.0921,506.0719,0.7953
2025-12-18 10:51:12,4333.2,66.363,60.0921,506.0719,0.7953
2025-12-18 10:51:12,4333.2,66.363,60.0921,506.0719,0.7953
2025-12-18 10:51:12,4333.2,66.363,60.0921,506.0719,0.7953
2025-12-18 10:51:20,4333.18,66.363,60.0921,506.0719,0.7953
2025-12-18 10:51:21,4333.18,66.363,60.0921,506.0719,0.7953
2025-12-18 10:51:21,4333.18,66.363,60.0921,506.0719,0.7953
2025-12-18 10:51:21,4333.3,66.363,60.0921,506.0719,0.7953
2025-12-18 10:51:21,4333.3,66.363,60.1017,506.0719,0.7953
2025-12-18 10:51:21,4333.3,66.3655,60.1017,506.0719,0.7953
2025-12-18 10:51:22,4333.3,66.3655,60.1017,506.0719,0.7953
2025-12-18 10:51:22,4333.3,66.3655,60.1017,506.0719,0.7953
2025-12-18 10:51:22,4333.3,66.3655,60.1017,506.0719,0.7953
2025-12-18 10:51:22,4333.3,66.3655,60.1017,506.0719,0.7953
2025-12-18 10:51:22,4333.3,66.3655,60.1017,506.0719,0.7953
2025-12-18 10:51:22,4333.3,66.3655,60.1017,506.0719,0.7953
2025-12-18 10:51:22,4333.3,66.3665,60.1017,506.0719,0.7953
2025-12-18 10:51:22,4333.29,66.3665,60.1017,506.0719,0.7953
2025-12-18 10:51:23,4333.29,66.3665,60.1017,506.0719,0.7953
2025-12-18 10:51:23,4333.29,66.3665,60.1017,506.0719,0.7953
2025-12-18 10:51:23,4333.29,66.3665,60.1017,506.0719,0.7953
2025-12-18 10:51:23,4333.29,66.3665,60.1017,506.0719,0.7953
2025-12-18 10:51:23,4333.29,66.3665,60.1023,506.0719,0.7953
2025-12-18 10:51:23,4333.27,66.3665,60.1023,506.0719,0.7953
2025-12-18 10:51:23,4333.27,66.3745,60.1023,506.0719,0.7953
2025-12-18 10:51:24,4333.27,66.3745,60.1023,506.0719,0.7953
2025-12-18 10:51:24,4333.27,66.3745,60.1023,506.0719,0.7953
2025-12-18 10:51:24,4333.27,66.3745,60.1023,506.0719,0.7953
2025-12-18 10:51:24,4333.27,66.3745,60.1023,506.0719,0.7953
2025-12-18 10:51:24,4333.27,66.3745,60.1023,506.0719,0.7953
2025-12-18 10:51:24,4333.27,66.3745,60.1023,506.0719,0.7953
2025-12-18 10:51:24,4333.27,66.373,60.1023,506.0719,0.7953
2025-12-18 10:51:24,4333.29,66.373,60.1023,506.0719,0.7953
2025-12-18 10:51:24,4333.29,66.373,60.1023,506.0719,0.7953
2025-12-18 10:51:24,4333.29,66.373,60.1023,506.0719,0.7953
2025-12-18 10:51:25,4333.29,66.373,60.1023,506.0719,0.7953
2025-12-18 10:51:25,4333.29,66.373,60.1023,506.0719,0.7953
2025-12-18 10:51:25,4333.2,66.373,60.1023,506.0719,0.7953
2025-12-18 10:51:25,4333.2,66.373,60.1115,506.0719,0.7953
2025-12-18 10:51:25,4333.2,66.3705,60.1115,506.0719,0.7953
2025-12-18 10:51:26,4333.2,66.3705,60.1115,506.0719,0.7953
2025-12-18 10:51:26,4333.2,66.3705,60.1115,506.0719,0.7953
2025-12-18 10:51:26,4333.2,66.3705,60.1115,506.0719,0.7953
2025-12-18 10:51:26,4333.2,66.3705,60.1115,506.0719,0.7953
2025-12-18 10:51:26,4333.2,66.3705,60.1115,506.0719,0.7953
2025-12-18 10:51:26,4333.2,66.3705,60.1115,506.0719,0.7953
2025-12-18 10:51:26,4333.26,66.3705,60.1115,506.0719,0.7953
2025-12-18 10:51:26,4333.26,66.37,60.1115,506.0719,0.7953
2025-12-18 10:51:27,4333.26,66.37,60.1115,506.0719,0.7953
2025-12-18 10:51:27,4333.26,66.37,60.1115,506.0719,0.7953
2025-12-18 10:51:27,4333.26,66.37,60.1115,506.0719,0.7953
2025-12-18 10:51:27,4333.26,66.37,60.1115,506.0719,0.7953
2025-12-18 10:51:27,4333.22,66.37,60.1115,506.0719,0.7953
2025-12-18 10:51:28,4333.22,66.37,60.1115,506.0719,0.7953
2025-12-18 10:51:28,4333.22,66.37,60.1115,506.0719,0.7953
2025-12-18 10:51:28,4332.86,66.37,60.1115,506.0719,0.7953
2025-12-18 10:51:28,4332.86,66.3685,60.1115,506.0719,0.7953
2025-12-18 10:51:28,4332.86,66.3685,60.1115,506.0719,0.7953
2025-12-18 10:51:28,4332.86,66.3685,60.1115,506.0719,0.7953
2025-12-18 10:51:29,4332.86,66.3685,60.1115,506.0719,0.7953
2025-12-18 10:51:29,4332.86,66.3685,60.1115,506.0719,0.7953
2025-12-18 10:51:29,4332.92,66.3685,60.1115,506.0719,0.7953
2025-12-18 10:51:29,4332.92,66.365,60.1115,506.0719,0.7953
2025-12-18 10:51:30,4332.92,66.365,60.1115,506.0719,0.7953
2025-12-18 10:51:30,4332.92,66.365,60.1115,506.0719,0.7953
2025-12-18 10:51:30,4332.92,66.365,60.1115,506.0719,0.7953
2025-12-18 10:51:30,4332.92,66.365,60.1115,506.0719,0.7953
2025-12-18 10:51:30,4332.91,66.365,60.1115,506.0719,0.7953
2025-12-18 10:51:30,4332.91,66.365,60.1115,506.0719,0.7953
2025-12-18 10:51:31,4332.91,66.365,60.1115,506.0719,0.7953
2025-12-18 10:51:31,4332.92,66.365,60.1115,506.0719,0.7953
2025-12-18 10:51:31,4332.92,66.366,60.1115,506.0719,0.7953
2025-12-18 10:51:32,4332.92,66.366,60.1115,506.0719,0.7953
2025-12-18 10:51:32,4332.92,66.366,60.1115,506.0719,0.7953
2025-12-18 10:51:32,4332.92,66.366,60.1115,506.0719,0.7953
2025-12-18 10:51:32,4332.92,66.366,60.1115,506.0719,0.7953
2025-12-18 10:51:32,4332.88,66.366,60.1115,506.0719,0.7953
2025-12-18 10:51:32,4332.88,66.371,60.1115,506.0719,0.7953
2025-12-18 10:51:33,4332.88,66.371,60.1115,506.0719,0.7953
2025-12-18 10:51:33,4332.88,66.371,60.1115,506.0719,0.7953
2025-12-18 10:51:33,4332.88,66.371,60.1115,506.0719,0.7953
2025-12-18 10:51:33,4332.88,66.371,60.1115,506.0719,0.7953
2025-12-18 10:51:33,4332.85,66.371,60.1115,506.0719,0.7953
2025-12-18 10:51:33,4332.85,66.369,60.1115,506.0719,0.7953
2025-12-18 10:51:34,4332.85,66.369,60.1115,506.0719,0.7953
2025-12-18 10:51:34,4332.85,66.369,60.1115,506.0719,0.7953
2025-12-18 10:51:34,4332.85,66.369,60.1115,506.0719,0.7953
2025-12-18 10:51:34,4332.85,66.369,60.1115,506.0719,0.7953
2025-12-18 10:51:34,4332.8,66.369,60.1115,506.0719,0.7953
2025-12-18 10:51:34,4332.8,66.369,60.1115,506.0719,0.7953
2025-12-18 10:51:35,4332.8,66.369,60.1115,506.0719,0.7953
2025-12-18 10:51:35,4332.84,66.369,60.1115,506.0719,0.7953
2025-12-18 10:51:35,4332.84,66.3735,60.1115,506.0719,0.7953
2025-12-18 10:51:36,4332.84,66.3735,60.1115,506.0719,0.7953
2025-12-18 10:51:36,4332.84,66.3735,60.1115,506.0719,0.7953
2025-12-18 10:51:36,4332.84,66.3735,60.1115,506.0719,0.7953
2025-12-18 10:51:36,4332.84,66.3735,60.1115,506.0719,0.7953
2025-12-18 10:51:36,4332.81,66.3735,60.1115,506.0719,0.7953
2025-12-18 10:51:36,4332.81,66.373,60.1115,506.0719,0.7953
2025-12-18 10:51:37,4332.81,66.373,60.1115,506.0719,0.7953
2025-12-18 10:51:37,4332.81,66.373,60.1115,506.0719,0.7953
2025-12-18 10:51:37,4332.81,66.373,60.1115,506.0719,0.7953
2025-12-18 10:51:37,4332.81,66.373,60.1115,506.0719,0.7953
2025-12-18 10:51:37,4332.81,66.3715,60.1115,506.0719,0.7953
2025-12-18 10:51:37,4332.81,66.3715,60.1115,506.0719,0.7953
2025-12-18 10:51:38,4332.81,66.3715,60.1115,506.0719,0.7953
2025-12-18 10:51:38,4332.81,66.3715,60.1115,506.0719,0.7953
2025-12-18 10:51:38,4332.81,66.3715,60.1115,506.0719,0.7953
2025-12-18 10:51:38,4332.81,66.3715,60.1115,506.0719,0.7953
2025-12-18 10:51:39,4332.85,66.3715,60.1115,506.0719,0.7953
2025-12-18 10:51:39,4332.85,66.371,60.1115,506.0719,0.7953
2025-12-18 10:51:40,4332.85,66.371,60.1115,506.0719,0.7953
2025-12-18 10:51:40,4332.85,66.371,60.1115,506.0719,0.7953
2025-12-18 10:51:40,4332.85,66.371,60.1115,506.0719,0.7953
2025-12-18 10:51:40,4332.85,66.371,60.1115,506.0719,0.7953
2025-12-18 10:51:40,4332.9,66.371,60.1115,506.0719,0.7953
2025-12-18 10:51:40,4332.9,66.369,60.1115,506.0719,0.7953
2025-12-18 10:51:41,4332.9,66.369,60.1115,506.0719,0.7953
2025-12-18 10:51:41,4332.9,66.369,60.1115,506.0719,0.7953
2025-12-18 10:51:41,4332.9,66.369,60.1115,506.0719,0.7953
2025-12-18 10:51:41,4332.9,66.369,60.1115,506.0719,0.7953
2025-12-18 10:51:41,4333.19,66.369,60.1115,506.0719,0.7953
2025-12-18 10:51:41,4333.19,66.371,60.1115,506.0719,0.7953
2025-12-18 10:51:42,4333.19,66.371,60.1115,506.0719,0.7953
2025-12-18 10:51:42,4333.19,66.371,60.1115,506.0719,0.7953
2025-12-18 10:51:42,4333.19,66.371,60.1115,506.0719,0.7953
2025-12-18 10:51:42,4333.19,66.371,60.1115,506.0719,0.7953
2025-12-18 10:51:43,4333.18,66.371,60.1115,506.0719,0.7953
2025-12-18 10:51:44,4333.18,66.371,60.1115,506.0719,0.7953
2025-12-18 10:51:44,4333.18,66.371,60.1115,506.0719,0.7953
2025-12-18 10:51:46,4333.3,66.371,60.1115,506.0719,0.7953
2025-12-18 10:51:46,4333.3,66.3765,60.1115,506.0719,0.7953
2025-12-18 10:51:47,4333.3,66.3765,60.1115,506.0719,0.7953
2025-12-18 10:51:47,4333.3,66.3765,60.1115,506.0719,0.7953
2025-12-18 10:51:47,4333.3,66.3765,60.1115,506.0719,0.7953
2025-12-18 10:51:47,4333.3,66.3765,60.1115,506.0719,0.7953
2025-12-18 10:51:47,4333.3,66.371,60.1115,506.0719,0.7953
2025-12-18 10:51:47,4333.27,66.371,60.1115,506.0719,0.7953
2025-12-18 10:51:48,4333.27,66.371,60.1115,506.0719,0.7953
2025-12-18 10:51:48,4333.27,66.371,60.1115,506.0719,0.7953
2025-12-18 10:51:48,4333.27,66.371,60.1115,506.0719,0.7953
2025-12-18 10:51:48,4333.27,66.371,60.1115,506.0719,0.7953
2025-12-18 10:51:48,4333.27,66.38,60.1115,506.0719,0.7953
2025-12-18 10:51:48,4333.31,66.38,60.1115,506.0719,0.7953
2025-12-18 10:51:48,4333.31,66.38,60.1115,506.0719,0.7953
2025-12-18 10:51:48,4333.31,66.38,60.1115,506.0719,0.7953
2025-12-18 10:51:49,4333.31,66.38,60.1115,506.0719,0.7953
2025-12-18 10:51:49,4333.31,66.38,60.1115,506.0719,0.7953
2025-12-18 10:51:49,4333.34,66.38,60.1115,506.0719,0.7953
2025-12-18 10:51:50,4333.34,66.38,60.1115,506.0719,0.7953
2025-12-18 10:51:50,4333.34,66.38,60.1115,506.0719,0.7953
2025-12-18 10:51:50,4333.34,66.372,60.1115,506.0719,0.7953
2025-12-18 10:51:50,4333.22,66.372,60.1115,506.0719,0.7953
2025-12-18 10:51:51,4333.22,66.372,60.1115,506.0719,0.7953
2025-12-18 10:51:51,4333.22,66.372,60.1115,506.0719,0.7953
2025-12-18 10:51:51,4333.22,66.372,60.1115,506.0719,0.7953
2025-12-18 10:51:51,4333.22,66.372,60.1115,506.0719,0.7953
2025-12-18 10:51:51,4333.26,66.372,60.1115,506.0719,0.7953
2025-12-18 10:51:51,4333.26,66.372,60.1115,506.0719,0.7953
2025-12-18 10:51:52,4333.26,66.372,60.1115,506.0719,0.7953
2025-12-18 10:51:52,4333.32,66.372,60.1115,506.0719,0.7953
2025-12-18 10:51:52,4333.32,66.3775,60.1115,506.0719,0.7953
2025-12-18 10:51:53,4333.32,66.3775,60.1115,506.0719,0.7953
2025-12-18 10:51:53,4333.32,66.3775,60.1115,506.0719,0.7953
2025-12-18 10:51:53,4333.32,66.3775,60.1115,506.0719,0.7953
2025-12-18 10:51:53,4333.32,66.3775,60.1115,506.0719,0.7953
2025-12-18 10:51:53,4333.32,66.3775,60.1115,506.0719,0.7953
2025-12-18 10:51:53,4333.32,66.3775,60.1115,506.0719,0.7953
2025-12-18 10:51:54,4333.32,66.3775,60.1115,506.0719,0.7953
2025-12-18 10:51:54,4333.32,66.3775,60.1115,506.0719,0.7953
2025-12-18 10:51:54,4333.32,66.3775,60.1115,506.0719,0.7953
2025-12-18 10:51:54,4333.32,66.3775,60.1115,506.0719,0.7953
2025-12-18 10:51:54,4333.33,66.3775,60.1115,506.0719,0.7953
2025-12-18 10:51:55,4333.33,66.3775,60.1115,506.0719,0.7953
2025-12-18 10:51:55,4333.33,66.3775,60.1115,506.0719,0.7953
2025-12-18 10:51:55,4333.26,66.3775,60.1115,506.0719,0.7953
2025-12-18 10:51:55,4333.26,66.375,60.1115,506.0719,0.7953
2025-12-18 10:51:56,4333.26,66.375,60.1115,506.0719,0.7953
2025-12-18 10:51:56,4333.26,66.375,60.1115,506.0719,0.7953
2025-12-18 10:51:56,4333.26,66.375,60.1115,506.0719,0.7953
2025-12-18 10:51:56,4333.26,66.375,60.1115,506.0719,0.7953
2025-12-18 10:51:56,4333.26,66.375,60.1115,506.0719,0.7953
2025-12-18 10:51:57,4333.26,66.375,60.1115,506.0719,0.7953
2025-12-18 10:51:57,4333.26,66.375,60.1115,506.0719,0.7953
2025-12-18 10:51:57,4333.26,66.3735,60.1115,506.0719,0.7953
2025-12-18 10:51:57,4333.29,66.3735,60.1115,506.0719,0.7953
2025-12-18 10:51:58,4333.29,66.3735,60.1115,506.0719,0.7953
2025-12-18 10:51:58,4333.29,66.3735,60.1115,506.0719,0.7953
2025-12-18 10:51:58,4333.29,66.3735,60.1115,506.0719,0.7953
2025-12-18 10:51:58,4333.29,66.3735,60.1115,506.0719,0.7953
2025-12-18 10:51:59,4333.25,66.3735,60.1115,506.0719,0.7953
2025-12-18 10:51:59,4333.25,66.3735,60.1115,506.0719,0.7953
2025-12-18 10:51:59,4333.25,66.3735,60.1115,506.0719,0.7953
2025-12-18 10:52:00,4333.29,66.3735,60.1115,506.0719,0.7953
2025-12-18 10:52:00,4333.29,66.375,60.1115,506.0719,0.7953
2025-12-18 10:52:00,4333.29,66.375,60.1115,506.0719,0.7953
2025-12-18 10:52:00,4333.29,66.375,60.1115,506.0719,0.7953
2025-12-18 10:52:00,4333.29,66.375,60.1115,506.0719,0.7953
2025-12-18 10:52:00,4333.29,66.375,60.1115,506.0719,0.7953
2025-12-18 10:52:00,4333.29,66.375,60.1115,506.0719,0.7953
2025-12-18 10:52:01,4333.27,66.375,60.1115,506.0719,0.7953
2025-12-18 10:52:01,4333.27,66.375,60.1115,506.0719,0.7953
2025-12-18 10:52:01,4333.27,66.375,60.1115,506.0719,0.7953
2025-12-18 10:52:01,4333.27,66.375,60.1115,506.0719,0.7953
2025-12-18 10:52:01,4333.27,66.375,60.1115,506.0719,0.7953
2025-12-18 10:52:01,4333.28,66.375,60.1115,506.0719,0.7953
2025-12-18 10:52:02,4333.28,66.375,60.1115,506.0719,0.7953
2025-12-18 10:52:02,4333.28,66.375,60.1115,506.0719,0.7953
2025-12-18 10:52:02,4333.32,66.375,60.1115,506.0719,0.7953
2025-12-18 10:52:02,4333.32,66.37,60.1115,506.0719,0.7953
2025-12-18 10:52:03,4333.32,66.37,60.1115,506.0719,0.7953
2025-12-18 10:52:03,4333.32,66.37,60.1115,506.0719,0.7953
2025-12-18 10:52:03,4333.32,66.37,60.1115,506.0719,0.7953
2025-12-18 10:52:03,4333.32,66.37,60.1115,506.0719,0.7953
2025-12-18 10:52:03,4333.32,66.37,60.1115,506.0719,0.7953
2025-12-18 10:52:03,4333.32,66.37,60.1115,506.0719,0.7953
2025-12-18 10:52:04,4333.32,66.37,60.1115,506.0719,0.7953
2025-12-18 10:52:04,4333.32,66.37,60.1115,506.0719,0.7953
2025-12-18 10:52:05,4333.32,66.37,60.1115,506.0719,0.7953
2025-12-18 10:52:05,4333.32,66.37,60.1115,506.0719,0.7953
2025-12-18 10:52:05,4333.32,66.37,60.1115,506.0719,0.7953
2025-12-18 10:52:06,4333.32,66.37,60.1115,506.0719,0.7953
2025-12-18 10:52:06,4333.32,66.37,60.1115,506.0719,0.7953
2025-12-18 10:52:06,4333.32,66.359,60.1115,506.0719,0.7953
2025-12-18 10:52:06,4333.15,66.359,60.1115,506.0719,0.7953
2025-12-18 10:52:07,4333.15,66.359,60.1115,506.0719,0.7953
2025-12-18 10:52:07,4333.15,66.359,60.1115,506.0719,0.7953
2025-12-18 10:52:07,4333.15,66.359,60.1115,506.0719,0.7953
2025-12-18 10:52:07,4333.15,66.359,60.1115,506.0719,0.7953
2025-12-18 10:52:07,4333.16,66.359,60.1115,506.0719,0.7953
2025-12-18 10:52:08,4333.16,66.359,60.1115,506.0719,0.7953
2025-12-18 10:52:08,4333.16,66.359,60.1115,506.0719,0.7953
2025-12-18 10:52:09,4333.18,66.359,60.1115,506.0719,0.7953
2025-12-18 10:52:09,4333.18,66.365,60.1115,506.0719,0.7953
2025-12-18 10:52:09,4333.18,66.365,60.1115,506.0719,0.7953
2025-12-18 10:52:09,4333.18,66.365,60.1115,506.0719,0.7953
2025-12-18 10:52:09,4333.18,66.365,60.1115,506.0719,0.7953
2025-12-18 10:52:09,4333.18,66.365,60.1115,506.0719,0.7953
2025-12-18 10:52:09,4333.14,66.365,60.1115,506.0719,0.7953
2025-12-18 10:52:09,4333.14,66.365,60.1115,506.0719,0.7953
2025-12-18 10:52:10,4333.14,66.365,60.1115,506.0719,0.7953
2025-12-18 10:52:11,4333.14,66.365,60.1115,506.0719,0.7953
2025-12-18 10:52:11,4333.14,66.365,60.1115,506.0719,0.7953
2025-12-18 10:52:11,4333.14,66.365,60.1115,506.0719,0.7953
2025-12-18 10:52:11,4333.13,66.365,60.1115,506.0719,0.7953
2025-12-18 10:52:12,4333.13,66.365,60.1115,506.0719,0.7953
2025-12-18 10:52:12,4333.13,66.365,60.1115,506.0719,0.7953
2025-12-18 10:52:12,4333.22,66.365,60.1115,506.0719,0.7953
2025-12-18 10:52:13,4333.22,66.3725,60.1115,506.0719,0.7953
2025-12-18 10:52:13,4333.22,66.3725,60.1115,506.0719,0.7953
2025-12-18 10:52:13,4333.22,66.3725,60.1115,506.0719,0.7953
2025-12-18 10:52:13,4333.22,66.3725,60.1115,506.0719,0.7953
2025-12-18 10:52:13,4333.22,66.3725,60.1115,506.0719,0.7953
2025-12-18 10:52:13,4333.22,66.378,60.1115,506.0719,0.7953
2025-12-18 10:52:13,4333.26,66.378,60.1115,506.0719,0.7953
2025-12-18 10:52:14,4333.26,66.378,60.1115,506.0719,0.7953
2025-12-18 10:52:14,4333.26,66.378,60.1115,506.0719,0.7953
2025-12-18 10:52:14,4333.26,66.378,60.1115,506.0719,0.7953
2025-12-18 10:52:14,4333.26,66.378,60.1115,506.0719,0.7953
2025-12-18 10:52:14,4333.27,66.378,60.1115,506.0719,0.7953
2025-12-18 10:52:14,4333.27,66.379,60.1115,506.0719,0.7953
2025-12-18 10:52:15,4333.27,66.379,60.1115,506.0719,0.7953
2025-12-18 10:52:15,4333.27,66.379,60.1115,506.0719,0.7953
2025-12-18 10:52:15,4333.27,66.379,60.1115,506.0719,0.7953
2025-12-18 10:52:15,4333.27,66.379,60.1115,506.0719,0.7953
2025-12-18 10:52:15,4333.27,66.38,60.1115,506.0719,0.7953
2025-12-18 10:52:15,4333.23,66.38,60.1115,506.0719,0.7953
2025-12-18 10:52:16,4333.23,66.38,60.1115,506.0719,0.7953
2025-12-18 10:52:16,4333.23,66.38,60.1115,506.0719,0.7953
2025-12-18 10:52:16,4333.23,66.38,60.1115,506.0719,0.7953
2025-12-18 10:52:16,4333.23,66.38,60.1115,506.0719,0.7953
2025-12-18 10:52:16,4333.23,66.38,60.1115,506.0719,0.7953
2025-12-18 10:52:17,4333.23,66.38,60.1115,506.0719,0.7953
2025-12-18 10:52:17,4333.23,66.38,60.1115,506.0719,0.7953
2025-12-18 10:52:17,4333.03,66.38,60.1115,506.0719,0.7953
2025-12-18 10:52:17,4333.03,66.368,60.1115,506.0719,0.7953
2025-12-18 10:52:18,4333.03,66.368,60.1115,506.0719,0.7953
2025-12-18 10:52:18,4333.03,66.368,60.1115,506.0719,0.7953
2025-12-18 10:52:18,4333.03,66.368,60.1115,506.0719,0.7953
2025-12-18 10:52:18,4333.03,66.368,60.1115,506.0719,0.7953
2025-12-18 10:52:18,4333.03,66.367,60.1115,506.0719,0.7953
2025-12-18 10:52:18,4333.05,66.367,60.1115,506.0719,0.7953
2025-12-18 10:52:19,4333.05,66.367,60.1115,506.0719,0.7953
2025-12-18 10:52:19,4333.05,66.367,60.1115,506.0719,0.7953
2025-12-18 10:52:19,4333.05,66.367,60.1115,506.0719,0.7953
2025-12-18 10:52:19,4333.05,66.367,60.1115,506.0719,0.7953
2025-12-18 10:52:19,4333.07,66.367,60.1115,506.0719,0.7953
2025-12-18 10:52:20,4333.07,66.367,60.1115,506.0719,0.7953
2025-12-18 10:52:20,4333.07,66.367,60.1115,506.0719,0.7953
2025-12-18 10:52:20,4333.05,66.367,60.1115,506.0719,0.7953
2025-12-18 10:52:20,4333.05,66.3685,60.1115,506.0719,0.7953
2025-12-18 10:52:21,4333.05,66.3685,60.1115,506.0719,0.7953
2025-12-18 10:52:21,4333.05,66.3685,60.1115,506.0719,0.7953
2025-12-18 10:52:21,4333.05,66.3685,60.1115,506.0719,0.7953
2025-12-18 10:52:21,4333.05,66.3685,60.1115,506.0719,0.7953
2025-12-18 10:52:21,4333.05,66.3655,60.1115,506.0719,0.7953
2025-12-18 10:52:21,4333.07,66.3655,60.1115,506.0719,0.7953
2025-12-18 10:52:22,4333.07,66.3655,60.1115,506.0719,0.7953
2025-12-18 10:52:22,4333.07,66.3655,60.1115,506.0719,0.7953
2025-12-18 10:52:22,4333.07,66.3655,60.1115,506.0719,0.7953
2025-12-18 10:52:22,4333.07,66.3655,60.1115,506.0719,0.7953
2025-12-18 10:52:23,4333.07,66.368,60.1115,506.0719,0.7953
2025-12-18 10:52:24,4333.07,66.368,60.1115,506.0719,0.7953
2025-12-18 10:52:24,4333.07,66.368,60.1115,506.0719,0.7953
2025-12-18 10:52:24,4333.07,66.381,60.1115,506.0719,0.7953
2025-12-18 10:52:24,4333.15,66.381,60.1115,506.0719,0.7953
2025-12-18 10:52:25,4333.15,66.381,60.1115,506.0719,0.7953
2025-12-18 10:52:25,4333.15,66.381,60.1115,506.0719,0.7953
2025-12-18 10:52:25,4333.15,66.381,60.1115,506.0719,0.7953
2025-12-18 10:52:25,4333.15,66.381,60.1115,506.0719,0.7953
2025-12-18 10:52:25,4333.15,66.375,60.1115,506.0719,0.7953
2025-12-18 10:52:25,4333.09,66.375,60.1115,506.0719,0.7953
2025-12-18 10:52:26,4333.09,66.375,60.1115,506.0719,0.7953
2025-12-18 10:52:26,4333.09,66.375,60.1115,506.0719,0.7953
2025-12-18 10:52:26,4333.09,66.375,60.1115,506.0719,0.7953
2025-12-18 10:52:26,4333.09,66.375,60.1115,506.0719,0.7953
2025-12-18 10:52:29,4333.09,66.3695,60.1115,506.0719,0.7953
2025-12-18 10:52:29,4333.12,66.3695,60.1115,506.0719,0.7953
2025-12-18 10:52:30,4333.12,66.3695,60.1115,506.0719,0.7953
2025-12-18 10:52:30,4333.12,66.3695,60.1115,506.0719,0.7953
2025-12-18 10:52:30,4333.12,66.3695,60.1115,506.0719,0.7953
2025-12-18 10:52:30,4333.12,66.3695,60.1115,506.0719,0.7953
2025-12-18 10:52:30,4333.12,66.3695,60.1115,506.0719,0.79531
2025-12-18 10:52:31,4333.12,66.3695,60.1115,506.0719,0.79531
2025-12-18 10:52:31,4333.11,66.3695,60.1115,506.0719,0.79531
2025-12-18 10:52:32,4333.11,66.3695,60.1115,506.0719,0.79531
2025-12-18 10:52:32,4333.11,66.3695,60.1115,506.0719,0.79531
2025-12-18 10:52:32,4333.13,66.3695,60.1115,506.0719,0.79531
2025-12-18 10:52:32,4333.13,66.3695,60.1115,506.0719,0.79531
2025-12-18 10:52:33,4333.13,66.3695,60.1115,506.0719,0.79531
2025-12-18 10:52:33,4333.16,66.3695,60.1115,506.0719,0.79531
2025-12-18 10:52:34,4333.16,66.3695,60.1115,506.0719,0.79531
2025-12-18 10:52:34,4333.16,66.3695,60.1115,506.0719,0.79531
2025-12-18 10:52:35,4333.16,66.3695,60.1115,506.0719,0.79535
2025-12-18 10:52:35,4333.16,66.3695,60.1115,506.0719,0.79535
2025-12-18 10:52:35,4333.16,66.3695,60.1115,506.0719,0.79535
2025-12-18 10:52:35,4333.16,66.3695,60.1115,506.0719,0.79535
2025-12-18 10:52:35,4333.16,66.3695,60.1115,506.0719,0.79535
2025-12-18 10:52:35,4333.15,66.3695,60.1115,506.0719,0.79535
2025-12-18 10:52:36,4333.15,66.3695,60.1115,506.0719,0.79535
2025-12-18 10:52:36,4333.15,66.3695,60.1115,506.0719,0.79535
2025-12-18 10:52:36,4333.15,66.37,60.1115,506.0719,0.79535
2025-12-18 10:52:37,4333.15,66.37,60.1115,506.0719,0.79535
2025-12-18 10:52:37,4333.15,66.37,60.1115,506.0719,0.79535
2025-12-18 10:52:37,4333.14,66.37,60.1115,506.0719,0.79535
2025-12-18 10:52:37,4333.14,66.365,60.1115,506.0719,0.79535
2025-12-18 10:52:38,4333.14,66.365,60.1115,506.0719,0.79535
2025-12-18 10:52:38,4333.14,66.365,60.1115,506.0719,0.79535
2025-12-18 10:52:38,4333.14,66.365,60.1115,506.0719,0.79535
2025-12-18 10:52:38,4333.14,66.365,60.1115,506.0719,0.79535
2025-12-18 10:52:40,4333.15,66.365,60.1115,506.0719,0.79535
2025-12-18 10:52:41,4333.15,66.365,60.1115,506.0719,0.79535
2025-12-18 10:52:41,4333.15,66.365,60.1115,506.0719,0.79535
2025-12-18 10:52:41,4333.15,66.365,60.1115,506.0719,0.79535
2025-12-18 10:52:42,4333.15,66.365,60.1115,506.0719,0.79535
2025-12-18 10:52:42,4333.15,66.365,60.1115,506.0719,0.79535
2025-12-18 10:52:42,4333.15,66.365,60.1115,506.0719,0.79535
2025-12-18 10:52:43,4333.15,66.365,60.1115,506.0719,0.79535
2025-12-18 10:52:43,4333.15,66.365,60.1115,506.0719,0.79535
2025-12-18 10:52:43,4333.07,66.365,60.1115,506.0719,0.79535
2025-12-18 10:52:43,4333.07,66.3665,60.1115,506.0719,0.79535
2025-12-18 10:52:44,4333.07,66.3665,60.1115,506.0719,0.79535
2025-12-18 10:52:44,4333.07,66.3665,60.1115,506.0719,0.79535
2025-12-18 10:52:44,4333.07,66.3665,60.1115,506.0719,0.79535
2025-12-18 10:52:44,4333.07,66.3665,60.1115,506.0719,0.79535
2025-12-18 10:52:44,4333.07,66.374,60.1115,506.0719,0.79535
2025-12-18 10:52:44,4333.14,66.374,60.1115,506.0719,0.79535
2025-12-18 10:52:45,4333.14,66.374,60.1115,506.0719,0.79535
2025-12-18 10:52:45,4333.14,66.374,60.1115,506.0719,0.79535
2025-12-18 10:52:45,4333.14,66.374,60.1115,506.0719,0.79535
2025-12-18 10:52:45,4333.14,66.374,60.1115,506.0719,0.79535
2025-12-18 10:52:46,4333.09,66.374,60.1115,506.0719,0.79535
2025-12-18 10:52:47,4333.09,66.374,60.1115,506.0719,0.79535
2025-12-18 10:52:47,4333.09,66.374,60.1115,506.0719,0.79535
2025-12-18 10:52:47,4333.12,66.374,60.1115,506.0719,0.79535
2025-12-18 10:52:48,4333.12,66.374,60.1115,506.0719,0.79535
2025-12-18 10:52:48,4333.12,66.374,60.1115,506.0719,0.79535
2025-12-18 10:52:49,4333.12,66.3695,60.1115,506.0719,0.79535
2025-12-18 10:52:50,4333.12,66.3695,60.1115,506.0719,0.79535
2025-12-18 10:52:50,4333.12,66.3695,60.1115,506.0719,0.79535
2025-12-18 10:52:51,4333.12,66.375,60.1115,506.0719,0.79535
2025-12-18 10:52:52,4333.12,66.375,60.1115,506.0719,0.79535
2025-12-18 10:52:52,4333.12,66.375,60.1115,506.0719,0.79535
2025-12-18 10:52:52,4333.12,66.371,60.1115,506.0719,0.79535
2025-12-18 10:52:52,4333.1,66.371,60.1115,506.0719,0.79535
2025-12-18 10:52:53,4333.1,66.371,60.1115,506.0719,0.79535
2025-12-18 10:52:53,4333.1,66.371,60.1115,506.0719,0.79535
2025-12-18 10:52:53,4333.1,66.371,60.1115,506.0719,0.79535
2025-12-18 10:52:53,4333.1,66.371,60.1115,506.0719,0.79535
2025-12-18 10:52:53,4333.1,66.371,60.1115,506.0719,0.79534
2025-12-18 10:52:53,4333.1,66.367,60.1115,506.0719,0.79534
2025-12-18 10:52:54,4333.1,66.367,60.1115,506.0719,0.79534
2025-12-18 10:52:54,4333.1,66.367,60.1115,506.0719,0.79534
2025-12-18 10:52:54,4333.1,66.367,60.1115,506.0719,0.79534
2025-12-18 10:52:54,4333.1,66.364,60.1115,506.0719,0.79534
2025-12-18 10:52:54,4333,66.364,60.1115,506.0719,0.79534
2025-12-18 10:52:55,4333,66.364,60.1115,506.0719,0.79534
2025-12-18 10:52:55,4333,66.364,60.1115,506.0719,0.79534
2025-12-18 10:52:55,4333,66.364,60.1115,506.0719,0.79534
2025-12-18 10:52:55,4333,66.364,60.1115,506.0719,0.79534
2025-12-18 10:52:55,4333,66.36,60.1115,506.0719,0.79534
2025-12-18 10:52:55,4332.95,66.36,60.1115,506.0719,0.79534
2025-12-18 10:52:56,4332.95,66.36,60.1115,506.0719,0.79534
2025-12-18 10:52:56,4332.95,66.36,60.1115,506.0719,0.79534
2025-12-18 10:52:56,4332.95,66.36,60.1115,506.0719,0.79534
2025-12-18 10:52:56,4332.95,66.36,60.1115,506.0719,0.79534
2025-12-18 10:52:56,4332.93,66.36,60.1115,506.0719,0.79534
2025-12-18 10:52:57,4332.93,66.36,60.1115,506.0719,0.79534
2025-12-18 10:52:57,4332.93,66.36,60.1115,506.0719,0.79534
2025-12-18 10:52:57,4332.91,66.36,60.1115,506.0719,0.79534
2025-12-18 10:52:57,4332.91,66.361,60.1115,506.0719,0.79534
2025-12-18 10:52:58,4332.91,66.361,60.1115,506.0719,0.79534
2025-12-18 10:52:58,4332.91,66.361,60.1115,506.0719,0.79534
2025-12-18 10:52:58,4332.91,66.361,60.1115,506.0719,0.79534
2025-12-18 10:52:58,4332.91,66.361,60.1115,506.0719,0.79534
2025-12-18 10:52:59,4332.91,66.3685,60.1115,506.0719,0.79534
2025-12-18 10:52:59,4333.06,66.3685,60.1115,506.0719,0.79534
2025-12-18 10:52:59,4333.06,66.3685,60.1115,506.0719,0.79534
2025-12-18 10:52:59,4333.06,66.3685,60.1115,506.0719,0.79534
2025-12-18 10:52:59,4333.06,66.3685,60.1115,506.0719,0.79534
2025-12-18 10:52:59,4333.06,66.3685,60.1115,506.0719,0.79534
2025-12-18 10:53:00,4333.06,66.369,60.1115,506.0719,0.79534
2025-12-18 10:53:00,4333.04,66.369,60.1115,506.0719,0.79534
2025-12-18 10:53:00,4333.04,66.369,60.1115,506.0719,0.79534
2025-12-18 10:53:00,4333.04,66.369,60.1115,506.0719,0.79534
2025-12-18 10:53:00,4333.04,66.369,60.1115,506.0719,0.79534
2025-12-18 10:53:00,4333.04,66.369,60.1115,506.0719,0.79534
2025-12-18 10:53:00,4333.04,66.367,60.1115,506.0719,0.79534
2025-12-18 10:53:00,4332.94,66.367,60.1115,506.0719,0.79534
2025-12-18 10:53:01,4332.94,66.367,60.1115,506.0719,0.79534
2025-12-18 10:53:01,4332.94,66.367,60.1115,506.0719,0.79534
2025-12-18 10:53:01,4332.94,66.367,60.1115,506.0719,0.79534
2025-12-18 10:53:01,4332.94,66.367,60.1115,506.0719,0.79534
2025-12-18 10:53:01,4333,66.367,60.1115,506.0719,0.79534
2025-12-18 10:53:02,4333,66.367,60.1115,506.0719,0.79534
2025-12-18 10:53:02,4333,66.367,60.1115,506.0719,0.79534
2025-12-18 10:53:02,4333,66.368,60.1115,506.0719,0.79534
2025-12-18 10:53:02,4333.05,66.368,60.1115,506.0719,0.79534
2025-12-18 10:53:03,4333.05,66.368,60.1115,506.0719,0.79534
2025-12-18 10:53:03,4333.05,66.368,60.1115,506.0719,0.79534
2025-12-18 10:53:03,4333.05,66.368,60.1115,506.0719,0.79534
2025-12-18 10:53:03,4333.05,66.368,60.1115,506.0719,0.79534
2025-12-18 10:53:04,4333.05,66.368,60.1115,506.0719,0.79533
2025-12-18 10:53:04,4333.05,66.367,60.1115,506.0719,0.79533
2025-12-18 10:53:04,4333.01,66.367,60.1115,506.0719,0.79533
2025-12-18 10:53:05,4333.01,66.367,60.1115,506.0719,0.79533
2025-12-18 10:53:05,4333.01,66.367,60.1115,506.0719,0.79533
2025-12-18 10:53:05,4333.01,66.367,60.1115,506.0719,0.79533
2025-12-18 10:53:05,4333.01,66.367,60.1115,506.0719,0.79533
2025-12-18 10:53:05,4333.01,66.367,60.1115,506.0719,0.79533
2025-12-18 10:53:05,4333.05,66.367,60.1115,506.0719,0.79533
2025-12-18 10:53:06,4333.05,66.367,60.1115,506.0719,0.79533
2025-12-18 10:53:06,4333.05,66.367,60.1115,506.0719,0.79533
2025-12-18 10:53:06,4333.05,66.367,60.1115,506.0719,0.79532
2025-12-18 10:53:06,4332.97,66.367,60.1115,506.0719,0.79532
2025-12-18 10:53:07,4332.97,66.367,60.1115,506.0719,0.79532
2025-12-18 10:53:07,4332.97,66.367,60.1115,506.0719,0.79532
2025-12-18 10:53:07,4332.97,66.367,60.1115,506.0719,0.79532
2025-12-18 10:53:07,4333.02,66.367,60.1115,506.0719,0.79532
2025-12-18 10:53:08,4333.02,66.367,60.1115,506.0719,0.79532
2025-12-18 10:53:08,4333.02,66.367,60.1115,506.0719,0.79532
2025-12-18 10:53:09,4333.02,66.367,60.1115,506.0719,0.79532
2025-12-18 10:53:09,4333.02,66.367,60.1115,506.0719,0.79532
2025-12-18 10:53:09,4333.02,66.367,60.1115,506.0719,0.79532
2025-12-18 10:53:09,4332.92,66.367,60.1115,506.0719,0.79532
2025-12-18 10:53:09,4332.92,66.363,60.1115,506.0719,0.79532
2025-12-18 10:53:10,4332.92,66.363,60.1115,506.0719,0.79532
2025-12-18 10:53:10,4332.92,66.363,60.1115,506.0719,0.79532
2025-12-18 10:53:10,4332.92,66.363,60.1115,506.0719,0.79532
2025-12-18 10:53:10,4332.92,66.363,60.1115,506.0719,0.79532
2025-12-18 10:53:10,4332.91,66.363,60.1115,506.0719,0.79532
2025-12-18 10:53:11,4332.91,66.363,60.1115,506.0719,0.79532
2025-12-18 10:53:11,4332.91,66.363,60.1115,506.0719,0.79532
2025-12-18 10:53:11,4332.92,66.363,60.1115,506.0719,0.79532
2025-12-18 10:53:12,4332.92,66.363,60.1115,506.0719,0.79532
2025-12-18 10:53:12,4332.92,66.363,60.1115,506.0719,0.79532
2025-12-18 10:53:15,4332.9,66.363,60.1115,506.0719,0.79532
2025-12-18 10:53:16,4332.9,66.363,60.1115,506.0719,0.79532
2025-12-18 10:53:16,4332.9,66.363,60.1115,506.0719,0.79532
2025-12-18 10:53:16,4332.9,66.363,60.1115,506.0719,0.79533
2025-12-18 10:53:16,4332.85,66.363,60.1115,506.0719,0.79533
2025-12-18 10:53:16,4332.85,66.358,60.1115,506.0719,0.79533
2025-12-18 10:53:17,4332.85,66.358,60.1115,506.0719,0.79533
2025-12-18 10:53:17,4332.85,66.358,60.1115,506.0719,0.79533
2025-12-18 10:53:17,4332.85,66.358,60.1115,506.0719,0.79533
2025-12-18 10:53:17,4332.85,66.358,60.1115,506.0719,0.79533
2025-12-18 10:53:17,4332.85,66.358,60.1115,506.0719,0.79533
2025-12-18 10:53:17,4332.9,66.358,60.1115,506.0719,0.79533
2025-12-18 10:53:18,4332.9,66.358,60.1115,506.0719,0.79533
2025-12-18 10:53:18,4332.9,66.358,60.1115,506.0719,0.79533
2025-12-18 10:53:18,4332.89,66.358,60.1115,506.0719,0.79533
2025-12-18 10:53:19,4332.89,66.358,60.1115,506.0719,0.79533
2025-12-18 10:53:19,4332.89,66.358,60.1115,506.0719,0.79533
2025-12-18 10:53:19,4332.89,66.3555,60.1115,506.0719,0.79533
2025-12-18 10:53:19,4332.71,66.3555,60.1115,506.0719,0.79533
2025-12-18 10:53:20,4332.71,66.3555,60.1115,506.0719,0.79533
2025-12-18 10:53:20,4332.71,66.3555,60.1115,506.0719,0.79533
2025-12-18 10:53:20,4332.71,66.3555,60.1115,506.0719,0.79533
2025-12-18 10:53:20,4332.71,66.3555,60.1115,506.0719,0.79533
2025-12-18 10:53:20,4332.71,66.358,60.1115,506.0719,0.79533
2025-12-18 10:53:20,4332.8,66.358,60.1115,506.0719,0.79533
2025-12-18 10:53:21,4332.8,66.358,60.1115,506.0719,0.79533
2025-12-18 10:53:21,4332.8,66.358,60.1115,506.0719,0.79533
2025-12-18 10:53:21,4332.8,66.358,60.1115,506.0719,0.79533
2025-12-18 10:53:21,4332.8,66.358,60.1115,506.0719,0.79533
2025-12-18 10:53:21,4332.79,66.358,60.1115,506.0719,0.79533
2025-12-18 10:53:21,4332.79,66.358,60.1115,506.0719,0.79533
2025-12-18 10:53:22,4332.79,66.358,60.1115,506.0719,0.79533
2025-12-18 10:53:22,4332.8,66.358,60.1115,506.0719,0.79533
2025-12-18 10:53:23,4332.8,66.358,60.1115,506.0719,0.79533
2025-12-18 10:53:23,4332.8,66.358,60.1115,506.0719,0.79533
2025-12-18 10:53:23,4332.8,66.3555,60.1115,506.0719,0.79533
2025-12-18 10:53:23,4332.61,66.3555,60.1115,506.0719,0.79533
2025-12-18 10:53:24,4332.61,66.3555,60.1115,506.0719,0.79533
2025-12-18 10:53:24,4332.61,66.3555,60.1115,506.0719,0.79533
2025-12-18 10:53:24,4332.61,66.3555,60.1115,506.0719,0.79533
2025-12-18 10:53:24,4332.61,66.3555,60.1115,506.0719,0.79533
2025-12-18 10:53:24,4332.65,66.3555,60.1115,506.0719,0.79533
2025-12-18 10:53:24,4332.65,66.359,60.1115,506.0719,0.79533
2025-12-18 10:53:25,4332.65,66.359,60.1115,506.0719,0.79533
2025-12-18 10:53:25,4332.65,66.359,60.1115,506.0719,0.79533
2025-12-18 10:53:25,4332.65,66.359,60.1115,506.0719,0.79533
2025-12-18 10:53:25,4332.65,66.359,60.1115,506.0719,0.79533
2025-12-18 10:53:25,4332.65,66.354,60.1115,506.0719,0.79533
2025-12-18 10:53:25,4332.56,66.354,60.1115,506.0719,0.79533
2025-12-18 10:53:26,4332.56,66.354,60.1115,506.0719,0.79533
2025-12-18 10:53:26,4332.56,66.354,60.1115,506.0719,0.79533
2025-12-18 10:53:26,4332.56,66.354,60.1115,506.0719,0.79533
2025-12-18 10:53:26,4332.56,66.354,60.1115,506.0719,0.79533
2025-12-18 10:53:26,4332.56,66.3575,60.1115,506.0719,0.79533
2025-12-18 10:53:26,4332.58,66.3575,60.1115,506.0719,0.79533
2025-12-18 10:53:27,4332.58,66.3575,60.1115,506.0719,0.79533
2025-12-18 10:53:27,4332.58,66.3575,60.1115,506.0719,0.79533
2025-12-18 10:53:27,4332.58,66.3575,60.1115,506.0719,0.79533
2025-12-18 10:53:27,4332.58,66.3575,60.1115,506.0719,0.79533
2025-12-18 10:53:28,4332.58,66.357,60.1115,506.0719,0.79533
2025-12-18 10:53:29,4332.58,66.357,60.1115,506.0719,0.79533
2025-12-18 10:53:29,4332.58,66.357,60.1115,506.0719,0.79533
2025-12-18 10:53:30,4332.58,66.357,60.1115,506.0719,0.79534
2025-12-18 10:53:31,4332.58,66.358,60.1115,506.0719,0.79534
2025-12-18 10:53:31,4332.58,66.358,60.1115,506.0719,0.79534
2025-12-18 10:53:31,4332.58,66.358,60.1115,506.0719,0.79534
2025-12-18 10:53:31,4332.58,66.358,60.1115,506.0719,0.79534
2025-12-18 10:53:31,4332.87,66.358,60.1115,506.0719,0.79534
2025-12-18 10:53:31,4332.87,66.3625,60.1115,506.0719,0.79534
2025-12-18 10:53:32,4332.87,66.3625,60.1115,506.0719,0.79534
2025-12-18 10:53:32,4332.87,66.3625,60.1115,506.0719,0.79534
2025-12-18 10:53:32,4332.87,66.3625,60.1115,506.0719,0.79534
2025-12-18 10:53:32,4332.87,66.3625,60.1115,506.0719,0.79534
2025-12-18 10:53:32,4332.87,66.3625,60.123,506.0719,0.79534
2025-12-18 10:53:32,4332.87,66.3625,60.123,506.0719,0.79534
2025-12-18 10:53:32,4332.87,66.364,60.123,506.0719,0.79534
2025-12-18 10:53:33,4332.87,66.364,60.123,506.0719,0.79534
2025-12-18 10:53:33,4332.87,66.364,60.123,506.0719,0.79534
2025-12-18 10:53:33,4332.87,66.364,60.123,506.0719,0.79534
2025-12-18 10:53:33,4332.87,66.364,60.123,506.0719,0.79534
2025-12-18 10:53:33,4332.87,66.364,60.123,506.0719,0.79534
2025-12-18 10:53:33,4332.87,66.364,60.123,506.0719,0.79534
2025-12-18 10:53:33,4332.87,66.369,60.123,506.0719,0.79534
2025-12-18 10:53:34,4332.87,66.369,60.123,506.0719,0.79534
2025-12-18 10:53:34,4332.87,66.369,60.123,506.0719,0.79534
2025-12-18 10:53:34,4332.86,66.369,60.123,506.0719,0.79534
2025-12-18 10:53:35,4332.86,66.369,60.123,506.0719,0.79534
2025-12-18 10:53:35,4332.86,66.369,60.123,506.0719,0.79534
2025-12-18 10:53:35,4332.86,66.369,60.123,506.0719,0.79535
2025-12-18 10:53:35,4332.9,66.369,60.123,506.0719,0.79535
2025-12-18 10:53:36,4332.9,66.369,60.123,506.0719,0.79535
2025-12-18 10:53:36,4332.9,66.369,60.123,506.0719,0.79535
2025-12-18 10:53:36,4332.9,66.369,60.123,506.0719,0.79535
2025-12-18 10:53:36,4332.85,66.369,60.123,506.0719,0.79535
2025-12-18 10:53:37,4332.85,66.369,60.123,506.0719,0.79535
2025-12-18 10:53:37,4332.85,66.369,60.123,506.0719,0.79535
2025-12-18 10:53:37,4332.91,66.369,60.123,506.0719,0.79535
2025-12-18 10:53:38,4332.91,66.369,60.123,506.0719,0.79535
2025-12-18 10:53:38,4332.91,66.369,60.123,506.0719,0.79535
2025-12-18 10:53:38,4332.92,66.369,60.123,506.0719,0.79535
2025-12-18 10:53:39,4332.92,66.369,60.123,506.0719,0.79535
2025-12-18 10:53:39,4332.92,66.369,60.123,506.0719,0.79535
2025-12-18 10:53:39,4333.03,66.369,60.123,506.0719,0.79535
2025-12-18 10:53:39,4333.03,66.369,60.123,506.0719,0.79535
2025-12-18 10:53:40,4333.03,66.369,60.123,506.0719,0.79535
2025-12-18 10:53:40,4333.03,66.369,60.123,506.0719,0.79536
2025-12-18 10:53:40,4332.89,66.369,60.123,506.0719,0.79536
2025-12-18 10:53:41,4332.89,66.369,60.123,506.0719,0.79536
2025-12-18 10:53:41,4332.89,66.369,60.123,506.0719,0.79536
2025-12-18 10:53:41,4332.89,66.369,60.123,506.0719,0.79536
2025-12-18 10:53:42,4333.12,66.369,60.123,506.0719,0.79536
2025-12-18 10:53:42,4333.12,66.373,60.123,506.0719,0.79536
2025-12-18 10:53:43,4333.12,66.373,60.123,506.0719,0.79536
2025-12-18 10:53:43,4333.12,66.373,60.123,506.0719,0.79536
2025-12-18 10:53:43,4333.12,66.373,60.123,506.0719,0.79536
2025-12-18 10:53:43,4333.12,66.373,60.123,506.0719,0.79536
2025-12-18 10:53:43,4333.09,66.373,60.123,506.0719,0.79536
2025-12-18 10:53:44,4333.09,66.373,60.123,506.0719,0.79536
2025-12-18 10:53:44,4333.09,66.373,60.123,506.0719,0.79536
2025-12-18 10:53:44,4333.06,66.373,60.123,506.0719,0.79536
2025-12-18 10:53:45,4333.06,66.373,60.123,506.0719,0.79536
2025-12-18 10:53:45,4333.06,66.373,60.123,506.0719,0.79536
2025-12-18 10:53:45,4332.96,66.373,60.123,506.0719,0.79536
2025-12-18 10:53:45,4332.96,66.365,60.123,506.0719,0.79536
2025-12-18 10:53:46,4332.96,66.365,60.123,506.0719,0.79536
2025-12-18 10:53:46,4332.96,66.365,60.123,506.0719,0.79536
2025-12-18 10:53:46,4332.96,66.365,60.123,506.0719,0.79536
2025-12-18 10:53:46,4332.96,66.365,60.123,506.0719,0.79536
2025-12-18 10:53:47,4332.96,66.3685,60.123,506.0719,0.79536
2025-12-18 10:53:48,4332.96,66.3685,60.123,506.0719,0.79536
2025-12-18 10:53:48,4332.96,66.3685,60.123,506.0719,0.79536
2025-12-18 10:53:48,4332.9,66.3685,60.123,506.0719,0.79536
2025-12-18 10:53:48,4332.9,66.3685,60.123,506.0719,0.79536
2025-12-18 10:53:49,4332.9,66.3685,60.123,506.0719,0.79536
2025-12-18 10:53:50,4332.9,66.3685,60.1212,506.0719,0.79536
2025-12-18 10:53:51,4332.9,66.3685,60.1212,506.0719,0.79536
2025-12-18 10:53:51,4332.9,66.3685,60.1212,506.0719,0.79536
2025-12-18 10:53:51,4332.9,66.3625,60.1212,506.0719,0.79536
2025-12-18 10:53:51,4332.93,66.3625,60.1212,506.0719,0.79536
2025-12-18 10:53:52,4332.93,66.3625,60.1212,506.0719,0.79536
2025-12-18 10:53:52,4332.93,66.3625,60.1212,506.0719,0.79536
2025-12-18 10:53:52,4332.93,66.3625,60.1212,506.0719,0.79536
2025-12-18 10:53:52,4332.93,66.3625,60.1212,506.0719,0.79536
2025-12-18 10:53:52,4332.9,66.3625,60.1212,506.0719,0.79536
2025-12-18 10:53:52,4332.9,66.359,60.1212,506.0719,0.79536
2025-12-18 10:53:53,4332.9,66.359,60.1212,506.0719,0.79536
2025-12-18 10:53:53,4332.9,66.359,60.1212,506.0719,0.79536
2025-12-18 10:53:53,4332.9,66.359,60.1212,506.0719,0.79536
2025-12-18 10:53:53,4332.9,66.359,60.1212,506.0719,0.79536
2025-12-18 10:53:53,4332.91,66.359,60.1212,506.0719,0.79536
2025-12-18 10:53:53,4332.91,66.359,60.1121,506.0719,0.79536
2025-12-18 10:53:53,4332.91,66.362,60.1121,506.0719,0.79536
2025-12-18 10:53:54,4332.91,66.362,60.1121,506.0719,0.79536
2025-12-18 10:53:54,4332.91,66.362,60.1121,506.0719,0.79536
2025-12-18 10:53:54,4332.91,66.362,60.1121,506.0719,0.79536
2025-12-18 10:53:54,4332.91,66.362,60.1121,506.0719,0.79536
2025-12-18 10:53:54,4332.91,66.362,60.1121,506.0719,0.79536
2025-12-18 10:53:54,4332.91,66.362,60.1121,506.0719,0.79536
2025-12-18 10:53:55,4332.95,66.362,60.1121,506.0719,0.79536
2025-12-18 10:53:56,4332.95,66.362,60.1121,506.0719,0.79536
2025-12-18 10:53:56,4332.95,66.362,60.1121,506.0719,0.79536
2025-12-18 10:53:56,4332.76,66.362,60.1121,506.0719,0.79536
2025-12-18 10:53:57,4332.76,66.3555,60.1121,506.0719,0.79536
2025-12-18 10:53:57,4332.76,66.3555,60.1121,506.0719,0.79536
2025-12-18 10:53:57,4332.76,66.3555,60.1121,506.0719,0.79536
2025-12-18 10:53:57,4332.76,66.3555,60.1121,506.0719,0.79536
2025-12-18 10:53:57,4332.76,66.3555,60.1121,506.0719,0.79536
2025-12-18 10:53:57,4332.75,66.3555,60.1121,506.0719,0.79536
2025-12-18 10:53:57,4332.75,66.3495,60.1121,506.0719,0.79536
2025-12-18 10:53:58,4332.75,66.3495,60.1121,506.0719,0.79536
2025-12-18 10:53:58,4332.75,66.3495,60.1121,506.0719,0.79536
2025-12-18 10:53:58,4332.75,66.3495,60.1121,506.0719,0.79536
2025-12-18 10:53:58,4332.75,66.3495,60.1121,506.0719,0.79536
2025-12-18 10:53:59,4332.73,66.3495,60.1121,506.0719,0.79536
2025-12-18 10:53:59,4332.73,66.3495,60.1121,506.0719,0.79536
2025-12-18 10:53:59,4332.73,66.3495,60.1121,506.0719,0.79536
2025-12-18 10:54:00,4332.75,66.3495,60.1121,506.0719,0.79536
2025-12-18 10:54:00,4332.75,66.355,60.1121,506.0719,0.79536
2025-12-18 10:54:00,4332.75,66.355,60.1121,506.0719,0.79536
2025-12-18 10:54:00,4332.75,66.355,60.1121,506.0719,0.79536
2025-12-18 10:54:00,4332.75,66.355,60.1121,506.0719,0.79537
2025-12-18 10:54:00,4332.75,66.355,60.1121,506.0719,0.79537
2025-12-18 10:54:00,4332.75,66.355,60.1121,506.0719,0.79537
2025-12-18 10:54:01,4332.74,66.355,60.1121,506.0719,0.79537
2025-12-18 10:54:01,4332.74,66.355,60.1121,506.0719,0.79537
2025-12-18 10:54:01,4332.74,66.355,60.1121,506.0719,0.79537
2025-12-18 10:54:01,4332.74,66.355,60.1121,506.0719,0.79537
2025-12-18 10:54:02,4332.75,66.355,60.1121,506.0719,0.79537
2025-12-18 10:54:03,4332.75,66.355,60.1121,506.0719,0.79537
2025-12-18 10:54:03,4332.75,66.355,60.1121,506.0719,0.79537
2025-12-18 10:54:03,4332.74,66.355,60.1121,506.0719,0.79537
2025-12-18 10:54:04,4332.74,66.355,60.1121,506.0719,0.79537
2025-12-18 10:54:04,4332.74,66.355,60.1121,506.0719,0.79537
2025-12-18 10:54:04,4332.73,66.355,60.1121,506.0719,0.79537
2025-12-18 10:54:05,4332.73,66.355,60.1121,506.0719,0.79537
2025-12-18 10:54:05,4332.73,66.355,60.1121,506.0719,0.79537
2025-12-18 10:54:06,4332.74,66.355,60.1121,506.0719,0.79537
2025-12-18 10:54:06,4332.74,66.36,60.1121,506.0719,0.79537
2025-12-18 10:54:07,4332.74,66.36,60.1121,506.0719,0.79537
2025-12-18 10:54:07,4332.74,66.36,60.1121,506.0719,0.79537
2025-12-18 10:54:07,4332.74,66.36,60.1121,506.0719,0.79537
2025-12-18 10:54:07,4332.74,66.36,60.1121,506.0719,0.79537
2025-12-18 10:54:08,4332.73,66.36,60.1121,506.0719,0.79537
2025-12-18 10:54:09,4332.73,66.36,60.1121,506.0719,0.79537
2025-12-18 10:54:09,4332.73,66.36,60.1121,506.0719,0.79537
2025-12-18 10:54:09,4332.73,66.357,60.1121,506.0719,0.79537
2025-12-18 10:54:09,4332.73,66.357,60.1121,506.0719,0.79537
2025-12-18 10:54:09,4332.73,66.357,60.1121,506.0705,0.79537
2025-12-18 10:54:10,4332.73,66.357,60.1121,506.0705,0.79537
2025-12-18 10:54:10,4332.73,66.357,60.1121,506.0705,0.79537
2025-12-18 10:54:10,4332.73,66.357,60.1121,506.0705,0.79537
2025-12-18 10:54:10,4332.73,66.357,60.1121,506.0705,0.79537
2025-12-18 10:54:10,4332.73,66.357,60.1121,506.0705,0.79537
2025-12-18 10:54:10,4332.73,66.357,60.1121,506.0705,0.79537
2025-12-18 10:54:10,4332.73,66.359,60.1121,506.0705,0.79537
2025-12-18 10:54:10,4332.73,66.359,60.1121,506.0705,0.79537
2025-12-18 10:54:11,4332.73,66.359,60.1121,506.0705,0.79537
2025-12-18 10:54:11,4332.73,66.359,60.1121,506.0705,0.79537
2025-12-18 10:54:11,4332.73,66.359,60.1121,506.0705,0.79537
2025-12-18 10:54:11,4332.73,66.359,60.1121,506.0705,0.79537
2025-12-18 10:54:11,4332.73,66.357,60.1121,506.0705,0.79537
2025-12-18 10:54:11,4332.72,66.357,60.1121,506.0705,0.79537
2025-12-18 10:54:12,4332.72,66.357,60.1121,506.0705,0.79537
2025-12-18 10:54:12,4332.72,66.357,60.1121,506.0705,0.79537
2025-12-18 10:54:12,4332.72,66.357,60.1121,506.0705,0.79537
2025-12-18 10:54:12,4332.72,66.357,60.1121,506.0705,0.79537
2025-12-18 10:54:12,4332.72,66.338,60.1121,506.0705,0.79537
2025-12-18 10:54:13,4332.61,66.338,60.1121,506.0705,0.79537
2025-12-18 10:54:13,4332.61,66.338,60.1121,506.0705,0.79537
2025-12-18 10:54:13,4332.61,66.338,60.1121,506.0705,0.79537
2025-12-18 10:54:13,4332.61,66.338,60.1121,506.0705,0.79537
2025-12-18 10:54:13,4332.61,66.338,60.1121,506.0705,0.79537
2025-12-18 10:54:13,4332.61,66.338,60.1121,506.0705,0.79538
2025-12-18 10:54:13,4332.61,66.342,60.1121,506.0705,0.79538
2025-12-18 10:54:13,4332.64,66.342,60.1121,506.0705,0.79538
2025-12-18 10:54:14,4332.64,66.342,60.1121,506.0705,0.79538
2025-12-18 10:54:14,4332.64,66.342,60.1121,506.0705,0.79538
2025-12-18 10:54:14,4332.64,66.342,60.1121,506.0705,0.79538
2025-12-18 10:54:14,4332.64,66.342,60.1121,506.0705,0.79538
2025-12-18 10:54:14,4332.64,66.342,60.1121,506.0705,0.79538
2025-12-18 10:54:14,4332.64,66.343,60.1121,506.0705,0.79538
2025-12-18 10:54:15,4332.64,66.343,60.1121,506.0705,0.79538
2025-12-18 10:54:15,4332.64,66.343,60.1121,506.0705,0.79538
2025-12-18 10:54:15,4332.64,66.344,60.1121,506.0705,0.79538
2025-12-18 10:54:16,4332.64,66.344,60.1121,506.0705,0.79538
2025-12-18 10:54:16,4332.64,66.344,60.1121,506.0705,0.79538
2025-12-18 10:54:17,4332.64,66.345,60.1121,506.0705,0.79538
2025-12-18 10:54:17,4332.78,66.345,60.1121,506.0705,0.79538
2025-12-18 10:54:18,4332.78,66.345,60.1121,506.0705,0.79538
2025-12-18 10:54:18,4332.78,66.345,60.1121,506.0705,0.79538
2025-12-18 10:54:18,4332.78,66.345,60.1121,506.0705,0.79538
2025-12-18 10:54:18,4332.78,66.345,60.1121,506.0705,0.79538
2025-12-18 10:54:18,4332.78,66.349,60.1121,506.0705,0.79538
2025-12-18 10:54:18,4332.83,66.349,60.1121,506.0705,0.79538
2025-12-18 10:54:19,4332.83,66.349,60.1121,506.0705,0.79538
2025-12-18 10:54:19,4332.83,66.349,60.1121,506.0705,0.79538
2025-12-18 10:54:19,4332.83,66.349,60.1121,506.0705,0.79538
2025-12-18 10:54:19,4332.83,66.349,60.1121,506.0705,0.79538
2025-12-18 10:54:20,4332.83,66.35,60.1121,506.0705,0.79538
2025-12-18 10:54:20,4332.83,66.35,60.1121,506.0705,0.79538
2025-12-18 10:54:21,4332.83,66.35,60.1121,506.0705,0.79538
2025-12-18 10:54:21,4332.83,66.35,60.1121,506.0705,0.79538
2025-12-18 10:54:21,4332.83,66.35,60.1121,506.0705,0.79538
2025-12-18 10:54:21,4332.83,66.35,60.1121,506.0705,0.79538
2025-12-18 10:54:21,4333.01,66.35,60.1121,506.0705,0.79538
2025-12-18 10:54:21,4333.01,66.3675,60.1121,506.0705,0.79538
2025-12-18 10:54:22,4333.01,66.3675,60.1121,506.0705,0.79538
2025-12-18 10:54:22,4333.01,66.3675,60.1121,506.0705,0.79538
2025-12-18 10:54:22,4333.01,66.3675,60.1121,506.0705,0.79538
2025-12-18 10:54:22,4333.01,66.3675,60.1121,506.0705,0.79538
2025-12-18 10:54:22,4333.04,66.3675,60.1121,506.0705,0.79538
2025-12-18 10:54:22,4333.04,66.372,60.1121,506.0705,0.79538
2025-12-18 10:54:23,4333.04,66.372,60.1121,506.0705,0.79538
2025-12-18 10:54:23,4333.04,66.372,60.1121,506.0705,0.79538
2025-12-18 10:54:23,4333.04,66.372,60.1121,506.0705,0.79538
2025-12-18 10:54:23,4333.04,66.372,60.1121,506.0705,0.79538
2025-12-18 10:54:23,4332.97,66.372,60.1121,506.0705,0.79538
2025-12-18 10:54:23,4332.97,66.373,60.1121,506.0705,0.79538
2025-12-18 10:54:24,4332.97,66.373,60.1121,506.0705,0.79538
2025-12-18 10:54:24,4332.97,66.373,60.1121,506.0705,0.79538
2025-12-18 10:54:24,4332.97,66.373,60.1121,506.0705,0.79538
2025-12-18 10:54:24,4332.97,66.373,60.1121,506.0705,0.79538
2025-12-18 10:54:25,4332.97,66.375,60.1121,506.0705,0.79538
2025-12-18 10:54:25,4333.03,66.375,60.1121,506.0705,0.79538
2025-12-18 10:54:26,4333.03,66.375,60.1121,506.0705,0.79538
2025-12-18 10:54:26,4333.03,66.375,60.1121,506.0705,0.79538
2025-12-18 10:54:26,4333.03,66.375,60.1121,506.0705,0.79538
2025-12-18 10:54:26,4333.03,66.375,60.1121,506.0705,0.79538
2025-12-18 10:54:26,4333.03,66.37,60.1121,506.0705,0.79538
2025-12-18 10:54:26,4332.95,66.37,60.1121,506.0705,0.79538
2025-12-18 10:54:27,4332.95,66.37,60.1121,506.0705,0.79538
2025-12-18 10:54:27,4332.95,66.37,60.1121,506.0705,0.79538
2025-12-18 10:54:27,4332.95,66.37,60.1121,506.0705,0.79538
2025-12-18 10:54:27,4332.95,66.37,60.1121,506.0705,0.79538
2025-12-18 10:54:27,4332.95,66.372,60.1121,506.0705,0.79538
2025-12-18 10:54:28,4332.95,66.372,60.1121,506.0705,0.79538
2025-12-18 10:54:28,4332.95,66.372,60.1121,506.0705,0.79538
2025-12-18 10:54:28,4332.95,66.373,60.1121,506.0705,0.79538
2025-12-18 10:54:29,4332.95,66.373,60.1121,506.0705,0.79538
2025-12-18 10:54:29,4332.95,66.373,60.1121,506.0705,0.79538
2025-12-18 10:54:29,4333.04,66.373,60.1121,506.0705,0.79538
2025-12-18 10:54:30,4333.04,66.373,60.1121,506.0705,0.79538
2025-12-18 10:54:30,4333.04,66.373,60.1121,506.0705,0.79538
2025-12-18 10:54:30,4333.04,66.377,60.1121,506.0705,0.79538
2025-12-18 10:54:30,4333,66.377,60.1121,506.0705,0.79538
2025-12-18 10:54:31,4333,66.377,60.1121,506.0705,0.79538
2025-12-18 10:54:31,4333,66.377,60.1121,506.0705,0.79538
2025-12-18 10:54:31,4333,66.377,60.1121,506.0705,0.79538
2025-12-18 10:54:31,4333,66.377,60.1121,506.0705,0.79538
2025-12-18 10:54:31,4333,66.372,60.1121,506.0705,0.79538
2025-12-18 10:54:32,4333,66.372,60.1121,506.0705,0.79538
2025-12-18 10:54:32,4333,66.372,60.1121,506.0705,0.79538
2025-12-18 10:54:32,4333,66.377,60.1121,506.0705,0.79538
2025-12-18 10:54:32,4333,66.377,60.1121,506.0705,0.79538
2025-12-18 10:54:33,4333,66.377,60.1121,506.0705,0.79538
2025-12-18 10:54:33,4333,66.377,60.1121,506.0705,0.79538
2025-12-18 10:54:33,4333,66.377,60.1121,506.0705,0.79538
2025-12-18 10:54:33,4333,66.377,60.1121,506.0705,0.79538
2025-12-18 10:54:33,4333,66.378,60.1121,506.0705,0.79538
2025-12-18 10:54:33,4333.01,66.378,60.1121,506.0705,0.79538
2025-12-18 10:54:34,4333.01,66.378,60.1121,506.0705,0.79538
2025-12-18 10:54:34,4333.01,66.378,60.1121,506.0705,0.79538
2025-12-18 10:54:34,4333.01,66.378,60.1121,506.0705,0.79538
2025-12-18 10:54:34,4333.01,66.378,60.1121,506.0705,0.79538
2025-12-18 10:54:34,4333.03,66.378,60.1121,506.0705,0.79538
2025-12-18 10:54:34,4333.03,66.379,60.1121,506.0705,0.79538
2025-12-18 10:54:35,4333.03,66.379,60.1121,506.0705,0.79538
2025-12-18 10:54:35,4333.03,66.379,60.1121,506.0705,0.79538
2025-12-18 10:54:35,4333.03,66.379,60.1121,506.0705,0.79538
2025-12-18 10:54:35,4333.03,66.379,60.1121,506.0705,0.79538
2025-12-18 10:54:37,4333.02,66.379,60.1121,506.0705,0.79538
2025-12-18 10:54:38,4333.02,66.379,60.1121,506.0705,0.79538
2025-12-18 10:54:38,4333.02,66.379,60.1121,506.0705,0.79538
2025-12-18 10:54:38,4333.02,66.379,60.1121,506.0705,0.79537
2025-12-18 10:54:39,4333.02,66.379,60.1121,506.0705,0.79537
2025-12-18 10:54:39,4332.97,66.379,60.1121,506.0705,0.79537
2025-12-18 10:54:40,4332.97,66.379,60.1121,506.0705,0.79537
2025-12-18 10:54:40,4332.97,66.379,60.1121,506.0705,0.79537
2025-12-18 10:54:40,4332.95,66.379,60.1121,506.0705,0.79537
2025-12-18 10:54:41,4332.95,66.379,60.1121,506.0705,0.79537
2025-12-18 10:54:41,4332.95,66.379,60.1121,506.0705,0.79537
2025-12-18 10:54:45,4332.9,66.379,60.1121,506.0705,0.79537
2025-12-18 10:54:45,4332.9,66.379,60.1121,506.0705,0.79537
2025-12-18 10:54:45,4332.9,66.379,60.1121,506.0705,0.79537
2025-12-18 10:54:45,4332.93,66.379,60.1121,506.0705,0.79537
2025-12-18 10:54:46,4332.93,66.379,60.1121,506.0705,0.79537
2025-12-18 10:54:46,4332.93,66.379,60.1121,506.0705,0.79537
2025-12-18 10:54:46,4333,66.379,60.1121,506.0705,0.79537
2025-12-18 10:54:47,4333,66.379,60.1121,506.0705,0.79537
2025-12-18 10:54:47,4333,66.379,60.1121,506.0705,0.79537
2025-12-18 10:54:47,4332.82,66.379,60.1121,506.0705,0.79537
2025-12-18 10:54:48,4332.82,66.365,60.1121,506.0705,0.79537
2025-12-18 10:54:48,4332.82,66.365,60.1121,506.0705,0.79537
2025-12-18 10:54:48,4332.82,66.365,60.1121,506.0705,0.79537
2025-12-18 10:54:48,4332.82,66.365,60.1121,506.0705,0.79537
2025-12-18 10:54:48,4332.82,66.365,60.1121,506.0705,0.79537
2025-12-18 10:54:50,4332.8,66.365,60.1121,506.0705,0.79537
2025-12-18 10:54:50,4332.8,66.365,60.1121,506.0705,0.79537
2025-12-18 10:54:50,4332.8,66.365,60.1121,506.0705,0.79537
2025-12-18 10:54:50,4332.77,66.365,60.1121,506.0705,0.79537
2025-12-18 10:54:51,4332.77,66.365,60.1121,506.0705,0.79537
2025-12-18 10:54:51,4332.77,66.365,60.1121,506.0705,0.79537
2025-12-18 10:54:52,4332.77,66.363,60.1121,506.0705,0.79537
2025-12-18 10:54:52,4332.77,66.363,60.1121,506.0705,0.79537
2025-12-18 10:54:52,4332.77,66.363,60.1121,506.0705,0.79537
2025-12-18 10:54:52,4332.77,66.363,60.1121,506.0705,0.79537
2025-12-18 10:54:52,4332.77,66.363,60.1121,506.0705,0.79537
2025-12-18 10:54:52,4332.77,66.363,60.1121,506.0705,0.79537
2025-12-18 10:54:52,4332.77,66.361,60.1121,506.0705,0.79537
2025-12-18 10:54:52,4332.75,66.361,60.1121,506.0705,0.79537
2025-12-18 10:54:53,4332.75,66.361,60.1121,506.0705,0.79537
2025-12-18 10:54:53,4332.75,66.361,60.1121,506.0705,0.79537
2025-12-18 10:54:53,4332.75,66.361,60.1121,506.0705,0.79537
2025-12-18 10:54:53,4332.75,66.361,60.1121,506.0705,0.79537
2025-12-18 10:54:53,4332.76,66.361,60.1121,506.0705,0.79537
2025-12-18 10:54:53,4332.76,66.358,60.1121,506.0705,0.79537
2025-12-18 10:54:54,4332.76,66.358,60.1121,506.0705,0.79537
2025-12-18 10:54:54,4332.76,66.358,60.1121,506.0705,0.79537
2025-12-18 10:54:54,4332.76,66.358,60.1121,506.0705,0.79537
2025-12-18 10:54:54,4332.76,66.358,60.1121,506.0705,0.79537
2025-12-18 10:54:54,4332.74,66.358,60.1121,506.0705,0.79537
2025-12-18 10:54:54,4332.74,66.361,60.1121,506.0705,0.79537
2025-12-18 10:54:55,4332.74,66.361,60.1121,506.0705,0.79537
2025-12-18 10:54:55,4332.74,66.361,60.1121,506.0705,0.79537
2025-12-18 10:54:55,4332.74,66.361,60.1121,506.0705,0.79537
2025-12-18 10:54:55,4332.74,66.361,60.1121,506.0705,0.79537
2025-12-18 10:54:55,4332.74,66.362,60.1121,506.0705,0.79537
2025-12-18 10:54:55,4332.82,66.362,60.1121,506.0705,0.79537
2025-12-18 10:54:56,4332.82,66.362,60.1121,506.0705,0.79537
2025-12-18 10:54:56,4332.82,66.362,60.1121,506.0705,0.79537
2025-12-18 10:54:56,4332.82,66.362,60.1121,506.0705,0.79537
2025-12-18 10:54:56,4332.82,66.362,60.1121,506.0705,0.79537
2025-12-18 10:54:56,4332.86,66.362,60.1121,506.0705,0.79537
2025-12-18 10:54:56,4332.86,66.364,60.1121,506.0705,0.79537
2025-12-18 10:54:57,4332.86,66.364,60.1121,506.0705,0.79537
2025-12-18 10:54:57,4332.86,66.364,60.1121,506.0705,0.79537
2025-12-18 10:54:57,4332.86,66.364,60.1121,506.0705,0.79537
2025-12-18 10:54:57,4332.86,66.364,60.1121,506.0705,0.79537
2025-12-18 10:54:57,4332.86,66.366,60.1121,506.0705,0.79537
2025-12-18 10:54:58,4332.89,66.366,60.1121,506.0705,0.79537
2025-12-18 10:54:58,4332.89,66.366,60.1121,506.0705,0.79537
2025-12-18 10:54:58,4332.89,66.366,60.1121,506.0705,0.79537
2025-12-18 10:54:58,4332.89,66.366,60.1121,506.0705,0.79537
2025-12-18 10:54:58,4332.89,66.366,60.1121,506.0705,0.79537
2025-12-18 10:54:59,4332.89,66.366,60.1121,506.0705,0.79536
2025-12-18 10:54:59,4332.89,66.37,60.1121,506.0705,0.79536
2025-12-18 10:55:00,4332.75,66.37,60.1121,506.0705,0.79536
2025-12-18 10:55:00,4332.75,66.374,60.1121,506.0705,0.79536
2025-12-18 10:55:00,4332.75,66.374,60.1121,506.0705,0.79536
2025-12-18 10:55:00,4332.75,66.37,60.1121,506.0705,0.79536
2025-12-18 10:55:00,4332.75,66.37,60.1121,506.0705,0.79536
2025-12-18 10:55:00,4332.75,66.37,60.1121,506.0705,0.79536
2025-12-18 10:55:00,4332.75,66.37,60.1121,506.0705,0.79536
2025-12-18 10:55:00,4332.82,66.37,60.1121,506.0705,0.79536
2025-12-18 10:55:01,4332.82,66.377,60.1121,506.0705,0.79536
2025-12-18 10:55:01,4332.89,66.377,60.1121,506.0705,0.79536
2025-12-18 10:55:01,4332.89,66.374,60.1121,506.0705,0.79536
2025-12-18 10:55:01,4332.82,66.374,60.1121,506.0705,0.79536
2025-12-18 10:55:01,4332.82,66.374,60.1121,506.0705,0.79536
2025-12-18 10:55:01,4332.82,66.374,60.1121,506.0705,0.79536
2025-12-18 10:55:01,4332.82,66.377,60.1121,506.0705,0.79536
2025-12-18 10:55:01,4332.89,66.377,60.1121,506.0705,0.79536
2025-12-18 10:55:01,4332.89,66.377,60.1121,506.0705,0.79536
2025-12-18 10:55:01,4332.89,66.377,60.1121,506.0705,0.79536
2025-12-18 10:55:02,4332.89,66.383,60.1121,506.0705,0.79536
2025-12-18 10:55:02,4332.9,66.383,60.1121,506.0705,0.79536
2025-12-18 10:55:02,4332.9,66.383,60.1121,506.0705,0.79536
2025-12-18 10:55:02,4332.9,66.383,60.1121,506.0705,0.79536
2025-12-18 10:55:02,4332.9,66.383,60.1121,506.0705,0.79536
2025-12-18 10:55:02,4332.9,66.383,60.1121,506.0705,0.79536
2025-12-18 10:55:03,4332.9,66.384,60.1121,506.0705,0.79536
2025-12-18 10:55:03,4332.88,66.384,60.1121,506.0705,0.79536
2025-12-18 10:55:03,4332.88,66.384,60.1121,506.0705,0.79536
2025-12-18 10:55:03,4332.88,66.384,60.1121,506.0705,0.79536
2025-12-18 10:55:03,4332.88,66.384,60.1121,506.0705,0.79536
2025-12-18 10:55:03,4332.88,66.384,60.1121,506.0705,0.79536
2025-12-18 10:55:03,4332.92,66.384,60.1121,506.0705,0.79536
2025-12-18 10:55:04,4332.92,66.384,60.1121,506.0705,0.79536
2025-12-18 10:55:04,4332.92,66.384,60.1121,506.0705,0.79536
2025-12-18 10:55:05,4332.94,66.384,60.1121,506.0705,0.79536
2025-12-18 10:55:05,4332.94,66.384,60.1121,506.0705,0.79536
2025-12-18 10:55:05,4332.94,66.384,60.1121,506.0705,0.79536
2025-12-18 10:55:05,4332.87,66.384,60.1121,506.0705,0.79536
2025-12-18 10:55:06,4332.87,66.384,60.1121,506.0705,0.79536
2025-12-18 10:55:06,4332.87,66.384,60.1121,506.0705,0.79536
2025-12-18 10:55:06,4332.9,66.384,60.1121,506.0705,0.79536
2025-12-18 10:55:07,4332.9,66.384,60.1121,506.0705,0.79536
2025-12-18 10:55:07,4332.9,66.384,60.1121,506.0705,0.79536
2025-12-18 10:55:07,4332.9,66.391,60.1121,506.0705,0.79536
2025-12-18 10:55:07,4333.2,66.391,60.1121,506.0705,0.79536
2025-12-18 10:55:08,4333.2,66.391,60.1121,506.0705,0.79536
2025-12-18 10:55:08,4333.2,66.391,60.1121,506.0705,0.79536
2025-12-18 10:55:08,4333.2,66.391,60.1121,506.0705,0.79536
2025-12-18 10:55:08,4333.2,66.391,60.1121,506.0705,0.79536
2025-12-18 10:55:08,4333.2,66.391,60.1121,506.0705,0.79536
2025-12-18 10:55:09,4333.2,66.394,60.1121,506.0705,0.79536
2025-12-18 10:55:09,4333.21,66.394,60.1121,506.0705,0.79536
2025-12-18 10:55:09,4333.21,66.394,60.1121,506.0705,0.79536
2025-12-18 10:55:09,4333.21,66.394,60.1121,506.0705,0.79536
2025-12-18 10:55:09,4333.21,66.394,60.1121,506.0705,0.79536
2025-12-18 10:55:09,4333.21,66.394,60.1121,506.0705,0.79536
2025-12-18 10:55:09,4333.21,66.394,60.1121,506.0705,0.79536
2025-12-18 10:55:09,4333.23,66.394,60.1121,506.0705,0.79536
2025-12-18 10:55:10,4333.23,66.394,60.1121,506.0705,0.79536
2025-12-18 10:55:10,4333.23,66.394,60.1121,506.0705,0.79536
2025-12-18 10:55:10,4333.26,66.394,60.1121,506.0705,0.79536
2025-12-18 10:55:11,4333.26,66.394,60.1121,506.0705,0.79536
2025-12-18 10:55:11,4333.26,66.394,60.1121,506.0705,0.79536
2025-12-18 10:55:11,4333.26,66.394,60.1121,506.0705,0.79536
2025-12-18 10:55:12,4333.26,66.394,60.1121,506.0705,0.79536
2025-12-18 10:55:12,4333.26,66.394,60.1121,506.0705,0.79536
2025-12-18 10:55:12,4333.26,66.393,60.1121,506.0705,0.79536
2025-12-18 10:55:12,4333.24,66.393,60.1121,506.0705,0.79536
2025-12-18 10:55:13,4333.24,66.393,60.1121,506.0705,0.79536
2025-12-18 10:55:13,4333.24,66.393,60.1121,506.0705,0.79536
2025-12-18 10:55:13,4333.24,66.393,60.1121,506.0705,0.79536
2025-12-18 10:55:13,4333.24,66.393,60.1121,506.0705,0.79536
2025-12-18 10:55:13,4333.19,66.393,60.1121,506.0705,0.79536
2025-12-18 10:55:14,4333.19,66.393,60.1121,506.0705,0.79536
2025-12-18 10:55:14,4333.19,66.393,60.1121,506.0705,0.79536
2025-12-18 10:55:14,4333.21,66.393,60.1121,506.0705,0.79536
2025-12-18 10:55:15,4333.21,66.393,60.1121,506.0705,0.79536
2025-12-18 10:55:15,4333.21,66.393,60.1121,506.0705,0.79536
2025-12-18 10:55:15,4333.21,66.395,60.1121,506.0705,0.79536
2025-12-18 10:55:15,4333.21,66.395,60.1121,506.0705,0.79536
2025-12-18 10:55:16,4333.21,66.395,60.1121,506.0705,0.79536
2025-12-18 10:55:16,4333.21,66.395,60.1121,506.0705,0.79536
2025-12-18 10:55:16,4333.21,66.395,60.1121,506.0705,0.79536
2025-12-18 10:55:16,4333.21,66.395,60.1121,506.0705,0.79536
2025-12-18 10:55:16,4333.19,66.395,60.1121,506.0705,0.79536
2025-12-18 10:55:16,4333.19,66.397,60.1121,506.0705,0.79536
2025-12-18 10:55:17,4333.19,66.397,60.1121,506.0705,0.79536
2025-12-18 10:55:17,4333.19,66.397,60.1121,506.0705,0.79536
2025-12-18 10:55:17,4333.19,66.397,60.1121,506.0705,0.79536
2025-12-18 10:55:17,4333.19,66.397,60.1121,506.0705,0.79536
2025-12-18 10:55:17,4333.21,66.397,60.1121,506.0705,0.79536
2025-12-18 10:55:18,4333.21,66.397,60.1121,506.0705,0.79536
2025-12-18 10:55:18,4333.21,66.397,60.1121,506.0705,0.79536
2025-12-18 10:55:20,4333.26,66.397,60.1121,506.0705,0.79536
2025-12-18 10:55:21,4333.26,66.397,60.1121,506.0705,0.79536
2025-12-18 10:55:21,4333.26,66.397,60.1121,506.0705,0.79536
2025-12-18 10:55:21,4333.26,66.398,60.1121,506.0705,0.79536
2025-12-18 10:55:21,4333.19,66.398,60.1121,506.0705,0.79536
2025-12-18 10:55:22,4333.19,66.398,60.1121,506.0705,0.79536
2025-12-18 10:55:22,4333.19,66.398,60.1121,506.0705,0.79536
2025-12-18 10:55:22,4333.19,66.398,60.1121,506.0705,0.79536
2025-12-18 10:55:22,4333.19,66.398,60.1121,506.0705,0.79536
2025-12-18 10:55:22,4333.19,66.398,60.1121,506.0705,0.79536
2025-12-18 10:55:22,4333.19,66.389,60.1121,506.0705,0.79536
2025-12-18 10:55:23,4333.19,66.389,60.1121,506.0705,0.79536
2025-12-18 10:55:23,4333.19,66.389,60.1121,506.0705,0.79536
2025-12-18 10:55:23,4333.19,66.389,60.1121,506.0705,0.79536
2025-12-18 10:55:23,4333.19,66.389,60.1121,506.0705,0.79536
2025-12-18 10:55:23,4333.19,66.392,60.1121,506.0705,0.79536
2025-12-18 10:55:23,4333.3,66.392,60.1121,506.0705,0.79536
2025-12-18 10:55:24,4333.3,66.392,60.1121,506.0705,0.79536
2025-12-18 10:55:24,4333.3,66.392,60.1121,506.0705,0.79536
2025-12-18 10:55:24,4333.3,66.392,60.1121,506.0705,0.79536
2025-12-18 10:55:24,4333.3,66.392,60.1121,506.0705,0.79536
2025-12-18 10:55:24,4333.3,66.394,60.1121,506.0705,0.79536
2025-12-18 10:55:25,4333.22,66.394,60.1121,506.0705,0.79536
2025-12-18 10:55:25,4333.22,66.394,60.1121,506.0705,0.79536
2025-12-18 10:55:25,4333.22,66.394,60.1121,506.0705,0.79536
2025-12-18 10:55:25,4333.22,66.394,60.1121,506.0705,0.79536
2025-12-18 10:55:25,4333.22,66.394,60.1121,506.0705,0.79536
2025-12-18 10:55:25,4333.31,66.394,60.1121,506.0705,0.79536
2025-12-18 10:55:26,4333.31,66.394,60.1121,506.0705,0.79536
2025-12-18 10:55:26,4333.31,66.394,60.1121,506.0705,0.79536
2025-12-18 10:55:26,4333.31,66.394,60.1121,506.0705,0.79537
2025-12-18 10:55:26,4333.31,66.392,60.1121,506.0705,0.79537
2025-12-18 10:55:27,4333.29,66.392,60.1121,506.0705,0.79537
2025-12-18 10:55:27,4333.29,66.392,60.1121,506.0705,0.79537
2025-12-18 10:55:27,4333.29,66.392,60.1121,506.0705,0.79537
2025-12-18 10:55:27,4333.29,66.392,60.1121,506.0705,0.79537
2025-12-18 10:55:27,4333.29,66.392,60.1121,506.0705,0.79537
2025-12-18 10:55:27,4333.29,66.392,60.1121,506.0705,0.79537
2025-12-18 10:55:27,4333.29,66.392,60.1121,506.0705,0.79536
2025-12-18 10:55:27,4333.29,66.394,60.1121,506.0705,0.79536
2025-12-18 10:55:27,4333.27,66.394,60.1121,506.0705,0.79536
2025-12-18 10:55:28,4333.27,66.394,60.1121,506.0705,0.79536
2025-12-18 10:55:28,4333.27,66.394,60.1121,506.0705,0.79536
2025-12-18 10:55:28,4333.27,66.394,60.1121,506.0705,0.79536
2025-12-18 10:55:28,4333.27,66.394,60.1121,506.0705,0.79536
2025-12-18 10:55:28,4333.27,66.394,60.1121,506.0705,0.79536
2025-12-18 10:55:28,4333.27,66.394,60.1121,506.0705,0.79536
2025-12-18 10:55:28,4333.25,66.394,60.1121,506.0705,0.79536
2025-12-18 10:55:29,4333.25,66.394,60.1121,506.0705,0.79536
2025-12-18 10:55:29,4333.25,66.394,60.1121,506.0705,0.79536
2025-12-18 10:55:29,4333.25,66.394,60.1121,506.0705,0.79536
2025-12-18 10:55:29,4333.25,66.394,60.1121,506.0705,0.79536
2025-12-18 10:55:29,4333.25,66.395,60.1121,506.0705,0.79536
2025-12-18 10:55:30,4333.25,66.395,60.1121,506.0705,0.79536
2025-12-18 10:55:30,4333.25,66.395,60.1121,506.0705,0.79536
2025-12-18 10:55:30,4333.25,66.395,60.1121,506.0705,0.79536
2025-12-18 10:55:30,4333.25,66.395,60.1121,506.0705,0.79536
2025-12-18 10:55:30,4333.25,66.395,60.1121,506.0705,0.79536
2025-12-18 10:55:30,4333.25,66.398,60.1121,506.0705,0.79536
2025-12-18 10:55:31,4333.25,66.398,60.1121,506.0705,0.79536
2025-12-18 10:55:31,4333.25,66.398,60.1121,506.0705,0.79536
2025-12-18 10:55:31,4333.25,66.398,60.1121,506.0705,0.79536
2025-12-18 10:55:31,4333.25,66.398,60.1121,506.0705,0.79536
2025-12-18 10:55:31,4333.25,66.399,60.1121,506.0705,0.79536
2025-12-18 10:55:32,4333.25,66.399,60.1121,506.0705,0.79536
2025-12-18 10:55:32,4333.25,66.399,60.1121,506.0705,0.79536
2025-12-18 10:55:32,4333.23,66.399,60.1121,506.0705,0.79536
2025-12-18 10:55:33,4333.23,66.399,60.1121,506.0705,0.79536
2025-12-18 10:55:33,4333.23,66.399,60.1121,506.0705,0.79536
2025-12-18 10:55:33,4333.22,66.399,60.1121,506.0705,0.79536
2025-12-18 10:55:34,4333.22,66.399,60.1121,506.0705,0.79536
2025-12-18 10:55:34,4333.22,66.399,60.1121,506.0705,0.79536
2025-12-18 10:55:34,4333.31,66.399,60.1121,506.0705,0.79536
2025-12-18 10:55:35,4333.31,66.399,60.1121,506.0705,0.79536
2025-12-18 10:55:35,4333.31,66.399,60.1121,506.0705,0.79536
2025-12-18 10:55:35,4333.31,66.399,60.1121,506.0705,0.79536
2025-12-18 10:55:35,4333.31,66.398,60.1121,506.0705,0.79536
2025-12-18 10:55:36,4333.31,66.398,60.1121,506.0705,0.79536
2025-12-18 10:55:36,4333.31,66.398,60.1121,506.0705,0.79536
2025-12-18 10:55:36,4333.31,66.398,60.1121,506.0705,0.79536
2025-12-18 10:55:36,4333.31,66.398,60.1121,506.0705,0.79536
2025-12-18 10:55:36,4333.34,66.398,60.1121,506.0705,0.79536
2025-12-18 10:55:37,4333.34,66.398,60.1121,506.0705,0.79536
2025-12-18 10:55:37,4333.34,66.398,60.1121,506.0705,0.79536
2025-12-18 10:55:37,4333.29,66.398,60.1121,506.0705,0.79536
2025-12-18 10:55:38,4333.29,66.398,60.1121,506.0705,0.79536
2025-12-18 10:55:38,4333.29,66.398,60.1121,506.0705,0.79536
2025-12-18 10:55:38,4333.29,66.398,60.1121,506.0705,0.79536
2025-12-18 10:55:38,4333.27,66.398,60.1121,506.0705,0.79536
2025-12-18 10:55:39,4333.27,66.398,60.1121,506.0705,0.79536
2025-12-18 10:55:39,4333.27,66.398,60.1121,506.0705,0.79536
2025-12-18 10:55:39,4333.27,66.398,60.1121,506.0705,0.79536
2025-12-18 10:55:39,4333.32,66.398,60.1121,506.0705,0.79536
2025-12-18 10:55:40,4333.32,66.398,60.1121,506.0705,0.79536
2025-12-18 10:55:40,4333.32,66.398,60.1121,506.0705,0.79536
2025-12-18 10:55:40,4333.32,66.393,60.1121,506.0705,0.79536
2025-12-18 10:55:40,4333.28,66.393,60.1121,506.0705,0.79536
2025-12-18 10:55:41,4333.28,66.393,60.1121,506.0705,0.79536
2025-12-18 10:55:41,4333.28,66.393,60.1121,506.0705,0.79536
2025-12-18 10:55:41,4333.28,66.393,60.1121,506.0705,0.79536
2025-12-18 10:55:41,4333.28,66.393,60.1121,506.0705,0.79536
2025-12-18 10:55:42,4333.28,66.393,60.1121,506.0705,0.79536
2025-12-18 10:55:43,4333.28,66.393,60.1121,506.0705,0.79536
2025-12-18 10:55:43,4333.28,66.393,60.1121,506.0705,0.79536
2025-12-18 10:55:43,4333.28,66.391,60.1121,506.0705,0.79536
2025-12-18 10:55:43,4333.35,66.391,60.1121,506.0705,0.79536
2025-12-18 10:55:44,4333.35,66.391,60.1121,506.0705,0.79536
2025-12-18 10:55:44,4333.35,66.391,60.1121,506.0705,0.79536
2025-12-18 10:55:44,4333.35,66.391,60.1121,506.0705,0.79536
2025-12-18 10:55:44,4333.35,66.391,60.1121,506.0705,0.79536
2025-12-18 10:55:44,4333.34,66.391,60.1121,506.0705,0.79536
2025-12-18 10:55:45,4333.34,66.391,60.1121,506.0705,0.79536
2025-12-18 10:55:45,4333.34,66.391,60.1121,506.0705,0.79536
2025-12-18 10:55:45,4333.33,66.391,60.1121,506.0705,0.79536
2025-12-18 10:55:46,4333.33,66.391,60.1121,506.0705,0.79536
2025-12-18 10:55:46,4333.33,66.391,60.1121,506.0705,0.79536
2025-12-18 10:55:46,4333.29,66.391,60.1121,506.0705,0.79536
2025-12-18 10:55:47,4333.29,66.391,60.1121,506.0705,0.79536
2025-12-18 10:55:47,4333.29,66.391,60.1121,506.0705,0.79536
2025-12-18 10:55:47,4333.27,66.391,60.1121,506.0705,0.79536
2025-12-18 10:55:47,4333.27,66.382,60.1121,506.0705,0.79536
2025-12-18 10:55:48,4333.27,66.382,60.1121,506.0705,0.79536
2025-12-18 10:55:48,4333.27,66.382,60.1121,506.0705,0.79536
2025-12-18 10:55:48,4333.27,66.382,60.1121,506.0705,0.79536
2025-12-18 10:55:48,4333.27,66.382,60.1121,506.0705,0.79536
2025-12-18 10:55:48,4333.27,66.374,60.1121,506.0705,0.79536
2025-12-18 10:55:48,4333.28,66.374,60.1121,506.0705,0.79536
2025-12-18 10:55:49,4333.28,66.374,60.1121,506.0705,0.79536
2025-12-18 10:55:49,4333.28,66.374,60.1121,506.0705,0.79536
2025-12-18 10:55:49,4333.28,66.374,60.1121,506.0705,0.79536
2025-12-18 10:55:49,4333.28,66.374,60.1121,506.0705,0.79536
2025-12-18 10:55:49,4333.23,66.374,60.1121,506.0705,0.79536
2025-12-18 10:55:49,4333.23,66.375,60.1121,506.0705,0.79536
2025-12-18 10:55:50,4333.23,66.375,60.1121,506.0705,0.79536
2025-12-18 10:55:50,4333.23,66.375,60.1121,506.0705,0.79536
2025-12-18 10:55:50,4333.23,66.375,60.1121,506.0705,0.79536
2025-12-18 10:55:50,4333.23,66.375,60.1121,506.0705,0.79536
2025-12-18 10:55:50,4333.25,66.375,60.1121,506.0705,0.79536
2025-12-18 10:55:50,4333.25,66.37,60.1121,506.0705,0.79536
2025-12-18 10:55:51,4333.25,66.37,60.1121,506.0705,0.79536
2025-12-18 10:55:51,4333.25,66.37,60.1121,506.0705,0.79536
2025-12-18 10:55:51,4333.25,66.37,60.1121,506.0705,0.79536
2025-12-18 10:55:51,4333.25,66.37,60.1121,506.0705,0.79536
2025-12-18 10:55:51,4333.28,66.37,60.1121,506.0705,0.79536
2025-12-18 10:55:51,4333.28,66.371,60.1121,506.0705,0.79536
2025-12-18 10:55:52,4333.28,66.371,60.1121,506.0705,0.79536
2025-12-18 10:55:52,4333.28,66.371,60.1121,506.0705,0.79536
2025-12-18 10:55:52,4333.28,66.371,60.1121,506.0705,0.79536
2025-12-18 10:55:52,4333.28,66.371,60.1121,506.0705,0.79536
2025-12-18 10:55:52,4333.28,66.365,60.1121,506.0705,0.79536
2025-12-18 10:55:52,4333.11,66.365,60.1121,506.0705,0.79536
2025-12-18 10:55:53,4333.11,66.365,60.1121,506.0705,0.79536
2025-12-18 10:55:53,4333.11,66.365,60.1121,506.0705,0.79536
2025-12-18 10:55:53,4333.11,66.365,60.1121,506.0705,0.79536
2025-12-18 10:55:53,4333.11,66.365,60.1121,506.0705,0.79536
2025-12-18 10:55:53,4333.2,66.365,60.1121,506.0705,0.79536
2025-12-18 10:55:54,4333.2,66.365,60.1121,506.0705,0.79536
2025-12-18 10:55:54,4333.2,66.365,60.1121,506.0705,0.79536
2025-12-18 10:55:54,4333.12,66.365,60.1121,506.0705,0.79536
2025-12-18 10:55:54,4333.12,66.36,60.1121,506.0705,0.79536
2025-12-18 10:55:55,4333.12,66.36,60.1121,506.0705,0.79536
2025-12-18 10:55:55,4333.12,66.36,60.1121,506.0705,0.79536
2025-12-18 10:55:55,4333.12,66.36,60.1121,506.0705,0.79536
2025-12-18 10:55:55,4333.12,66.36,60.1121,506.0705,0.79536
2025-12-18 10:55:55,4333.07,66.36,60.1121,506.0705,0.79536
2025-12-18 10:55:56,4333.07,66.36,60.1121,506.0705,0.79536
2025-12-18 10:55:56,4333.07,66.36,60.1121,506.0705,0.79536
2025-12-18 10:55:56,4333.07,66.361,60.1121,506.0705,0.79536
2025-12-18 10:55:56,4333.1,66.361,60.1121,506.0705,0.79536
2025-12-18 10:55:57,4333.1,66.361,60.1121,506.0705,0.79536
2025-12-18 10:55:57,4333.1,66.361,60.1121,506.0705,0.79536
2025-12-18 10:55:57,4333.1,66.361,60.1121,506.0705,0.79536
2025-12-18 10:55:57,4333.1,66.361,60.1121,506.0705,0.79536
2025-12-18 10:55:57,4333.1,66.356,60.1121,506.0705,0.79536
2025-12-18 10:55:57,4333.05,66.356,60.1121,506.0705,0.79536
2025-12-18 10:55:58,4333.05,66.356,60.1121,506.0705,0.79536
2025-12-18 10:55:58,4333.05,66.356,60.1121,506.0705,0.79536
2025-12-18 10:55:58,4333.05,66.356,60.1121,506.0705,0.79536
2025-12-18 10:55:58,4333.05,66.356,60.1121,506.0705,0.79536
2025-12-18 10:55:59,4333.05,66.356,60.1121,506.0705,0.79536
2025-12-18 10:55:59,4333.05,66.3605,60.1121,506.0705,0.79536
2025-12-18 10:55:59,4333.05,66.3605,60.1121,506.0705,0.79536
2025-12-18 10:55:59,4333.05,66.3605,60.1121,506.0705,0.79536
2025-12-18 10:55:59,4333.05,66.3605,60.1121,506.0705,0.79536
2025-12-18 10:55:59,4333.05,66.3605,60.1121,506.0705,0.79536
2025-12-18 10:56:00,4333.03,66.3605,60.1121,506.0705,0.79536
2025-12-18 10:56:00,4333.03,66.361,60.1121,506.0705,0.79536
2025-12-18 10:56:00,4333.03,66.361,60.1121,506.0705,0.79536
2025-12-18 10:56:00,4333.03,66.361,60.1121,506.0705,0.79536
2025-12-18 10:56:00,4333.03,66.361,60.1121,506.0705,0.79536
2025-12-18 10:56:00,4333.03,66.361,60.1121,506.0705,0.79536
2025-12-18 10:56:01,4333.02,66.361,60.1121,506.0705,0.79536
2025-12-18 10:56:01,4333.02,66.359,60.1121,506.0705,0.79536
2025-12-18 10:56:01,4333.02,66.359,60.1121,506.0705,0.79536
2025-12-18 10:56:01,4333.02,66.359,60.1121,506.0705,0.79536
2025-12-18 10:56:01,4333.02,66.359,60.1121,506.0705,0.79536
2025-12-18 10:56:01,4333.02,66.359,60.1121,506.0705,0.79536
2025-12-18 10:56:01,4333.02,66.361,60.1121,506.0705,0.79536
2025-12-18 10:56:01,4333.06,66.361,60.1121,506.0705,0.79536
2025-12-18 10:56:02,4333.06,66.361,60.1121,506.0705,0.79536
2025-12-18 10:56:02,4333.06,66.361,60.1121,506.0705,0.79536
2025-12-18 10:56:02,4333.06,66.361,60.1121,506.0705,0.79536
2025-12-18 10:56:02,4333.06,66.361,60.1121,506.0705,0.79536
2025-12-18 10:56:02,4333.06,66.368,60.1121,506.0705,0.79536
2025-12-18 10:56:02,4333.16,66.368,60.1121,506.0705,0.79536
2025-12-18 10:56:03,4333.16,66.368,60.1121,506.0705,0.79536
2025-12-18 10:56:03,4333.16,66.368,60.1121,506.0705,0.79536
2025-12-18 10:56:03,4333.16,66.368,60.1121,506.0705,0.79536
2025-12-18 10:56:03,4333.16,66.368,60.1121,506.0705,0.79536
2025-12-18 10:56:03,4333.16,66.372,60.1121,506.0705,0.79536
2025-12-18 10:56:03,4333.28,66.372,60.1121,506.0705,0.79536
2025-12-18 10:56:04,4333.28,66.372,60.1121,506.0705,0.79536
2025-12-18 10:56:04,4333.28,66.372,60.1121,506.0705,0.79536
2025-12-18 10:56:04,4333.28,66.372,60.1121,506.0705,0.79536
2025-12-18 10:56:04,4333.28,66.372,60.1121,506.0705,0.79536
2025-12-18 10:56:04,4333.34,66.372,60.1121,506.0705,0.79536
2025-12-18 10:56:04,4333.34,66.374,60.1121,506.0705,0.79536
2025-12-18 10:56:04,4333.34,66.374,60.123,506.0705,0.79536
2025-12-18 10:56:05,4333.34,66.374,60.123,506.0705,0.79536
2025-12-18 10:56:05,4333.34,66.374,60.123,506.0705,0.79536
2025-12-18 10:56:05,4333.34,66.374,60.123,506.0705,0.79536
2025-12-18 10:56:05,4333.34,66.374,60.123,506.0705,0.79536
2025-12-18 10:56:05,4333.34,66.374,60.123,506.0705,0.79536
2025-12-18 10:56:05,4333.34,66.374,60.123,506.0705,0.79536
2025-12-18 10:56:05,4333.34,66.374,60.113,506.0705,0.79536
2025-12-18 10:56:05,4333.28,66.374,60.113,506.0705,0.79536
2025-12-18 10:56:06,4333.28,66.373,60.113,506.0705,0.79536
2025-12-18 10:56:06,4333.28,66.373,60.113,506.0705,0.79536
2025-12-18 10:56:06,4333.28,66.373,60.113,506.0705,0.79536
2025-12-18 10:56:06,4333.28,66.373,60.113,506.0705,0.79536
2025-12-18 10:56:06,4333.28,66.373,60.113,506.0705,0.79536
2025-12-18 10:56:06,4333.28,66.373,60.113,506.0705,0.79536
2025-12-18 10:56:06,4333.28,66.373,60.113,506.0705,0.79536
2025-12-18 10:56:06,4333.28,66.376,60.113,506.0705,0.79536
2025-12-18 10:56:06,4333.22,66.376,60.113,506.0705,0.79536
2025-12-18 10:56:07,4333.22,66.376,60.113,506.0705,0.79536
2025-12-18 10:56:07,4333.22,66.376,60.113,506.0705,0.79536
2025-12-18 10:56:07,4333.22,66.376,60.113,506.0705,0.79536
2025-12-18 10:56:07,4333.22,66.376,60.113,506.0705,0.79536
2025-12-18 10:56:07,4333.31,66.376,60.113,506.0705,0.79536
2025-12-18 10:56:07,4333.31,66.415,60.113,506.0705,0.79536
2025-12-18 10:56:08,4333.31,66.415,60.113,506.0705,0.79536
2025-12-18 10:56:08,4333.31,66.415,60.113,506.0705,0.79536
2025-12-18 10:56:08,4333.31,66.415,60.113,506.0705,0.79536
2025-12-18 10:56:08,4333.31,66.415,60.113,506.0705,0.79536
2025-12-18 10:56:09,4333.34,66.415,60.113,506.0705,0.79536
2025-12-18 10:56:09,4333.34,66.417,60.113,506.0705,0.79536
2025-12-18 10:56:09,4333.34,66.417,60.113,506.0705,0.79536
2025-12-18 10:56:09,4333.34,66.417,60.113,506.0705,0.79536
2025-12-18 10:56:09,4333.34,66.417,60.113,506.0705,0.79536
2025-12-18 10:56:09,4333.34,66.417,60.113,506.0705,0.79537
2025-12-18 10:56:09,4333.35,66.417,60.113,506.0705,0.79537
2025-12-18 10:56:09,4333.35,66.418,60.113,506.0705,0.79537
2025-12-18 10:56:10,4333.35,66.418,60.113,506.0705,0.79537
2025-12-18 10:56:10,4333.35,66.418,60.113,506.0705,0.79537
2025-12-18 10:56:10,4333.35,66.418,60.113,506.0705,0.79537
2025-12-18 10:56:10,4333.35,66.418,60.113,506.0705,0.79537
2025-12-18 10:56:10,4333.35,66.418,60.113,506.0705,0.79537
2025-12-18 10:56:10,4333.35,66.42,60.113,506.0705,0.79537
2025-12-18 10:56:10,4333.3,66.42,60.113,506.0705,0.79537
2025-12-18 10:56:11,4333.3,66.42,60.113,506.0705,0.79537
2025-12-18 10:56:11,4333.3,66.42,60.113,506.0705,0.79537
2025-12-18 10:56:11,4333.3,66.42,60.113,506.0705,0.79537
2025-12-18 10:56:11,4333.3,66.42,60.113,506.0705,0.79537
2025-12-18 10:56:11,4333.3,66.42,60.1214,506.0705,0.79537
2025-12-18 10:56:11,4333.3,66.418,60.1214,506.0705,0.79537
2025-12-18 10:56:11,4333.27,66.418,60.1214,506.0705,0.79537
2025-12-18 10:56:12,4333.27,66.418,60.1214,506.0705,0.79537
2025-12-18 10:56:12,4333.27,66.418,60.1214,506.0705,0.79537
2025-12-18 10:56:12,4333.27,66.418,60.1214,506.0705,0.79537
2025-12-18 10:56:12,4333.27,66.418,60.1214,506.0705,0.79537
2025-12-18 10:56:12,4333.27,66.418,60.1214,506.0705,0.79537
2025-12-18 10:56:12,4333.27,66.418,60.1214,506.0705,0.79537
2025-12-18 10:56:12,4333.27,66.413,60.1214,506.0705,0.79537
2025-12-18 10:56:12,4333.24,66.413,60.1214,506.0705,0.79537
2025-12-18 10:56:13,4333.24,66.413,60.1214,506.0705,0.79537
2025-12-18 10:56:13,4333.24,66.413,60.1214,506.0705,0.79537
2025-12-18 10:56:13,4333.24,66.413,60.1214,506.0705,0.79537
2025-12-18 10:56:13,4333.24,66.413,60.1214,506.0705,0.79537
2025-12-18 10:56:13,4333.23,66.413,60.1214,506.0705,0.79537
2025-12-18 10:56:14,4333.23,66.413,60.1214,506.0705,0.79537
2025-12-18 10:56:14,4333.23,66.413,60.1214,506.0705,0.79537
2025-12-18 10:56:14,4333.26,66.413,60.1214,506.0705,0.79537
2025-12-18 10:56:14,4333.26,66.409,60.1214,506.0705,0.79537
2025-12-18 10:56:15,4333.26,66.409,60.1214,506.0705,0.79537
2025-12-18 10:56:15,4333.26,66.409,60.1214,506.0705,0.79537
2025-12-18 10:56:15,4333.26,66.409,60.1214,506.0705,0.79537
2025-12-18 10:56:15,4333.26,66.409,60.1214,506.0705,0.79537
2025-12-18 10:56:15,4333.26,66.409,60.1214,506.0705,0.79537
2025-12-18 10:56:15,4333.32,66.409,60.1214,506.0705,0.79537
2025-12-18 10:56:16,4333.32,66.409,60.1214,506.0705,0.79537
2025-12-18 10:56:16,4333.32,66.409,60.1214,506.0705,0.79537
2025-12-18 10:56:16,4333.32,66.409,60.1214,506.0705,0.79537
2025-12-18 10:56:16,4333.32,66.409,60.1214,506.0705,0.79537
2025-12-18 10:56:16,4333.32,66.408,60.1214,506.0705,0.79537
2025-12-18 10:56:16,4333.33,66.408,60.1214,506.0705,0.79537
2025-12-18 10:56:17,4333.33,66.408,60.1214,506.0705,0.79537
2025-12-18 10:56:17,4333.33,66.408,60.1214,506.0705,0.79537
2025-12-18 10:56:17,4333.33,66.408,60.1214,506.0705,0.79537
2025-12-18 10:56:17,4333.33,66.408,60.1214,506.0705,0.79537
2025-12-18 10:56:17,4333.33,66.407,60.1214,506.0705,0.79537
2025-12-18 10:56:17,4333.21,66.407,60.1214,506.0705,0.79537
2025-12-18 10:56:18,4333.21,66.407,60.1214,506.0705,0.79537
2025-12-18 10:56:18,4333.21,66.407,60.1214,506.0705,0.79537
2025-12-18 10:56:18,4333.21,66.407,60.1214,506.0705,0.79537
2025-12-18 10:56:18,4333.21,66.407,60.1214,506.0705,0.79537
2025-12-18 10:56:18,4333.21,66.407,60.1106,506.0705,0.79537
2025-12-18 10:56:18,4333.21,66.4095,60.1106,506.0705,0.79537
2025-12-18 10:56:19,4333.22,66.4095,60.1106,506.0705,0.79537
2025-12-18 10:56:19,4333.22,66.4095,60.1106,506.0705,0.79537
2025-12-18 10:56:19,4333.22,66.4095,60.1106,506.0705,0.79537
2025-12-18 10:56:19,4333.22,66.4095,60.1106,506.0705,0.79537
2025-12-18 10:56:19,4333.22,66.4095,60.1106,506.0705,0.79537
2025-12-18 10:56:19,4333.22,66.4095,60.1106,506.0705,0.79537
2025-12-18 10:56:19,4333.22,66.4095,60.1106,506.0705,0.79537
2025-12-18 10:56:19,4333.22,66.4095,60.1106,506.0705,0.79539
2025-12-18 10:56:20,4333.11,66.4095,60.1106,506.0705,0.79539
2025-12-18 10:56:20,4333.11,66.407,60.1106,506.0705,0.79539
2025-12-18 10:56:20,4333.11,66.407,60.1106,506.0705,0.79539
2025-12-18 10:56:20,4333.11,66.407,60.1106,506.0705,0.79539
2025-12-18 10:56:20,4333.11,66.407,60.1106,506.0705,0.79539
2025-12-18 10:56:20,4333.11,66.407,60.1106,506.0705,0.79539
2025-12-18 10:56:20,4333.11,66.407,60.1106,506.0705,0.79539
2025-12-18 10:56:20,4333.11,66.41,60.1106,506.0705,0.79539
2025-12-18 10:56:20,4333.27,66.41,60.1106,506.0705,0.79539
2025-12-18 10:56:21,4333.27,66.41,60.1106,506.0705,0.79539
2025-12-18 10:56:21,4333.27,66.41,60.1106,506.0705,0.79539
2025-12-18 10:56:21,4333.27,66.41,60.1106,506.0705,0.79539
2025-12-18 10:56:21,4333.27,66.41,60.1106,506.0705,0.79539
2025-12-18 10:56:21,4333.27,66.4075,60.1106,506.0705,0.79539
2025-12-18 10:56:21,4333.25,66.4075,60.1106,506.0705,0.79539
2025-12-18 10:56:22,4333.25,66.4075,60.1106,506.0705,0.79539
2025-12-18 10:56:22,4333.25,66.4075,60.1106,506.0705,0.79539
2025-12-18 10:56:22,4333.25,66.4075,60.1106,506.0705,0.79539
2025-12-18 10:56:22,4333.25,66.4075,60.1106,506.0705,0.79539
2025-12-18 10:56:23,4333.25,66.4075,60.1106,506.0705,0.79539
2025-12-18 10:56:23,4333.25,66.4075,60.1106,506.0705,0.79539
2025-12-18 10:56:23,4333.25,66.4075,60.1106,506.0705,0.79539
2025-12-18 10:56:23,4333.25,66.4115,60.1106,506.0705,0.79539
2025-12-18 10:56:23,4333.25,66.4115,60.1106,506.0705,0.79539
2025-12-18 10:56:24,4333.25,66.4115,60.1106,506.0705,0.79539
2025-12-18 10:56:24,4333.25,66.4115,60.1106,506.0705,0.79539
2025-12-18 10:56:24,4333.25,66.4115,60.1106,506.0705,0.79539
2025-12-18 10:56:24,4333.25,66.4115,60.1106,506.0705,0.79539
2025-12-18 10:56:24,4333.25,66.412,60.1106,506.0705,0.79539
2025-12-18 10:56:24,4333.18,66.412,60.1106,506.0705,0.79539
2025-12-18 10:56:25,4333.18,66.412,60.1106,506.0705,0.79539
2025-12-18 10:56:25,4333.18,66.412,60.1106,506.0705,0.79539
2025-12-18 10:56:25,4333.18,66.412,60.1106,506.0705,0.79539
2025-12-18 10:56:25,4333.18,66.412,60.1106,506.0705,0.79539
2025-12-18 10:56:25,4333.23,66.412,60.1106,506.0705,0.79539
2025-12-18 10:56:25,4333.23,66.412,60.1205,506.0705,0.79539
2025-12-18 10:56:25,4333.23,66.412,60.1205,506.0705,0.79539
2025-12-18 10:56:26,4333.23,66.412,60.1205,506.0705,0.79539
2025-12-18 10:56:26,4333.23,66.412,60.1205,506.0705,0.79539
2025-12-18 10:56:26,4333.23,66.412,60.1205,506.0705,0.79539
2025-12-18 10:56:26,4333.23,66.412,60.1205,506.0705,0.79539
2025-12-18 10:56:26,4333.23,66.412,60.1205,506.0705,0.79539
2025-12-18 10:56:26,4333.23,66.412,60.1205,506.0705,0.79539
2025-12-18 10:56:26,4333.24,66.412,60.1205,506.0705,0.79539
2025-12-18 10:56:27,4333.24,66.412,60.1205,506.0705,0.79539
2025-12-18 10:56:27,4333.24,66.412,60.1205,506.0705,0.79539
2025-12-18 10:56:27,4333.25,66.412,60.1205,506.0705,0.79539
2025-12-18 10:56:28,4333.25,66.412,60.1205,506.0705,0.79539
2025-12-18 10:56:28,4333.25,66.412,60.1205,506.0705,0.79539
2025-12-18 10:56:28,4333.25,66.409,60.1205,506.0705,0.79539
2025-12-18 10:56:28,4333.25,66.409,60.1101,506.0705,0.79539
2025-12-18 10:56:28,4333.26,66.409,60.1101,506.0705,0.79539
2025-12-18 10:56:29,4333.26,66.409,60.1101,506.0705,0.79539
2025-12-18 10:56:29,4333.26,66.409,60.1101,506.0705,0.79539
2025-12-18 10:56:29,4333.26,66.409,60.1101,506.0705,0.79539
2025-12-18 10:56:29,4333.26,66.409,60.1101,506.0705,0.79539
2025-12-18 10:56:29,4333.26,66.409,60.1101,506.0705,0.79539
2025-12-18 10:56:29,4333.26,66.409,60.1101,506.0705,0.79539
2025-12-18 10:56:29,4333.25,66.409,60.1101,506.0705,0.79539
2025-12-18 10:56:30,4333.25,66.409,60.1101,506.0705,0.79539
2025-12-18 10:56:30,4333.25,66.409,60.1101,506.0705,0.79539
2025-12-18 10:56:31,4333.25,66.409,60.1101,506.0705,0.79542
2025-12-18 10:56:31,4333.24,66.409,60.1101,506.0705,0.79542
2025-12-18 10:56:31,4333.24,66.4075,60.1101,506.0705,0.79542
2025-12-18 10:56:31,4333.24,66.4075,60.1101,506.0705,0.79542
2025-12-18 10:56:31,4333.24,66.4075,60.1101,506.0705,0.79542
2025-12-18 10:56:31,4333.24,66.4075,60.1101,506.0705,0.79542
2025-12-18 10:56:31,4333.24,66.4075,60.1101,506.0705,0.79542
2025-12-18 10:56:31,4333.24,66.4075,60.1101,506.0705,0.79542
2025-12-18 10:56:32,4333.24,66.4075,60.1101,506.0705,0.79543
2025-12-18 10:56:32,4333.27,66.4075,60.1101,506.0705,0.79543
2025-12-18 10:56:32,4333.27,66.4075,60.1101,506.0705,0.79543
2025-12-18 10:56:32,4333.27,66.4075,60.1101,506.0705,0.79543
2025-12-18 10:56:32,4333.27,66.4075,60.1101,506.0705,0.79543
2025-12-18 10:56:32,4333.27,66.4085,60.1101,506.0705,0.79543
2025-12-18 10:56:32,4333.3,66.4085,60.1101,506.0705,0.79543
2025-12-18 10:56:33,4333.3,66.4085,60.1101,506.0705,0.79543
2025-12-18 10:56:33,4333.3,66.4085,60.1101,506.0705,0.79543
2025-12-18 10:56:33,4333.3,66.4085,60.1101,506.0705,0.79543
2025-12-18 10:56:33,4333.3,66.4085,60.1101,506.0705,0.79543
2025-12-18 10:56:33,4333.3,66.416,60.1101,506.0705,0.79543
2025-12-18 10:56:33,4333.39,66.416,60.1101,506.0705,0.79543
2025-12-18 10:56:34,4333.39,66.416,60.1101,506.0705,0.79543
2025-12-18 10:56:34,4333.39,66.416,60.1101,506.0705,0.79543
2025-12-18 10:56:34,4333.39,66.416,60.1101,506.0705,0.79543
2025-12-18 10:56:34,4333.39,66.416,60.1101,506.0705,0.79543
2025-12-18 10:56:35,4333.39,66.416,60.1105,506.0705,0.79543
2025-12-18 10:56:35,4333.4,66.416,60.1105,506.0705,0.79543
2025-12-18 10:56:35,4333.4,66.416,60.1105,506.0705,0.79543
2025-12-18 10:56:35,4333.4,66.416,60.1105,506.0705,0.79543
2025-12-18 10:56:35,4333.4,66.416,60.1105,506.0705,0.79543
2025-12-18 10:56:35,4333.4,66.416,60.1105,506.0705,0.79543
2025-12-18 10:56:35,4333.4,66.413,60.1105,506.0705,0.79543
2025-12-18 10:56:35,4333.36,66.413,60.1105,506.0705,0.79543
2025-12-18 10:56:36,4333.36,66.413,60.1105,506.0705,0.79543
2025-12-18 10:56:36,4333.36,66.413,60.1105,506.0705,0.79543
2025-12-18 10:56:36,4333.36,66.413,60.1105,506.0705,0.79543
2025-12-18 10:56:36,4333.36,66.413,60.1105,506.0705,0.79543
2025-12-18 10:56:37,4333.36,66.413,60.1105,506.0705,0.79543
2025-12-18 10:56:37,4333.36,66.408,60.1105,506.0705,0.79543
2025-12-18 10:56:37,4333.39,66.408,60.1105,506.0705,0.79543
2025-12-18 10:56:37,4333.39,66.408,60.1105,506.0705,0.79543
2025-12-18 10:56:37,4333.39,66.408,60.1105,506.0705,0.79543
2025-12-18 10:56:37,4333.39,66.408,60.1105,506.0705,0.79543
2025-12-18 10:56:37,4333.39,66.408,60.1105,506.0705,0.79543
2025-12-18 10:56:37,4333.39,66.408,60.1105,506.0705,0.79543
2025-12-18 10:56:37,4333.33,66.408,60.1105,506.0705,0.79543
2025-12-18 10:56:37,4333.33,66.402,60.1105,506.0705,0.79543
2025-12-18 10:56:38,4333.33,66.402,60.1105,506.0705,0.79543
2025-12-18 10:56:38,4333.33,66.402,60.1105,506.0705,0.79543
2025-12-18 10:56:38,4333.33,66.402,60.1105,506.0705,0.79543
2025-12-18 10:56:38,4333.33,66.402,60.1105,506.0705,0.79543
2025-12-18 10:56:39,4333.33,66.4025,60.1105,506.0705,0.79543
2025-12-18 10:56:39,4333.33,66.4025,60.1105,506.0705,0.79543
2025-12-18 10:56:39,4333.33,66.4025,60.1105,506.0705,0.79543
2025-12-18 10:56:39,4333.33,66.4105,60.1105,506.0705,0.79543
2025-12-18 10:56:39,4333.35,66.4105,60.1105,506.0705,0.79543
2025-12-18 10:56:40,4333.35,66.4105,60.1105,506.0705,0.79543
2025-12-18 10:56:40,4333.35,66.4105,60.1105,506.0705,0.79543
2025-12-18 10:56:40,4333.35,66.4105,60.1105,506.0705,0.79543
2025-12-18 10:56:40,4333.35,66.4105,60.1105,506.0705,0.79543
2025-12-18 10:56:41,4333.34,66.4105,60.1105,506.0705,0.79543
2025-12-18 10:56:41,4333.34,66.4105,60.1105,506.0705,0.79543
2025-12-18 10:56:41,4333.34,66.4105,60.1105,506.0705,0.79543
2025-12-18 10:56:41,4333.34,66.4105,60.1222,506.0705,0.79543
2025-12-18 10:56:42,4333.34,66.4105,60.1222,506.0705,0.79543
2025-12-18 10:56:42,4333.34,66.4105,60.1222,506.0705,0.79543
2025-12-18 10:56:42,4333.34,66.4065,60.1222,506.0705,0.79543
2025-12-18 10:56:42,4333.35,66.4065,60.1222,506.0705,0.79543
2025-12-18 10:56:43,4333.35,66.4065,60.1222,506.0705,0.79543
2025-12-18 10:56:43,4333.35,66.4065,60.1222,506.0705,0.79543
2025-12-18 10:56:43,4333.35,66.4065,60.1222,506.0705,0.79543
2025-12-18 10:56:43,4333.35,66.4065,60.1222,506.0705,0.79543
2025-12-18 10:56:43,4333.35,66.405,60.1222,506.0705,0.79543
2025-12-18 10:56:43,4333.34,66.405,60.1222,506.0705,0.79543
2025-12-18 10:56:44,4333.34,66.405,60.1222,506.0705,0.79543
2025-12-18 10:56:44,4333.34,66.405,60.1222,506.0705,0.79543
2025-12-18 10:56:44,4333.34,66.405,60.1222,506.0705,0.79543
2025-12-18 10:56:44,4333.34,66.405,60.1222,506.0705,0.79543
2025-12-18 10:56:45,4333.32,66.405,60.1222,506.0705,0.79543
2025-12-18 10:56:45,4333.32,66.405,60.1222,506.0705,0.79543
2025-12-18 10:56:45,4333.32,66.405,60.1222,506.0705,0.79543
2025-12-18 10:56:46,4333.35,66.405,60.1222,506.0705,0.79543
2025-12-18 10:56:46,4333.35,66.405,60.1222,506.0705,0.79543
2025-12-18 10:56:46,4333.35,66.405,60.1222,506.0705,0.79543
2025-12-18 10:56:46,4333.35,66.403,60.1222,506.0705,0.79543
2025-12-18 10:56:46,4333.35,66.403,60.1113,506.0705,0.79543
2025-12-18 10:56:46,4333.37,66.403,60.1113,506.0705,0.79543
2025-12-18 10:56:46,4333.37,66.403,60.1113,506.0705,0.79543
2025-12-18 10:56:46,4333.37,66.403,60.1113,506.0705,0.79543
2025-12-18 10:56:46,4333.37,66.403,60.1113,506.0705,0.79543
2025-12-18 10:56:47,4333.37,66.403,60.1113,506.0705,0.79543
2025-12-18 10:56:47,4333.37,66.403,60.1113,506.0705,0.79543
2025-12-18 10:56:47,4333.37,66.403,60.1113,506.0705,0.79543
2025-12-18 10:56:47,4333.36,66.403,60.1113,506.0705,0.79543
2025-12-18 10:56:48,4333.36,66.403,60.1113,506.0705,0.79543
2025-12-18 10:56:48,4333.36,66.403,60.1113,506.0705,0.79543
2025-12-18 10:56:50,4333.37,66.403,60.1113,506.0705,0.79543
2025-12-18 10:56:50,4333.37,66.401,60.1113,506.0705,0.79543
2025-12-18 10:56:51,4333.37,66.401,60.1113,506.0705,0.79543
2025-12-18 10:56:51,4333.37,66.401,60.1113,506.0705,0.79543
2025-12-18 10:56:51,4333.37,66.401,60.1113,506.0705,0.79543
2025-12-18 10:56:51,4333.37,66.401,60.1113,506.0705,0.79543
2025-12-18 10:56:51,4333.37,66.4095,60.1113,506.0705,0.79543
2025-12-18 10:56:51,4333.41,66.4095,60.1113,506.0705,0.79543
2025-12-18 10:56:52,4333.41,66.4095,60.1113,506.0705,0.79543
2025-12-18 10:56:52,4333.41,66.4095,60.1113,506.0705,0.79543
2025-12-18 10:56:52,4333.41,66.4095,60.1113,506.0705,0.79543
2025-12-18 10:56:52,4333.41,66.4095,60.1113,506.0705,0.79543
2025-12-18 10:56:52,4333.41,66.4105,60.1113,506.0705,0.79543
2025-12-18 10:56:52,4333.38,66.4105,60.1113,506.0705,0.79543
2025-12-18 10:56:53,4333.38,66.4105,60.1113,506.0705,0.79543
2025-12-18 10:56:53,4333.38,66.4105,60.1113,506.0705,0.79543
2025-12-18 10:56:53,4333.38,66.4105,60.1113,506.0705,0.79543
2025-12-18 10:56:53,4333.38,66.4105,60.1113,506.0705,0.79543
2025-12-18 10:56:53,4333.38,66.4105,60.1113,506.0705,0.79544
2025-12-18 10:56:54,4333.37,66.4105,60.1113,506.0705,0.79544
2025-12-18 10:56:54,4333.37,66.4105,60.1207,506.0705,0.79544
2025-12-18 10:56:54,4333.37,66.4105,60.1207,506.0705,0.79544
2025-12-18 10:56:54,4333.37,66.4105,60.1207,506.0705,0.79544
2025-12-18 10:56:54,4333.37,66.4105,60.1207,506.0705,0.79544
2025-12-18 10:56:54,4333.37,66.4105,60.1207,506.0705,0.79544
2025-12-18 10:56:54,4333.37,66.4105,60.1207,506.0705,0.79544
2025-12-18 10:56:54,4333.37,66.411,60.1207,506.0705,0.79544
2025-12-18 10:56:54,4333.36,66.411,60.1207,506.0705,0.79544
2025-12-18 10:56:55,4333.36,66.411,60.1207,506.0705,0.79544
2025-12-18 10:56:55,4333.36,66.411,60.1207,506.0705,0.79544
2025-12-18 10:56:55,4333.36,66.411,60.1207,506.0705,0.79544
2025-12-18 10:56:55,4333.36,66.411,60.1207,506.0705,0.79544
2025-12-18 10:56:55,4333.36,66.4145,60.1207,506.0705,0.79544
2025-12-18 10:56:55,4333.34,66.4145,60.1207,506.0705,0.79544
2025-12-18 10:56:56,4333.34,66.4145,60.1207,506.0705,0.79544
2025-12-18 10:56:56,4333.34,66.4145,60.1207,506.0705,0.79544
2025-12-18 10:56:56,4333.34,66.4145,60.1207,506.0705,0.79544
2025-12-18 10:56:56,4333.34,66.4145,60.1207,506.0705,0.79544
2025-12-18 10:56:56,4333.37,66.4145,60.1207,506.0705,0.79544
2025-12-18 10:56:57,4333.37,66.4145,60.1207,506.0705,0.79544
2025-12-18 10:56:57,4333.37,66.4145,60.1207,506.0705,0.79544
2025-12-18 10:56:57,4333.37,66.415,60.1207,506.0705,0.79544
2025-12-18 10:56:57,4333.41,66.415,60.1207,506.0705,0.79544
2025-12-18 10:56:58,4333.41,66.415,60.1207,506.0705,0.79544
2025-12-18 10:56:58,4333.41,66.415,60.1207,506.0705,0.79544
2025-12-18 10:56:58,4333.41,66.415,60.1207,506.0705,0.79544
2025-12-18 10:56:58,4333.41,66.415,60.1207,506.0705,0.79544
2025-12-18 10:56:59,4333.41,66.415,60.1207,506.0705,0.79544
2025-12-18 10:56:59,4333.41,66.415,60.1207,506.0705,0.79544
2025-12-18 10:56:59,4333.41,66.415,60.1207,506.0705,0.79544
2025-12-18 10:57:00,4333.41,66.413,60.1207,506.0705,0.79544
2025-12-18 10:57:00,4333.4,66.413,60.1207,506.0705,0.79544
2025-12-18 10:57:00,4333.4,66.413,60.1207,506.0705,0.79544
2025-12-18 10:57:00,4333.4,66.413,60.1207,506.0705,0.79544
2025-12-18 10:57:00,4333.4,66.413,60.1207,506.0705,0.79544
2025-12-18 10:57:00,4333.4,66.413,60.1207,506.0705,0.79544
2025-12-18 10:57:03,4333.4,66.413,60.1207,506.0705,0.79544
2025-12-18 10:57:03,4333.4,66.4145,60.1207,506.0705,0.79544
2025-12-18 10:57:04,4333.4,66.4145,60.1207,506.0705,0.79544
2025-12-18 10:57:04,4333.4,66.4145,60.1207,506.0705,0.79544
2025-12-18 10:57:04,4333.4,66.4145,60.1207,506.0705,0.79544
2025-12-18 10:57:04,4333.4,66.4145,60.1207,506.0705,0.79544
2025-12-18 10:57:04,4333.39,66.4145,60.1207,506.0705,0.79544
2025-12-18 10:57:04,4333.39,66.415,60.1207,506.0705,0.79544
2025-12-18 10:57:05,4333.39,66.415,60.1207,506.0705,0.79544
2025-12-18 10:57:05,4333.39,66.415,60.1207,506.0705,0.79544
2025-12-18 10:57:05,4333.39,66.415,60.1207,506.0705,0.79544
2025-12-18 10:57:05,4333.39,66.415,60.1207,506.0705,0.79544
2025-12-18 10:57:05,4333.39,66.415,60.1207,506.0705,0.79544
2025-12-18 10:57:06,4333.39,66.415,60.1207,506.0705,0.79544
2025-12-18 10:57:06,4333.39,66.415,60.1207,506.0705,0.79544
2025-12-18 10:57:06,4333.38,66.415,60.1207,506.0705,0.79544
2025-12-18 10:57:06,4333.38,66.413,60.1207,506.0705,0.79544
2025-12-18 10:57:07,4333.38,66.413,60.1207,506.0705,0.79544
2025-12-18 10:57:07,4333.38,66.413,60.1207,506.0705,0.79544
2025-12-18 10:57:07,4333.38,66.413,60.1207,506.0705,0.79544
2025-12-18 10:57:07,4333.38,66.413,60.1207,506.0705,0.79544
2025-12-18 10:57:07,4333.38,66.413,60.1207,506.0705,0.79543
2025-12-18 10:57:08,4333.38,66.413,60.1207,506.0705,0.79543
2025-12-18 10:57:09,4333.35,66.413,60.1207,506.0705,0.79543
2025-12-18 10:57:09,4333.35,66.413,60.1207,506.0705,0.79543
2025-12-18 10:57:09,4333.35,66.413,60.1207,506.0705,0.79543
2025-12-18 10:57:09,4333.38,66.413,60.1207,506.0705,0.79543
2025-12-18 10:57:10,4333.38,66.413,60.1207,506.0705,0.79543
2025-12-18 10:57:10,4333.38,66.413,60.1207,506.0705,0.79543
2025-12-18 10:57:10,4333.36,66.413,60.1207,506.0705,0.79543
2025-12-18 10:57:11,4333.36,66.413,60.1207,506.0705,0.79543
2025-12-18 10:57:11,4333.36,66.413,60.1207,506.0705,0.79543
2025-12-18 10:57:11,4333.38,66.413,60.1207,506.0705,0.79543
2025-12-18 10:57:12,4333.38,66.413,60.1207,506.0705,0.79543
2025-12-18 10:57:12,4333.38,66.413,60.1207,506.0705,0.79543
2025-12-18 10:57:15,4333.27,66.413,60.1207,506.0705,0.79543
2025-12-18 10:57:16,4333.27,66.413,60.1207,506.0705,0.79543
2025-12-18 10:57:16,4333.27,66.413,60.1207,506.0705,0.79543
2025-12-18 10:57:16,4333.19,66.413,60.1207,506.0705,0.79543
2025-12-18 10:57:16,4333.19,66.398,60.1207,506.0705,0.79543
2025-12-18 10:57:17,4333.19,66.398,60.1207,506.0705,0.79543
2025-12-18 10:57:17,4333.19,66.398,60.1207,506.0705,0.79543
2025-12-18 10:57:17,4333.19,66.398,60.1207,506.0705,0.79543
2025-12-18 10:57:17,4333.19,66.398,60.1207,506.0705,0.79543
2025-12-18 10:57:17,4333.17,66.398,60.1207,506.0705,0.79543
2025-12-18 10:57:18,4333.17,66.398,60.1207,506.0705,0.79543
2025-12-18 10:57:18,4333.17,66.398,60.1207,506.0705,0.79543
2025-12-18 10:57:27,4333.17,66.4005,60.1207,506.0705,0.79543
2025-12-18 10:57:27,4333.32,66.4005,60.1207,506.0705,0.79543
2025-12-18 10:57:27,4333.32,66.4005,60.1207,506.0705,0.79543
2025-12-18 10:57:27,4333.32,66.4005,60.1207,506.0705,0.79543
2025-12-18 10:57:27,4333.32,66.4005,60.1207,506.0705,0.79543
2025-12-18 10:57:27,4333.32,66.4005,60.1207,506.0705,0.79543
2025-12-18 10:57:27,4333.32,66.4,60.1207,506.0705,0.79543
2025-12-18 10:57:27,4333.32,66.4,60.1207,506.0705,0.79543
2025-12-18 10:57:27,4333.32,66.4,60.1207,506.0705,0.79543
2025-12-18 10:57:27,4333.32,66.4,60.1207,506.0705,0.79543
2025-12-18 10:57:27,4333.32,66.4,60.1207,506.0705,0.79543
2025-12-18 10:57:27,4333.32,66.4,60.1207,506.0705,0.79543
2025-12-18 10:57:27,4333.32,66.4,60.1207,506.0705,0.79541
2025-12-18 10:57:27,4333.32,66.4,60.1207,506.0705,0.79541
2025-12-18 10:57:27,4333.32,66.4,60.1207,506.0705,0.7954
2025-12-18 10:57:27,4333.32,66.4045,60.1207,506.0705,0.7954
2025-12-18 10:57:27,4333.34,66.4045,60.1207,506.0705,0.7954
2025-12-18 10:57:27,4333.34,66.4045,60.1207,506.0705,0.7954
2025-12-18 10:57:27,4333.34,66.4045,60.1207,506.0705,0.7954
2025-12-18 10:57:27,4333.34,66.4045,60.1207,506.0705,0.7954
2025-12-18 10:57:27,4333.34,66.4045,60.1207,506.0705,0.7954
2025-12-18 10:57:27,4333.34,66.4045,60.1207,506.0705,0.7954
2025-12-18 10:57:27,4333.34,66.4045,60.1207,506.0705,0.7954
2025-12-18 10:57:27,4333.34,66.403,60.1207,506.0705,0.7954
2025-12-18 10:57:27,4333.34,66.403,60.1207,506.0705,0.7954
2025-12-18 10:57:27,4333.34,66.403,60.1207,506.0705,0.7954
2025-12-18 10:57:27,4333.34,66.403,60.1207,506.0705,0.7954
2025-12-18 10:57:27,4333.34,66.403,60.1207,506.0705,0.7954
2025-12-18 10:57:27,4333.34,66.403,60.1207,506.0705,0.79539
2025-12-18 10:57:27,4333.34,66.3965,60.1207,506.0705,0.79539
2025-12-18 10:57:27,4333.34,66.3965,60.1207,506.0705,0.79539
2025-12-18 10:57:28,4333.34,66.3965,60.1207,506.0705,0.79539
2025-12-18 10:57:28,4333.34,66.3965,60.1207,506.0705,0.79539
2025-12-18 10:57:28,4333.34,66.3965,60.1207,506.0705,0.79539
2025-12-18 10:57:28,4333.34,66.3965,60.1207,506.0705,0.79539
2025-12-18 10:57:28,4333.34,66.3965,60.1207,506.0705,0.79539
2025-12-18 10:57:28,4333.34,66.3965,60.1207,506.0705,0.79539
2025-12-18 10:57:28,4333.34,66.396,60.1207,506.0705,0.79539
2025-12-18 10:57:29,4333.34,66.396,60.1207,506.0705,0.79539
2025-12-18 10:57:29,4333.34,66.396,60.1207,506.0705,0.79539
2025-12-18 10:57:29,4333.34,66.396,60.1207,506.0705,0.79539
2025-12-18 10:57:29,4333.34,66.396,60.1207,506.0705,0.79539
2025-12-18 10:57:29,4333.28,66.396,60.1207,506.0705,0.79539
2025-12-18 10:57:30,4333.28,66.396,60.1207,506.0705,0.79539
2025-12-18 10:57:30,4333.28,66.396,60.1207,506.0705,0.79539
2025-12-18 10:57:30,4333.28,66.396,60.1207,506.0705,0.7954
2025-12-18 10:57:30,4333.19,66.396,60.1207,506.0705,0.7954
2025-12-18 10:57:31,4333.19,66.396,60.1207,506.0705,0.7954
2025-12-18 10:57:31,4333.19,66.396,60.1207,506.0705,0.7954
2025-12-18 10:57:31,4333.19,66.396,60.1207,506.0705,0.7954
2025-12-18 10:57:31,4333.19,66.396,60.1207,506.0705,0.79541
2025-12-18 10:57:31,4333.2,66.396,60.1207,506.0705,0.79541
2025-12-18 10:57:31,4333.2,66.401,60.1207,506.0705,0.79541
2025-12-18 10:57:32,4333.2,66.401,60.1207,506.0705,0.79541
2025-12-18 10:57:32,4333.2,66.401,60.1207,506.0705,0.79541
2025-12-18 10:57:32,4333.2,66.401,60.1207,506.0705,0.79541
2025-12-18 10:57:32,4333.2,66.401,60.1207,506.0705,0.79541
2025-12-18 10:57:32,4333.2,66.401,60.1207,506.0705,0.79541
2025-12-18 10:57:34,4333.2,66.4,60.1207,506.0705,0.79541
2025-12-18 10:57:35,4333.2,66.4,60.1207,506.0705,0.79541
2025-12-18 10:57:35,4333.2,66.4,60.1207,506.0705,0.79541
2025-12-18 10:57:35,4333.2,66.3895,60.1207,506.0705,0.79541
2025-12-18 10:57:35,4333.08,66.3895,60.1207,506.0705,0.79541
2025-12-18 10:57:36,4333.08,66.3895,60.1207,506.0705,0.79541
2025-12-18 10:57:36,4333.08,66.3895,60.1207,506.0705,0.79541
2025-12-18 10:57:36,4333.08,66.3895,60.1207,506.0705,0.79541
2025-12-18 10:57:36,4333.08,66.3895,60.1207,506.0705,0.79541
2025-12-18 10:57:36,4332.99,66.3895,60.1207,506.0705,0.79541
2025-12-18 10:57:36,4332.99,66.388,60.1207,506.0705,0.79541
2025-12-18 10:57:37,4332.99,66.388,60.1207,506.0705,0.79541
2025-12-18 10:57:37,4332.99,66.388,60.1207,506.0705,0.79541
2025-12-18 10:57:37,4332.99,66.388,60.1207,506.0705,0.79541
2025-12-18 10:57:37,4332.99,66.388,60.1207,506.0705,0.79541
2025-12-18 10:57:37,4332.99,66.395,60.1207,506.0705,0.79541
2025-12-18 10:57:37,4333.06,66.395,60.1207,506.0705,0.79541
2025-12-18 10:57:38,4333.06,66.395,60.1207,506.0705,0.79541
2025-12-18 10:57:38,4333.06,66.395,60.1207,506.0705,0.79541
2025-12-18 10:57:38,4333.06,66.395,60.1207,506.0705,0.79541
2025-12-18 10:57:38,4333.06,66.395,60.1207,506.0705,0.79541
2025-12-18 10:57:38,4333.06,66.394,60.1207,506.0705,0.79541
2025-12-18 10:57:39,4333.01,66.394,60.1207,506.0705,0.79541
2025-12-18 10:57:39,4333.01,66.394,60.1207,506.0705,0.79541
2025-12-18 10:57:39,4333.01,66.394,60.1207,506.0705,0.79541
2025-12-18 10:57:39,4333.01,66.394,60.1207,506.0705,0.79541
2025-12-18 10:57:39,4333.01,66.394,60.1207,506.0705,0.79541
2025-12-18 10:57:39,4333.01,66.395,60.1207,506.0705,0.79541
2025-12-18 10:57:40,4333.01,66.395,60.1207,506.0705,0.79541
2025-12-18 10:57:40,4333.01,66.395,60.1207,506.0705,0.79541
2025-12-18 10:57:40,4333.02,66.395,60.1207,506.0705,0.79541
2025-12-18 10:57:41,4333.02,66.395,60.1207,506.0705,0.79541
2025-12-18 10:57:41,4333.02,66.395,60.1207,506.0705,0.79541
2025-12-18 10:57:43,4333.02,66.395,60.1207,506.0705,0.7954
2025-12-18 10:57:43,4333.02,66.3945,60.1207,506.0705,0.7954
2025-12-18 10:57:43,4333.01,66.3945,60.1207,506.0705,0.7954
2025-12-18 10:57:44,4333.01,66.3945,60.1207,506.0705,0.7954
2025-12-18 10:57:44,4333.01,66.3945,60.1207,506.0705,0.7954
2025-12-18 10:57:44,4333.01,66.3945,60.1207,506.0705,0.7954
2025-12-18 10:57:44,4333.01,66.3945,60.1207,506.0705,0.7954
2025-12-18 10:57:44,4333.01,66.3945,60.1207,506.0705,0.7954
2025-12-18 10:57:45,4333.01,66.395,60.1207,506.0705,0.7954
2025-12-18 10:57:45,4333.02,66.395,60.1207,506.0705,0.7954
2025-12-18 10:57:45,4333.02,66.395,60.1207,506.0705,0.7954
2025-12-18 10:57:45,4333.02,66.395,60.1207,506.0705,0.7954
2025-12-18 10:57:45,4333.02,66.395,60.1207,506.0705,0.7954
2025-12-18 10:57:45,4333.02,66.395,60.1207,506.0705,0.7954
2025-12-18 10:57:46,4333.06,66.395,60.1207,506.0705,0.7954
2025-12-18 10:57:46,4333.06,66.397,60.1207,506.0705,0.7954
2025-12-18 10:57:47,4333.06,66.397,60.1207,506.0705,0.7954
2025-12-18 10:57:47,4333.06,66.397,60.1207,506.0705,0.7954
2025-12-18 10:57:47,4333.06,66.397,60.1207,506.0705,0.7954
2025-12-18 10:57:47,4333.06,66.397,60.1207,506.0705,0.7954
2025-12-18 10:57:47,4333.12,66.397,60.1207,506.0705,0.7954
2025-12-18 10:57:47,4333.12,66.3945,60.1207,506.0705,0.7954
2025-12-18 10:57:48,4333.12,66.3945,60.1207,506.0705,0.7954
2025-12-18 10:57:48,4333.12,66.3945,60.1207,506.0705,0.7954
2025-12-18 10:57:48,4333.12,66.3945,60.1207,506.0705,0.7954
2025-12-18 10:57:48,4333.12,66.3945,60.1207,506.0705,0.7954
2025-12-18 10:57:49,4333.18,66.3945,60.1207,506.0705,0.7954
2025-12-18 10:57:50,4333.18,66.3945,60.1207,506.0705,0.7954
2025-12-18 10:57:50,4333.18,66.3945,60.1207,506.0705,0.7954
2025-12-18 10:57:50,4333.14,66.3945,60.1207,506.0705,0.7954
2025-12-18 10:57:51,4333.14,66.3945,60.1207,506.0705,0.7954
2025-12-18 10:57:51,4333.14,66.3945,60.1207,506.0705,0.7954
2025-12-18 10:57:51,4333.14,66.3945,60.1207,506.0705,0.79539
2025-12-18 10:57:51,4333.09,66.3945,60.1207,506.0705,0.79539
2025-12-18 10:57:52,4333.09,66.3945,60.1207,506.0705,0.79539
2025-12-18 10:57:52,4333.09,66.3945,60.1207,506.0705,0.79539
2025-12-18 10:57:52,4333.09,66.3945,60.1207,506.0705,0.79539
2025-12-18 10:57:52,4333.09,66.3945,60.1207,506.0705,0.7954
2025-12-18 10:57:52,4333.18,66.3945,60.1207,506.0705,0.7954
2025-12-18 10:57:52,4333.18,66.4005,60.1207,506.0705,0.7954
2025-12-18 10:57:53,4333.18,66.4005,60.1207,506.0705,0.7954
2025-12-18 10:57:53,4333.18,66.4005,60.1207,506.0705,0.7954
2025-12-18 10:57:53,4333.18,66.4005,60.1207,506.0705,0.7954
2025-12-18 10:57:53,4333.18,66.4005,60.1207,506.0705,0.7954
2025-12-18 10:57:53,4333.18,66.4005,60.1207,506.0705,0.7954
2025-12-18 10:57:53,4333.2,66.4005,60.1207,506.0705,0.7954
2025-12-18 10:57:54,4333.2,66.4005,60.1207,506.0705,0.7954
2025-12-18 10:57:54,4333.2,66.4005,60.1207,506.0705,0.7954
2025-12-18 10:57:54,4333.12,66.4005,60.1207,506.0705,0.7954
2025-12-18 10:57:55,4333.12,66.4005,60.1207,506.0705,0.7954
2025-12-18 10:57:55,4333.12,66.4005,60.1207,506.0705,0.7954
2025-12-18 10:57:56,4333.17,66.4005,60.1207,506.0705,0.7954
2025-12-18 10:57:56,4333.17,66.4005,60.1207,506.0705,0.7954
2025-12-18 10:57:56,4333.17,66.4005,60.1207,506.0705,0.7954
2025-12-18 10:57:56,4333.17,66.4005,60.1107,506.0705,0.7954
2025-12-18 10:57:56,4333.17,66.4,60.1107,506.0705,0.7954
2025-12-18 10:57:57,4333.08,66.4,60.1107,506.0705,0.7954
2025-12-18 10:57:57,4333.08,66.4,60.1107,506.0705,0.7954
2025-12-18 10:57:57,4333.08,66.4,60.1107,506.0705,0.7954
2025-12-18 10:57:57,4333.08,66.4,60.1107,506.0705,0.7954
2025-12-18 10:57:57,4333.08,66.4,60.1107,506.0705,0.7954
2025-12-18 10:57:57,4333.08,66.4,60.1107,506.0705,0.7954
2025-12-18 10:57:57,4333.08,66.4,60.1107,506.0705,0.7954
2025-12-18 10:57:57,4333.08,66.4015,60.1107,506.0705,0.7954
2025-12-18 10:57:58,4333.08,66.4015,60.1107,506.0705,0.7954
2025-12-18 10:57:58,4333.08,66.4015,60.1107,506.0705,0.7954
2025-12-18 10:57:59,4333.08,66.4015,60.1107,506.0705,0.79538
2025-12-18 10:57:59,4333.02,66.4015,60.1107,506.0705,0.79538
2025-12-18 10:57:59,4333.02,66.4015,60.1107,506.0705,0.79538
2025-12-18 10:58:00,4333.02,66.4015,60.1107,506.0705,0.79538
2025-12-18 10:58:00,4333.02,66.4015,60.1107,506.0705,0.79538
2025-12-18 10:58:00,4333.02,66.4015,60.1107,506.0705,0.79538
2025-12-18 10:58:00,4333.02,66.4015,60.1107,506.0705,0.79538
2025-12-18 10:58:00,4333.02,66.4015,60.1107,506.0705,0.79538
2025-12-18 10:58:00,4333.14,66.4015,60.1107,506.0705,0.79538
2025-12-18 10:58:00,4333.14,66.4015,60.1107,506.0705,0.79537
2025-12-18 10:58:00,4333.14,66.4015,60.1107,506.0705,0.79537
2025-12-18 10:58:00,4333.14,66.4015,60.1107,506.0705,0.79537
2025-12-18 10:58:01,4333.14,66.4015,60.1107,506.0705,0.79537
2025-12-18 10:58:01,4333.14,66.4015,60.1107,506.0705,0.79537
2025-12-18 10:58:02,4333.14,66.4025,60.1107,506.0705,0.79537
2025-12-18 10:58:02,4333.1,66.4025,60.1107,506.0705,0.79537
2025-12-18 10:58:02,4333.1,66.4025,60.1107,506.0705,0.79537
2025-12-18 10:58:02,4333.1,66.4025,60.1107,506.0705,0.79537
2025-12-18 10:58:02,4333.1,66.4025,60.1107,506.0705,0.79537
2025-12-18 10:58:02,4333.1,66.4025,60.1107,506.0705,0.79537
2025-12-18 10:58:02,4333.1,66.4025,60.1107,506.0705,0.79537
2025-12-18 10:58:02,4333.1,66.4025,60.1107,506.0705,0.79537
2025-12-18 10:58:02,4333.05,66.4025,60.1107,506.0705,0.79537
2025-12-18 10:58:02,4333.05,66.4,60.1107,506.0705,0.79537
2025-12-18 10:58:03,4333.05,66.4,60.1107,506.0705,0.79537
2025-12-18 10:58:03,4333.05,66.4,60.1107,506.0705,0.79537
2025-12-18 10:58:03,4333.05,66.4,60.1107,506.0705,0.79537
2025-12-18 10:58:03,4333.05,66.4,60.1107,506.0705,0.79537
2025-12-18 10:58:03,4333.05,66.4,60.1107,506.0705,0.79537
2025-12-18 10:58:04,4332.96,66.4,60.1107,506.0705,0.79537
2025-12-18 10:58:04,4332.96,66.398,60.1107,506.0705,0.79537
2025-12-18 10:58:04,4332.96,66.398,60.1107,506.0705,0.79537
2025-12-18 10:58:04,4332.96,66.398,60.1107,506.0705,0.79537
2025-12-18 10:58:04,4332.96,66.398,60.1107,506.0705,0.79537
2025-12-18 10:58:04,4332.96,66.398,60.1107,506.0705,0.79537
2025-12-18 10:58:05,4332.95,66.398,60.1107,506.0705,0.79537
2025-12-18 10:58:05,4332.95,66.395,60.1107,506.0705,0.79537
2025-12-18 10:58:05,4332.95,66.395,60.1107,506.0705,0.79537
2025-12-18 10:58:05,4332.95,66.395,60.1107,506.0705,0.79537
2025-12-18 10:58:05,4332.95,66.395,60.1107,506.0705,0.79537
2025-12-18 10:58:05,4332.95,66.395,60.1107,506.0705,0.79537
2025-12-18 10:58:05,4332.95,66.3825,60.1107,506.0705,0.79537
2025-12-18 10:58:05,4332.75,66.3825,60.1107,506.0705,0.79537
2025-12-18 10:58:06,4332.75,66.3825,60.1107,506.0705,0.79537
2025-12-18 10:58:06,4332.75,66.3825,60.1107,506.0705,0.79537
2025-12-18 10:58:06,4332.75,66.3825,60.1107,506.0705,0.79537
2025-12-18 10:58:06,4332.75,66.3825,60.1107,506.0705,0.79537
2025-12-18 10:58:06,4332.86,66.3825,60.1107,506.0705,0.79537
2025-12-18 10:58:06,4332.86,66.386,60.1107,506.0705,0.79537
2025-12-18 10:58:07,4332.86,66.386,60.1107,506.0705,0.79537
2025-12-18 10:58:07,4332.86,66.386,60.1107,506.0705,0.79537
2025-12-18 10:58:07,4332.86,66.386,60.1107,506.0705,0.79537
2025-12-18 10:58:07,4332.86,66.386,60.1107,506.0705,0.79537
2025-12-18 10:58:07,4332.86,66.386,60.1107,506.0705,0.79536
2025-12-18 10:58:07,4332.86,66.3865,60.1107,506.0705,0.79536
2025-12-18 10:58:08,4332.88,66.3865,60.1107,506.0705,0.79536
2025-12-18 10:58:08,4332.88,66.3865,60.1107,506.0705,0.79536
2025-12-18 10:58:08,4332.88,66.3865,60.1107,506.0705,0.79536
2025-12-18 10:58:08,4332.88,66.3865,60.1107,506.0705,0.79536
2025-12-18 10:58:08,4332.88,66.3865,60.1107,506.0705,0.79536
2025-12-18 10:58:08,4332.88,66.3865,60.1107,506.0705,0.79536
2025-12-18 10:58:08,4332.88,66.3835,60.1107,506.0705,0.79536
2025-12-18 10:58:09,4332.89,66.3835,60.1107,506.0705,0.79536
2025-12-18 10:58:09,4332.89,66.3835,60.1107,506.0705,0.79536
2025-12-18 10:58:09,4332.89,66.3835,60.1107,506.0705,0.79536
2025-12-18 10:58:09,4332.89,66.3835,60.1107,506.0705,0.79536
2025-12-18 10:58:09,4332.89,66.3835,60.1107,506.0705,0.79536
2025-12-18 10:58:09,4332.89,66.386,60.1107,506.0705,0.79536
2025-12-18 10:58:09,4332.86,66.386,60.1107,506.0705,0.79536
2025-12-18 10:58:10,4332.86,66.386,60.1107,506.0705,0.79536
2025-12-18 10:58:10,4332.86,66.386,60.1107,506.0705,0.79536
2025-12-18 10:58:10,4332.86,66.386,60.1107,506.0705,0.79536
2025-12-18 10:58:10,4332.86,66.386,60.1107,506.0705,0.79536
2025-12-18 10:58:10,4332.86,66.386,60.1107,506.0705,0.79535
2025-12-18 10:58:11,4332.86,66.386,60.1221,506.0705,0.79535
2025-12-18 10:58:11,4332.99,66.386,60.1221,506.0705,0.79535
2025-12-18 10:58:11,4332.99,66.3975,60.1221,506.0705,0.79535
2025-12-18 10:58:11,4332.99,66.3975,60.1221,506.0705,0.79535
2025-12-18 10:58:11,4332.99,66.3975,60.1221,506.0705,0.79535
2025-12-18 10:58:11,4332.99,66.3975,60.1221,506.0705,0.79535
2025-12-18 10:58:11,4332.99,66.3975,60.1221,506.0705,0.79535
2025-12-18 10:58:11,4332.99,66.3975,60.1221,506.0705,0.79535
2025-12-18 10:58:11,4332.99,66.3975,60.1221,506.0705,0.79535
2025-12-18 10:58:11,4332.99,66.3975,60.1221,506.0705,0.79535
2025-12-18 10:58:11,4332.99,66.396,60.1221,506.0705,0.79535
2025-12-18 10:58:12,4332.99,66.396,60.1221,506.0705,0.79535
2025-12-18 10:58:12,4332.99,66.396,60.1221,506.0705,0.79535
2025-12-18 10:58:12,4333.09,66.396,60.1221,506.0705,0.79535
2025-12-18 10:58:13,4333.09,66.396,60.1221,506.0705,0.79535
2025-12-18 10:58:13,4333.09,66.396,60.1221,506.0705,0.79535
2025-12-18 10:58:13,4333.06,66.396,60.1221,506.0705,0.79535
2025-12-18 10:58:14,4333.06,66.396,60.1221,506.0705,0.79535
2025-12-18 10:58:14,4333.06,66.396,60.1221,506.0705,0.79535
2025-12-18 10:58:14,4333.03,66.396,60.1221,506.0705,0.79535
2025-12-18 10:58:15,4333.03,66.396,60.1221,506.0705,0.79535
2025-12-18 10:58:15,4333.03,66.396,60.1221,506.0705,0.79535
2025-12-18 10:58:15,4333.19,66.396,60.1221,506.0705,0.79535
2025-12-18 10:58:15,4333.19,66.4005,60.1221,506.0705,0.79535
2025-12-18 10:58:16,4333.19,66.4005,60.1221,506.0705,0.79535
2025-12-18 10:58:16,4333.19,66.4005,60.1221,506.0705,0.79535
2025-12-18 10:58:16,4333.19,66.4005,60.1221,506.0705,0.79535
2025-12-18 10:58:16,4333.19,66.4005,60.1221,506.0705,0.79535
2025-12-18 10:58:16,4333.19,66.4065,60.1221,506.0705,0.79535
2025-12-18 10:58:16,4333.1,66.4065,60.1221,506.0705,0.79535
2025-12-18 10:58:17,4333.1,66.4065,60.1221,506.0705,0.79535
2025-12-18 10:58:17,4333.1,66.4065,60.1221,506.0705,0.79535
2025-12-18 10:58:17,4333.1,66.4065,60.1221,506.0705,0.79535
2025-12-18 10:58:17,4333.1,66.4065,60.1221,506.0705,0.79535
2025-12-18 10:58:17,4333.14,66.4065,60.1221,506.0705,0.79535
2025-12-18 10:58:17,4333.14,66.406,60.1221,506.0705,0.79535
2025-12-18 10:58:18,4333.14,66.406,60.1221,506.0705,0.79535
2025-12-18 10:58:18,4333.14,66.406,60.1221,506.0705,0.79535
2025-12-18 10:58:18,4333.14,66.406,60.1221,506.0705,0.79535
2025-12-18 10:58:18,4333.14,66.406,60.1221,506.0705,0.79535
2025-12-18 10:58:18,4333.18,66.406,60.1221,506.0705,0.79535
2025-12-18 10:58:19,4333.18,66.406,60.1221,506.0705,0.79535
2025-12-18 10:58:19,4333.18,66.406,60.1221,506.0705,0.79535
2025-12-18 10:58:20,4333.11,66.406,60.1221,506.0705,0.79535
2025-12-18 10:58:21,4333.11,66.406,60.1221,506.0705,0.79535
2025-12-18 10:58:21,4333.11,66.406,60.1221,506.0705,0.79535
2025-12-18 10:58:21,4333.11,66.406,60.1221,506.0705,0.79535
2025-12-18 10:58:22,4333.11,66.406,60.1221,506.0705,0.79535
2025-12-18 10:58:22,4333.11,66.406,60.1221,506.0705,0.79535
2025-12-18 10:58:22,4333.15,66.406,60.1221,506.0705,0.79535
2025-12-18 10:58:22,4333.15,66.4055,60.1221,506.0705,0.79535
2025-12-18 10:58:23,4333.15,66.4055,60.1221,506.0705,0.79535
2025-12-18 10:58:23,4333.15,66.4055,60.1221,506.0705,0.79535
2025-12-18 10:58:23,4333.15,66.4055,60.1221,506.0705,0.79535
2025-12-18 10:58:23,4333.15,66.4055,60.1221,506.0705,0.79535
2025-12-18 10:58:24,4333.17,66.4055,60.1221,506.0705,0.79535
2025-12-18 10:58:24,4333.17,66.4055,60.1221,506.0705,0.79535
2025-12-18 10:58:24,4333.17,66.4055,60.1221,506.0705,0.79535
2025-12-18 10:58:25,4333.18,66.4055,60.1221,506.0705,0.79535
2025-12-18 10:58:26,4333.18,66.4055,60.1221,506.0705,0.79535
2025-12-18 10:58:26,4333.18,66.4055,60.1221,506.0705,0.79535
2025-12-18 10:58:27,4333.18,66.4055,60.1326,506.0705,0.79535
2025-12-18 10:58:27,4333.18,66.4055,60.1326,506.0705,0.79535
2025-12-18 10:58:27,4333.18,66.4055,60.1326,506.0705,0.79535
2025-12-18 10:58:27,4333.18,66.4055,60.1326,506.0705,0.79535
2025-12-18 10:58:27,4333.18,66.4055,60.1326,506.0705,0.79535
2025-12-18 10:58:27,4333.18,66.4055,60.1326,506.0705,0.79535
2025-12-18 10:58:27,4333.18,66.4055,60.1211,506.0705,0.79535
2025-12-18 10:58:28,4333.18,66.4055,60.1211,506.0705,0.79535
2025-12-18 10:58:28,4333.18,66.4055,60.1211,506.0705,0.79535
2025-12-18 10:58:28,4333.18,66.401,60.1211,506.0705,0.79535
2025-12-18 10:58:29,4333.1,66.401,60.1211,506.0705,0.79535
2025-12-18 10:58:29,4333.1,66.401,60.1211,506.0705,0.79535
2025-12-18 10:58:29,4333.1,66.401,60.1211,506.0705,0.79535
2025-12-18 10:58:29,4333.1,66.401,60.1211,506.0705,0.79535
2025-12-18 10:58:29,4333.1,66.401,60.1211,506.0705,0.79535
2025-12-18 10:58:29,4333.09,66.401,60.1211,506.0705,0.79535
2025-12-18 10:58:30,4333.09,66.401,60.1211,506.0705,0.79535
2025-12-18 10:58:30,4333.09,66.401,60.1211,506.0705,0.79535
2025-12-18 10:58:30,4333.09,66.411,60.1211,506.0705,0.79535
2025-12-18 10:58:30,4333.14,66.411,60.1211,506.0705,0.79535
2025-12-18 10:58:31,4333.14,66.411,60.1211,506.0705,0.79535
2025-12-18 10:58:31,4333.14,66.411,60.1211,506.0705,0.79535
2025-12-18 10:58:31,4333.14,66.411,60.1211,506.0705,0.79535
2025-12-18 10:58:31,4333.14,66.411,60.1211,506.0705,0.79535
2025-12-18 10:58:31,4333.14,66.396,60.1211,506.0705,0.79535
2025-12-18 10:58:31,4333.07,66.396,60.1211,506.0705,0.79535
2025-12-18 10:58:32,4333.07,66.396,60.1211,506.0705,0.79535
2025-12-18 10:58:32,4333.07,66.396,60.1211,506.0705,0.79535
2025-12-18 10:58:32,4333.07,66.396,60.1211,506.0705,0.79535
2025-12-18 10:58:32,4333.07,66.396,60.1211,506.0705,0.79535
2025-12-18 10:58:32,4333.12,66.396,60.1211,506.0705,0.79535
2025-12-18 10:58:33,4333.12,66.401,60.1211,506.0705,0.79535
2025-12-18 10:58:33,4333.12,66.401,60.1211,506.0705,0.79535
2025-12-18 10:58:33,4333.12,66.401,60.1211,506.0705,0.79535
2025-12-18 10:58:33,4333.12,66.401,60.1211,506.0705,0.79535
2025-12-18 10:58:33,4333.12,66.401,60.1211,506.0705,0.79535
2025-12-18 10:58:33,4333.14,66.401,60.1211,506.0705,0.79535
2025-12-18 10:58:33,4333.14,66.4025,60.1211,506.0705,0.79535
2025-12-18 10:58:34,4333.14,66.4025,60.1211,506.0705,0.79535
2025-12-18 10:58:34,4333.14,66.4025,60.1211,506.0705,0.79535
2025-12-18 10:58:34,4333.14,66.4025,60.1211,506.0705,0.79535
2025-12-18 10:58:34,4333.14,66.4025,60.1211,506.0705,0.79535
2025-12-18 10:58:35,4333.14,66.4005,60.1211,506.0705,0.79535
2025-12-18 10:58:35,4333.21,66.4005,60.1211,506.0705,0.79535
2025-12-18 10:58:35,4333.21,66.4005,60.1211,506.0705,0.79535
2025-12-18 10:58:35,4333.21,66.4005,60.1211,506.0705,0.79535
2025-12-18 10:58:35,4333.21,66.4005,60.1211,506.0705,0.79535
2025-12-18 10:58:35,4333.21,66.4005,60.1211,506.0705,0.79535
2025-12-18 10:58:35,4333.17,66.4005,60.1211,506.0705,0.79535
2025-12-18 10:58:36,4333.17,66.4005,60.1211,506.0705,0.79535
2025-12-18 10:58:36,4333.17,66.4005,60.1211,506.0705,0.79535
2025-12-18 10:58:36,4333.21,66.4005,60.1211,506.0705,0.79535
2025-12-18 10:58:37,4333.21,66.4005,60.1211,506.0705,0.79535
2025-12-18 10:58:37,4333.21,66.4005,60.1211,506.0705,0.79535
2025-12-18 10:58:37,4333.21,66.396,60.1211,506.0705,0.79535
2025-12-18 10:58:37,4333.16,66.396,60.1211,506.0705,0.79535
2025-12-18 10:58:38,4333.16,66.396,60.1211,506.0705,0.79535
2025-12-18 10:58:38,4333.16,66.396,60.1211,506.0705,0.79535
2025-12-18 10:58:38,4333.16,66.396,60.1211,506.0705,0.79535
2025-12-18 10:58:38,4333.16,66.396,60.1211,506.0705,0.79535
2025-12-18 10:58:39,4333.16,66.396,60.1211,506.0705,0.79535
2025-12-18 10:58:39,4333.23,66.396,60.1211,506.0705,0.79535
2025-12-18 10:58:39,4333.23,66.396,60.1211,506.0705,0.79535
2025-12-18 10:58:39,4333.23,66.396,60.1211,506.0705,0.79535
2025-12-18 10:58:39,4333.23,66.396,60.1211,506.0705,0.79535
2025-12-18 10:58:39,4333.23,66.396,60.1211,506.0705,0.79535
2025-12-18 10:58:39,4333.23,66.4005,60.1211,506.0705,0.79535
2025-12-18 10:58:39,4333.26,66.4005,60.1211,506.0705,0.79535
2025-12-18 10:58:40,4333.26,66.4005,60.1211,506.0705,0.79535
2025-12-18 10:58:40,4333.26,66.4005,60.1211,506.0705,0.79535
2025-12-18 10:58:40,4333.26,66.4005,60.1211,506.0705,0.79535
2025-12-18 10:58:40,4333.26,66.4005,60.1211,506.0705,0.79535
2025-12-18 10:58:40,4333.32,66.4005,60.1211,506.0705,0.79535
2025-12-18 10:58:41,4333.32,66.4005,60.1211,506.0705,0.79535
2025-12-18 10:58:41,4333.32,66.4005,60.1211,506.0705,0.79535
2025-12-18 10:58:42,4333.29,66.4005,60.1211,506.0705,0.79535
2025-12-18 10:58:42,4333.29,66.3975,60.1211,506.0705,0.79535
2025-12-18 10:58:42,4333.29,66.3975,60.1211,506.0705,0.79535
2025-12-18 10:58:42,4333.29,66.3975,60.1211,506.0705,0.79535
2025-12-18 10:58:42,4333.29,66.3975,60.1211,506.0705,0.79535
2025-12-18 10:58:42,4333.29,66.3975,60.1211,506.0705,0.79535
2025-12-18 10:58:42,4333.29,66.3975,60.1211,506.0705,0.79535
2025-12-18 10:58:43,4333.29,66.3975,60.1211,506.0705,0.79535
2025-12-18 10:58:43,4333.29,66.3975,60.1211,506.0705,0.79535
2025-12-18 10:58:43,4333.29,66.3975,60.1211,506.0705,0.79535
2025-12-18 10:58:43,4333.29,66.3975,60.1211,506.0705,0.79535
2025-12-18 10:58:43,4333.29,66.3975,60.1211,506.0705,0.79535
2025-12-18 10:58:44,4333.27,66.3975,60.1211,506.0705,0.79535
2025-12-18 10:58:44,4333.27,66.4005,60.1211,506.0705,0.79535
2025-12-18 10:58:45,4333.27,66.4005,60.1211,506.0705,0.79535
2025-12-18 10:58:45,4333.27,66.4005,60.1211,506.0705,0.79535
2025-12-18 10:58:45,4333.27,66.4005,60.1211,506.0705,0.79535
2025-12-18 10:58:45,4333.27,66.4005,60.1211,506.0705,0.79535
2025-12-18 10:58:46,4333.36,66.4005,60.1211,506.0705,0.79535
2025-12-18 10:58:46,4333.36,66.4005,60.1211,506.0705,0.79535
2025-12-18 10:58:46,4333.36,66.4005,60.1211,506.0705,0.79535
2025-12-18 10:58:47,4333.36,66.3995,60.1211,506.0705,0.79535
2025-12-18 10:58:47,4333.27,66.3995,60.1211,506.0705,0.79535
2025-12-18 10:58:47,4333.27,66.3995,60.1211,506.0705,0.79535
2025-12-18 10:58:47,4333.27,66.3995,60.1211,506.0705,0.79535
2025-12-18 10:58:47,4333.27,66.3995,60.1211,506.0705,0.79535
2025-12-18 10:58:47,4333.27,66.3995,60.1211,506.0705,0.79535
2025-12-18 10:58:47,4333.27,66.4,60.1211,506.0705,0.79535
2025-12-18 10:58:48,4333.27,66.4,60.1211,506.0705,0.79535
2025-12-18 10:58:48,4333.27,66.4,60.1211,506.0705,0.79535
2025-12-18 10:58:48,4333.28,66.4,60.1211,506.0705,0.79535
2025-12-18 10:58:49,4333.28,66.4,60.1211,506.0705,0.79535
2025-12-18 10:58:49,4333.28,66.4,60.1211,506.0705,0.79535
2025-12-18 10:58:49,4333.27,66.4,60.1211,506.0705,0.79535
2025-12-18 10:58:50,4333.27,66.4,60.1211,506.0705,0.79535
2025-12-18 10:58:50,4333.27,66.4,60.1211,506.0705,0.79535
2025-12-18 10:58:50,4333.27,66.4,60.1211,506.0705,0.79535
2025-12-18 10:58:51,4333.27,66.4,60.1211,506.0705,0.79535
2025-12-18 10:58:51,4333.27,66.4,60.1211,506.0705,0.79535
2025-12-18 10:58:51,4333.28,66.4,60.1211,506.0705,0.79535
2025-12-18 10:58:52,4333.28,66.4,60.1211,506.0705,0.79535
2025-12-18 10:58:52,4333.28,66.4,60.1211,506.0705,0.79535
2025-12-18 10:58:53,4333.27,66.4,60.1211,506.0705,0.79535
2025-12-18 10:58:54,4333.27,66.4,60.1211,506.0705,0.79535
2025-12-18 10:58:54,4333.27,66.4,60.1211,506.0705,0.79535
2025-12-18 10:58:55,4333.27,66.4,60.1211,506.0705,0.79535
2025-12-18 10:58:55,4333.27,66.401,60.1211,506.0705,0.79535
2025-12-18 10:58:56,4333.27,66.401,60.1211,506.0705,0.79535
2025-12-18 10:58:56,4333.27,66.401,60.1211,506.0705,0.79535
2025-12-18 10:58:56,4333.27,66.401,60.1211,506.0705,0.79535
2025-12-18 10:58:56,4333.27,66.401,60.1211,506.0705,0.79535
2025-12-18 10:58:56,4333.27,66.403,60.1211,506.0705,0.79535
2025-12-18 10:58:56,4333.33,66.403,60.1211,506.0705,0.79535
2025-12-18 10:58:57,4333.33,66.403,60.1211,506.0705,0.79535
2025-12-18 10:58:57,4333.33,66.403,60.1211,506.0705,0.79535
2025-12-18 10:58:57,4333.33,66.403,60.1211,506.0705,0.79535
2025-12-18 10:58:57,4333.33,66.403,60.1211,506.0705,0.79535
2025-12-18 10:58:57,4333.3,66.403,60.1211,506.0705,0.79535
2025-12-18 10:58:58,4333.3,66.403,60.1211,506.0705,0.79535
2025-12-18 10:58:58,4333.3,66.403,60.1211,506.0705,0.79535
2025-12-18 10:58:59,4333.3,66.403,60.1103,506.0705,0.79535
2025-12-18 10:58:59,4333.34,66.403,60.1103,506.0705,0.79535
2025-12-18 10:58:59,4333.34,66.4015,60.1103,506.0705,0.79535
2025-12-18 10:58:59,4333.34,66.4015,60.1103,506.0705,0.79535
2025-12-18 10:58:59,4333.34,66.4015,60.1103,506.0705,0.79535
2025-12-18 10:58:59,4333.34,66.4015,60.1103,506.0705,0.79535
2025-12-18 10:58:59,4333.34,66.4015,60.1103,506.0705,0.79535
2025-12-18 10:58:59,4333.34,66.4015,60.1103,506.0705,0.79535
2025-12-18 10:58:59,4333.34,66.4015,60.1103,506.0705,0.79535
2025-12-18 10:59:00,4333.34,66.4025,60.1103,506.0705,0.79535
2025-12-18 10:59:00,4333.34,66.4025,60.1103,506.0705,0.79535
2025-12-18 10:59:00,4333.34,66.4025,60.1103,506.0705,0.79535
2025-12-18 10:59:00,4333.34,66.4025,60.1103,506.0705,0.79535
2025-12-18 10:59:00,4333.34,66.4025,60.1103,506.0705,0.79535
2025-12-18 10:59:00,4333.34,66.4025,60.1103,506.0705,0.79535
2025-12-18 10:59:01,4333.34,66.4025,60.1103,506.0705,0.79535
2025-12-18 10:59:01,4333.34,66.4025,60.1103,506.0705,0.79535
2025-12-18 10:59:01,4333.34,66.4025,60.1103,506.0705,0.79535
2025-12-18 10:59:02,4333.34,66.4025,60.1229,506.0705,0.79535
2025-12-18 10:59:02,4333.34,66.4025,60.1229,506.0705,0.79535
2025-12-18 10:59:02,4333.34,66.4025,60.1229,506.0705,0.79535
2025-12-18 10:59:02,4333.34,66.4035,60.1229,506.0705,0.79535
2025-12-18 10:59:02,4333.33,66.4035,60.1229,506.0705,0.79535
2025-12-18 10:59:03,4333.33,66.4035,60.1229,506.0705,0.79535
2025-12-18 10:59:03,4333.33,66.4035,60.1229,506.0705,0.79535
2025-12-18 10:59:03,4333.33,66.4035,60.1229,506.0705,0.79535
2025-12-18 10:59:03,4333.33,66.4035,60.1229,506.0705,0.79535
2025-12-18 10:59:03,4333.33,66.4035,60.1229,506.0705,0.79535
2025-12-18 10:59:04,4333.33,66.4035,60.1229,506.0705,0.79535
2025-12-18 10:59:04,4333.33,66.4035,60.1229,506.0705,0.79535
2025-12-18 10:59:04,4333.4,66.4035,60.1229,506.0705,0.79535
2025-12-18 10:59:04,4333.4,66.4055,60.1229,506.0705,0.79535
2025-12-18 10:59:05,4333.4,66.4055,60.1229,506.0705,0.79535
2025-12-18 10:59:05,4333.4,66.4055,60.1229,506.0705,0.79535
2025-12-18 10:59:05,4333.4,66.4055,60.1229,506.0705,0.79535
2025-12-18 10:59:05,4333.4,66.4055,60.1229,506.0705,0.79535
2025-12-18 10:59:06,4333.39,66.4055,60.1229,506.0705,0.79535
2025-12-18 10:59:06,4333.39,66.4055,60.1229,506.0705,0.79535
2025-12-18 10:59:06,4333.39,66.4055,60.1229,506.0705,0.79535
2025-12-18 10:59:06,4333.37,66.4055,60.1229,506.0705,0.79535
2025-12-18 10:59:06,4333.37,66.4025,60.1229,506.0705,0.79535
2025-12-18 10:59:07,4333.37,66.4025,60.1229,506.0705,0.79535
2025-12-18 10:59:07,4333.37,66.4025,60.1229,506.0705,0.79535
2025-12-18 10:59:07,4333.37,66.4025,60.1229,506.0705,0.79535
2025-12-18 10:59:07,4333.37,66.4025,60.1229,506.0705,0.79535
2025-12-18 10:59:08,4333.39,66.4025,60.1229,506.0705,0.79535
2025-12-18 10:59:08,4333.39,66.4025,60.1229,506.0705,0.79535
2025-12-18 10:59:08,4333.39,66.4025,60.1229,506.0705,0.79535
2025-12-18 10:59:09,4333.39,66.4025,60.1106,506.0705,0.79535
2025-12-18 10:59:09,4333.37,66.4025,60.1106,506.0705,0.79535
2025-12-18 10:59:09,4333.37,66.4055,60.1106,506.0705,0.79535
2025-12-18 10:59:09,4333.37,66.4055,60.1106,506.0705,0.79535
2025-12-18 10:59:09,4333.37,66.4055,60.1106,506.0705,0.79535
2025-12-18 10:59:09,4333.37,66.4055,60.1106,506.0705,0.79535
2025-12-18 10:59:09,4333.37,66.4055,60.1106,506.0705,0.79535
2025-12-18 10:59:09,4333.37,66.4055,60.1106,506.0705,0.79535
2025-12-18 10:59:09,4333.37,66.4055,60.1106,506.0705,0.79535
2025-12-18 10:59:09,4333.33,66.4055,60.1106,506.0705,0.79535
2025-12-18 10:59:10,4333.33,66.403,60.1106,506.0705,0.79535
2025-12-18 10:59:10,4333.33,66.403,60.1106,506.0705,0.79535
2025-12-18 10:59:10,4333.33,66.403,60.1106,506.0705,0.79535
2025-12-18 10:59:10,4333.33,66.403,60.1106,506.0705,0.79535
2025-12-18 10:59:10,4333.33,66.403,60.1106,506.0705,0.79535
2025-12-18 10:59:10,4333.33,66.403,60.1106,506.0705,0.79535
2025-12-18 10:59:11,4333.33,66.403,60.1106,506.0705,0.79535
2025-12-18 10:59:11,4333.33,66.403,60.1106,506.0705,0.79535
2025-12-18 10:59:12,4333.33,66.403,60.1106,506.0705,0.79535
2025-12-18 10:59:12,4333.28,66.403,60.1106,506.0705,0.79535
2025-12-18 10:59:12,4333.28,66.403,60.1106,506.0705,0.79535
2025-12-18 10:59:12,4333.28,66.403,60.1106,506.0705,0.79535
2025-12-18 10:59:12,4333.28,66.403,60.1106,506.0705,0.79535
2025-12-18 10:59:12,4333.28,66.403,60.1106,506.0705,0.79535
2025-12-18 10:59:12,4333.3,66.403,60.1106,506.0705,0.79535
2025-12-18 10:59:12,4333.3,66.4025,60.1106,506.0705,0.79535
2025-12-18 10:59:13,4333.3,66.4025,60.1106,506.0705,0.79535
2025-12-18 10:59:13,4333.3,66.4025,60.1106,506.0705,0.79535
2025-12-18 10:59:13,4333.3,66.4025,60.1106,506.0705,0.79535
2025-12-18 10:59:13,4333.3,66.4025,60.1106,506.0705,0.79535
2025-12-18 10:59:13,4333.32,66.4025,60.1106,506.0705,0.79535
2025-12-18 10:59:13,4333.32,66.406,60.1106,506.0705,0.79535
2025-12-18 10:59:14,4333.32,66.406,60.1106,506.0705,0.79535
2025-12-18 10:59:14,4333.32,66.406,60.1106,506.0705,0.79535
2025-12-18 10:59:14,4333.32,66.406,60.1106,506.0705,0.79535
2025-12-18 10:59:14,4333.32,66.406,60.1106,506.0705,0.79535
2025-12-18 10:59:14,4333.36,66.406,60.1106,506.0705,0.79535
2025-12-18 10:59:15,4333.36,66.4065,60.1106,506.0705,0.79535
2025-12-18 10:59:15,4333.36,66.4065,60.1106,506.0705,0.79535
2025-12-18 10:59:15,4333.36,66.4065,60.1106,506.0705,0.79535
2025-12-18 10:59:15,4333.36,66.4065,60.1106,506.0705,0.79535
2025-12-18 10:59:15,4333.36,66.4065,60.1106,506.0705,0.79535
2025-12-18 10:59:17,4333.36,66.408,60.1106,506.0705,0.79535
2025-12-18 10:59:17,4333.29,66.408,60.1106,506.0705,0.79535
2025-12-18 10:59:18,4333.29,66.408,60.1106,506.0705,0.79535
2025-12-18 10:59:18,4333.29,66.408,60.1106,506.0705,0.79535
2025-12-18 10:59:18,4333.29,66.408,60.1106,506.0705,0.79535
2025-12-18 10:59:18,4333.29,66.408,60.1106,506.0705,0.79535
2025-12-18 10:59:18,4333.3,66.408,60.1106,506.0705,0.79535
2025-12-18 10:59:18,4333.3,66.41,60.1106,506.0705,0.79535
2025-12-18 10:59:19,4333.3,66.41,60.1106,506.0705,0.79535
2025-12-18 10:59:19,4333.3,66.41,60.1106,506.0705,0.79535
2025-12-18 10:59:19,4333.3,66.41,60.1106,506.0705,0.79535
2025-12-18 10:59:19,4333.3,66.41,60.1106,506.0705,0.79535
2025-12-18 10:59:19,4333.37,66.41,60.1106,506.0705,0.79535
2025-12-18 10:59:20,4333.37,66.41,60.1106,506.0705,0.79535
2025-12-18 10:59:20,4333.37,66.41,60.1106,506.0705,0.79535
2025-12-18 10:59:21,4333.34,66.41,60.1106,506.0705,0.79535
2025-12-18 10:59:22,4333.34,66.41,60.1106,506.0705,0.79535
2025-12-18 10:59:22,4333.34,66.41,60.1106,506.0705,0.79535
2025-12-18 10:59:22,4333.34,66.4105,60.1106,506.0705,0.79535
2025-12-18 10:59:23,4333.34,66.4105,60.1106,506.0705,0.79535
2025-12-18 10:59:23,4333.37,66.4105,60.1106,506.0705,0.79535
2025-12-18 10:59:23,4333.37,66.4105,60.1106,506.0705,0.79535
2025-12-18 10:59:23,4333.37,66.4105,60.1106,506.0705,0.79535
2025-12-18 10:59:23,4333.37,66.4105,60.1106,506.0705,0.79535
2025-12-18 10:59:24,4333.35,66.4105,60.1106,506.0705,0.79535
2025-12-18 10:59:25,4333.35,66.4105,60.1106,506.0705,0.79535
2025-12-18 10:59:25,4333.35,66.4105,60.1106,506.0705,0.79535
2025-12-18 10:59:25,4333.38,66.4105,60.1106,506.0705,0.79535
2025-12-18 10:59:26,4333.38,66.4105,60.1106,506.0705,0.79535
2025-12-18 10:59:26,4333.38,66.4105,60.1106,506.0705,0.79535
2025-12-18 10:59:26,4333.37,66.4105,60.1106,506.0705,0.79535
2025-12-18 10:59:27,4333.37,66.4105,60.1106,506.0705,0.79535
2025-12-18 10:59:27,4333.37,66.4105,60.1106,506.0705,0.79535
2025-12-18 10:59:27,4333.3,66.4105,60.1106,506.0705,0.79535
2025-12-18 10:59:28,4333.3,66.4105,60.1106,506.0705,0.79535
2025-12-18 10:59:28,4333.3,66.4105,60.1106,506.0705,0.79535
2025-12-18 10:59:29,4333.31,66.4105,60.1106,506.0705,0.79535
2025-12-18 10:59:29,4333.31,66.4035,60.1106,506.0705,0.79535
2025-12-18 10:59:29,4333.31,66.4035,60.1106,506.0705,0.79535
2025-12-18 10:59:29,4333.31,66.4035,60.1106,506.0705,0.79535
2025-12-18 10:59:29,4333.31,66.4035,60.1106,506.0705,0.79535
2025-12-18 10:59:29,4333.31,66.4035,60.1106,506.0705,0.79535
2025-12-18 10:59:30,4333.31,66.396,60.1106,506.0705,0.79535
2025-12-18 10:59:31,4333.19,66.396,60.1106,506.0705,0.79535
2025-12-18 10:59:31,4333.19,66.396,60.1106,506.0705,0.79535
2025-12-18 10:59:31,4333.19,66.396,60.1106,506.0705,0.79535
2025-12-18 10:59:31,4333.19,66.396,60.1106,506.0705,0.79535
2025-12-18 10:59:31,4333.19,66.396,60.1106,506.0705,0.79535
2025-12-18 10:59:32,4333.21,66.396,60.1106,506.0705,0.79535
2025-12-18 10:59:33,4333.21,66.396,60.1106,506.0705,0.79535
2025-12-18 10:59:33,4333.21,66.396,60.1106,506.0705,0.79535
2025-12-18 10:59:33,4333.21,66.396,60.1106,506.0705,0.79535
2025-12-18 10:59:34,4333.21,66.396,60.1106,506.0705,0.79535
2025-12-18 10:59:34,4333.21,66.396,60.1106,506.0705,0.79535
2025-12-18 10:59:34,4333.21,66.383,60.1106,506.0705,0.79535
2025-12-18 10:59:34,4333.05,66.383,60.1106,506.0705,0.79535
2025-12-18 10:59:35,4333.05,66.383,60.1106,506.0705,0.79535
2025-12-18 10:59:35,4333.05,66.383,60.1106,506.0705,0.79535
2025-12-18 10:59:35,4333.05,66.383,60.1106,506.0705,0.79535
2025-12-18 10:59:35,4333.05,66.383,60.1106,506.0705,0.79535
2025-12-18 10:59:37,4333.05,66.3765,60.1106,506.0705,0.79535
2025-12-18 10:59:37,4332.95,66.3765,60.1106,506.0705,0.79535
2025-12-18 10:59:37,4332.95,66.3765,60.1106,506.0705,0.79535
2025-12-18 10:59:37,4332.95,66.3765,60.1106,506.0705,0.79535
2025-12-18 10:59:37,4332.95,66.3765,60.1106,506.0705,0.79535
2025-12-18 10:59:37,4332.95,66.3765,60.1106,506.0705,0.79535
2025-12-18 10:59:37,4332.95,66.3765,60.1106,506.0705,0.79535
2025-12-18 10:59:38,4332.92,66.3765,60.1106,506.0705,0.79535
2025-12-18 10:59:38,4332.92,66.3765,60.1106,506.0705,0.79535
2025-12-18 10:59:38,4332.92,66.3765,60.1106,506.0705,0.79535
2025-12-18 10:59:38,4332.92,66.3765,60.1106,506.0705,0.79535
2025-12-18 10:59:38,4332.92,66.3765,60.1106,506.0705,0.79535
2025-12-18 10:59:42,4332.9,66.3765,60.1106,506.0705,0.79535
2025-12-18 10:59:43,4332.9,66.3765,60.1106,506.0705,0.79535
2025-12-18 10:59:43,4332.9,66.3765,60.1106,506.0705,0.79535
2025-12-18 10:59:43,4332.88,66.3765,60.1106,506.0705,0.79535
2025-12-18 10:59:44,4332.88,66.3765,60.1106,506.0705,0.79535
2025-12-18 10:59:44,4332.88,66.3765,60.1106,506.0705,0.79535
2025-12-18 10:59:44,4332.88,66.3765,60.1106,506.0705,0.79535
2025-12-18 10:59:45,4332.88,66.3765,60.1106,506.0705,0.79535
2025-12-18 10:59:45,4332.88,66.3765,60.1106,506.0705,0.79535
2025-12-18 10:59:45,4332.97,66.3765,60.1106,506.0705,0.79535
2025-12-18 10:59:46,4332.97,66.3765,60.1106,506.0705,0.79535
2025-12-18 10:59:46,4332.97,66.3765,60.1106,506.0705,0.79535
2025-12-18 10:59:47,4332.99,66.3765,60.1106,506.0705,0.79535
2025-12-18 10:59:47,4332.99,66.3805,60.1106,506.0705,0.79535
2025-12-18 10:59:47,4332.99,66.3805,60.1106,506.0705,0.79535
2025-12-18 10:59:47,4332.99,66.3805,60.1106,506.0705,0.79535
2025-12-18 10:59:47,4332.99,66.3805,60.1106,506.0705,0.79535
2025-12-18 10:59:47,4332.99,66.3805,60.1106,506.0705,0.79535
2025-12-18 10:59:47,4332.98,66.3805,60.1106,506.0705,0.79535
2025-12-18 10:59:47,4332.98,66.376,60.1106,506.0705,0.79535
2025-12-18 10:59:48,4332.98,66.376,60.1106,506.0705,0.79535
2025-12-18 10:59:48,4332.98,66.376,60.1106,506.0705,0.79535
2025-12-18 10:59:48,4332.98,66.376,60.1106,506.0705,0.79535
2025-12-18 10:59:48,4332.98,66.376,60.1106,506.0705,0.79535
2025-12-18 10:59:49,4332.9,66.376,60.1106,506.0705,0.79535
2025-12-18 10:59:49,4332.9,66.376,60.1106,506.0705,0.79535
2025-12-18 10:59:49,4332.9,66.376,60.1106,506.0705,0.79535
2025-12-18 10:59:50,4332.88,66.376,60.1106,506.0705,0.79535
2025-12-18 10:59:50,4332.88,66.373,60.1106,506.0705,0.79535
2025-12-18 10:59:51,4332.88,66.373,60.1106,506.0705,0.79535
2025-12-18 10:59:51,4332.88,66.373,60.1106,506.0705,0.79535
2025-12-18 10:59:51,4332.88,66.373,60.1106,506.0705,0.79535
2025-12-18 10:59:51,4332.88,66.373,60.1106,506.0705,0.79535
2025-12-18 10:59:51,4332.89,66.373,60.1106,506.0705,0.79535
2025-12-18 10:59:52,4332.89,66.373,60.1106,506.0705,0.79535
2025-12-18 10:59:52,4332.89,66.373,60.1106,506.0705,0.79535
2025-12-18 10:59:52,4332.89,66.372,60.1106,506.0705,0.79535
2025-12-18 10:59:52,4332.83,66.372,60.1106,506.0705,0.79535
2025-12-18 10:59:53,4332.83,66.372,60.1106,506.0705,0.79535
2025-12-18 10:59:53,4332.83,66.372,60.1106,506.0705,0.79535
2025-12-18 10:59:53,4332.83,66.372,60.1106,506.0705,0.79535
2025-12-18 10:59:53,4332.83,66.372,60.1106,506.0705,0.79535
2025-12-18 10:59:53,4332.83,66.373,60.1106,506.0705,0.79535
2025-12-18 10:59:53,4332.77,66.373,60.1106,506.0705,0.79535
2025-12-18 10:59:54,4332.77,66.373,60.1106,506.0705,0.79535
2025-12-18 10:59:54,4332.77,66.373,60.1106,506.0705,0.79535
2025-12-18 10:59:54,4332.77,66.373,60.1106,506.0705,0.79535
2025-12-18 10:59:54,4332.77,66.373,60.1106,506.0705,0.79535
2025-12-18 10:59:54,4332.78,66.373,60.1106,506.0705,0.79535
2025-12-18 10:59:55,4332.78,66.373,60.1106,506.0705,0.79535
2025-12-18 10:59:55,4332.78,66.373,60.1106,506.0705,0.79535
2025-12-18 10:59:55,4332.89,66.373,60.1106,506.0705,0.79535
2025-12-18 10:59:55,4332.89,66.372,60.1106,506.0705,0.79535
2025-12-18 10:59:56,4332.89,66.372,60.1106,506.0705,0.79535
2025-12-18 10:59:56,4332.89,66.372,60.1106,506.0705,0.79535
2025-12-18 10:59:56,4332.89,66.372,60.1106,506.0705,0.79535
2025-12-18 10:59:56,4332.89,66.372,60.1106,506.0705,0.79535
2025-12-18 10:59:56,4332.89,66.376,60.1106,506.0705,0.79535
2025-12-18 10:59:56,4332.92,66.376,60.1106,506.0705,0.79535
2025-12-18 10:59:57,4332.92,66.376,60.1106,506.0705,0.79535
2025-12-18 10:59:57,4332.92,66.376,60.1106,506.0705,0.79535
2025-12-18 10:59:57,4332.92,66.376,60.1106,506.0705,0.79535
2025-12-18 10:59:57,4332.92,66.376,60.1106,506.0705,0.79535
2025-12-18 10:59:58,4332.92,66.396,60.1106,506.0705,0.79535
2025-12-18 10:59:58,4333.09,66.396,60.1106,506.0705,0.79535
2025-12-18 10:59:58,4333.09,66.396,60.1106,506.0705,0.79535
2025-12-18 10:59:58,4333.09,66.396,60.1106,506.0705,0.79535
2025-12-18 10:59:58,4333.09,66.396,60.1106,506.0705,0.79535
2025-12-18 10:59:58,4333.09,66.396,60.1106,506.0705,0.79535
2025-12-18 10:59:59,4333.09,66.3905,60.1106,506.0705,0.79535
2025-12-18 10:59:59,4333.02,66.3905,60.1106,506.0705,0.79535
2025-12-18 11:00:00,4333.02,66.3905,60.1106,506.0705,0.79535
2025-12-18 11:00:00,4333.02,66.3905,60.1106,506.0705,0.79535
2025-12-18 11:00:00,4333.02,66.3905,60.1106,506.0705,0.79535
2025-12-18 11:00:00,4333.02,66.3905,60.1106,506.0705,0.79535
2025-12-18 11:00:00,4333.02,66.391,60.1106,506.0705,0.79535
2025-12-18 11:00:00,4333.02,66.391,60.1106,506.0705,0.79535
2025-12-18 11:00:00,4333.02,66.391,60.1106,506.0705,0.79535
2025-12-18 11:00:03,4333.02,66.3915,60.1106,506.0705,0.79535
2025-12-18 11:00:04,4333.02,66.3915,60.1106,506.0705,0.79535
2025-12-18 11:00:04,4333.02,66.3915,60.1106,506.0705,0.79535
2025-12-18 11:00:05,4333.02,66.393,60.1106,506.0705,0.79535
2025-12-18 11:00:06,4333.02,66.393,60.1106,506.0705,0.79535
2025-12-18 11:00:06,4333.02,66.393,60.1106,506.0705,0.79535
2025-12-18 11:00:07,4333.04,66.393,60.1106,506.0705,0.79535
2025-12-18 11:00:07,4333.04,66.393,60.1106,506.0705,0.79535
2025-12-18 11:00:07,4333.04,66.393,60.1106,506.0705,0.79535
2025-12-18 11:00:08,4333.04,66.393,60.1106,506.0705,0.79537
2025-12-18 11:00:08,4333.08,66.393,60.1106,506.0705,0.79537
2025-12-18 11:00:08,4333.08,66.393,60.1106,506.0705,0.79537
2025-12-18 11:00:08,4333.08,66.393,60.1106,506.0705,0.79537
2025-12-18 11:00:08,4333.08,66.393,60.1106,506.0705,0.79537
2025-12-18 11:00:08,4333.08,66.393,60.1106,506.0705,0.79536
2025-12-18 11:00:09,4333.08,66.393,60.1106,506.0705,0.79536
2025-12-18 11:00:12,4333.08,66.3955,60.1106,506.0705,0.79536
2025-12-18 11:00:12,4333.08,66.3955,60.1106,506.0705,0.79536
2025-12-18 11:00:12,4333.08,66.3955,60.1106,506.0705,0.79536
2025-12-18 11:00:12,4333.08,66.3955,60.1012,506.0705,0.79536
2025-12-18 11:00:13,4333.08,66.3955,60.1012,506.0705,0.79536
2025-12-18 11:00:13,4333.08,66.3955,60.1012,506.0705,0.79536
2025-12-18 11:00:13,4333.08,66.396,60.1012,506.0705,0.79536
2025-12-18 11:00:13,4333.07,66.396,60.1012,506.0705,0.79536
2025-12-18 11:00:14,4333.07,66.396,60.1012,506.0705,0.79536
2025-12-18 11:00:14,4333.07,66.396,60.1012,506.0705,0.79536
2025-12-18 11:00:14,4333.07,66.396,60.1012,506.0705,0.79536
2025-12-18 11:00:14,4333.07,66.396,60.1012,506.0705,0.79536
2025-12-18 11:00:14,4333.07,66.396,60.1012,506.0705,0.79536
2025-12-18 11:00:15,4333.07,66.396,60.1012,506.0705,0.79536
2025-12-18 11:00:15,4333.07,66.396,60.1012,506.0705,0.79536
2025-12-18 11:00:16,4333.05,66.396,60.1012,506.0705,0.79536
2025-12-18 11:00:16,4333.05,66.396,60.1012,506.0705,0.79536
2025-12-18 11:00:16,4333.05,66.396,60.1012,506.0705,0.79536
2025-12-18 11:00:16,4333.08,66.396,60.1012,506.0705,0.79536
2025-12-18 11:00:17,4333.08,66.396,60.1012,506.0705,0.79536
2025-12-18 11:00:17,4333.08,66.396,60.1012,506.0705,0.79536
2025-12-18 11:00:17,4333.11,66.396,60.1012,506.0705,0.79536
2025-12-18 11:00:18,4333.11,66.396,60.1012,506.0705,0.79536
2025-12-18 11:00:18,4333.11,66.396,60.1012,506.0705,0.79536
2025-12-18 11:00:18,4333.08,66.396,60.1012,506.0705,0.79536
2025-12-18 11:00:18,4333.08,66.396,60.0921,506.0705,0.79536
2025-12-18 11:00:19,4333.08,66.396,60.0921,506.0705,0.79536
2025-12-18 11:00:19,4333.08,66.396,60.0921,506.0705,0.79536
2025-12-18 11:00:19,4333.08,66.396,60.0921,506.0705,0.79536
2025-12-18 11:00:19,4333.08,66.396,60.0921,506.0705,0.79536
2025-12-18 11:00:19,4333.08,66.396,60.0921,506.0705,0.79537
2025-12-18 11:00:20,4333.08,66.396,60.09,506.0705,0.79537
2025-12-18 11:00:20,4333.05,66.396,60.09,506.0705,0.79537
2025-12-18 11:00:20,4333.05,66.396,60.09,506.0705,0.79537
2025-12-18 11:00:20,4333.05,66.396,60.09,506.0705,0.79537
2025-12-18 11:00:20,4333.05,66.396,60.09,506.0705,0.79537
2025-12-18 11:00:20,4333.05,66.396,60.09,506.0705,0.79537
2025-12-18 11:00:20,4333.05,66.396,60.09,506.0705,0.79537
2025-12-18 11:00:22,4333.05,66.396,60.0808,506.0705,0.79537
2025-12-18 11:00:23,4333.05,66.396,60.0808,506.0705,0.79537
2025-12-18 11:00:23,4333.05,66.396,60.0808,506.0705,0.79537
2025-12-18 11:00:23,4333.01,66.396,60.0808,506.0705,0.79537
2025-12-18 11:00:23,4333.01,66.395,60.0808,506.0705,0.79537
2025-12-18 11:00:24,4333.01,66.395,60.0808,506.0705,0.79537
2025-12-18 11:00:24,4333.01,66.395,60.0808,506.0705,0.79537
2025-12-18 11:00:24,4333.01,66.395,60.0808,506.0705,0.79537
2025-12-18 11:00:24,4333.01,66.395,60.0808,506.0705,0.79537
2025-12-18 11:00:24,4333.01,66.386,60.0808,506.0705,0.79537
2025-12-18 11:00:24,4332.84,66.386,60.0808,506.0705,0.79537
2025-12-18 11:00:25,4332.84,66.386,60.0808,506.0705,0.79537
2025-12-18 11:00:25,4332.84,66.386,60.0808,506.0705,0.79537
2025-12-18 11:00:25,4332.84,66.386,60.0808,506.0705,0.79537
2025-12-18 11:00:25,4332.84,66.386,60.0808,506.0705,0.79537
2025-12-18 11:00:25,4332.84,66.393,60.0808,506.0705,0.79537
2025-12-18 11:00:25,4332.9,66.393,60.0808,506.0705,0.79537
2025-12-18 11:00:26,4332.9,66.393,60.0808,506.0705,0.79537
2025-12-18 11:00:26,4332.9,66.393,60.0808,506.0705,0.79537
2025-12-18 11:00:26,4332.9,66.393,60.0808,506.0705,0.79537
2025-12-18 11:00:26,4332.9,66.393,60.0808,506.0705,0.79537
2025-12-18 11:00:27,4332.9,66.394,60.0808,506.0705,0.79537
2025-12-18 11:00:27,4333,66.394,60.0808,506.0705,0.79537
2025-12-18 11:00:27,4333,66.394,60.0808,506.0705,0.79537
2025-12-18 11:00:27,4333,66.394,60.0808,506.0705,0.79537
2025-12-18 11:00:27,4333,66.394,60.0808,506.0705,0.79537
2025-12-18 11:00:27,4333,66.394,60.0808,506.0705,0.79537
2025-12-18 11:00:27,4333,66.391,60.0808,506.0705,0.79537
2025-12-18 11:00:27,4332.96,66.391,60.0808,506.0705,0.79537
2025-12-18 11:00:28,4332.96,66.391,60.0808,506.0705,0.79537
2025-12-18 11:00:28,4332.96,66.391,60.0808,506.0705,0.79537
2025-12-18 11:00:28,4332.96,66.391,60.0808,506.0705,0.79537
2025-12-18 11:00:28,4332.96,66.391,60.0808,506.0705,0.79537
2025-12-18 11:00:28,4332.99,66.391,60.0808,506.0705,0.79537
2025-12-18 11:00:29,4332.99,66.391,60.0808,506.0705,0.79537
2025-12-18 11:00:29,4332.99,66.391,60.0808,506.0705,0.79537
2025-12-18 11:00:29,4332.97,66.391,60.0808,506.0705,0.79537
2025-12-18 11:00:30,4332.97,66.391,60.0808,506.0705,0.79537
2025-12-18 11:00:30,4332.97,66.391,60.0808,506.0705,0.79537
2025-12-18 11:00:30,4332.98,66.391,60.0808,506.0705,0.79537
2025-12-18 11:00:31,4332.98,66.391,60.0808,506.0705,0.79537
2025-12-18 11:00:31,4332.98,66.391,60.0808,506.0705,0.79537
2025-12-18 11:00:31,4332.96,66.391,60.0808,506.0705,0.79537
2025-12-18 11:00:32,4332.96,66.391,60.0808,506.0705,0.79537
2025-12-18 11:00:32,4332.96,66.391,60.0808,506.0705,0.79537
2025-12-18 11:00:32,4332.98,66.391,60.0808,506.0705,0.79537
2025-12-18 11:00:33,4332.98,66.391,60.0808,506.0705,0.79537
2025-12-18 11:00:33,4332.98,66.391,60.0808,506.0705,0.79537
2025-12-18 11:00:33,4332.98,66.391,60.0808,506.0705,0.79539
2025-12-18 11:00:33,4332.99,66.391,60.0808,506.0705,0.79539
2025-12-18 11:00:34,4332.99,66.391,60.0808,506.0705,0.79539
2025-12-18 11:00:34,4332.99,66.391,60.0808,506.0705,0.79539
2025-12-18 11:00:34,4332.99,66.391,60.0808,506.0705,0.79539
2025-12-18 11:00:34,4332.99,66.396,60.0808,506.0705,0.79539
2025-12-18 11:00:34,4333.08,66.396,60.0808,506.0705,0.79539
2025-12-18 11:00:35,4333.08,66.396,60.0808,506.0705,0.79539
2025-12-18 11:00:35,4333.08,66.396,60.0808,506.0705,0.79539
2025-12-18 11:00:35,4333.08,66.396,60.0808,506.0705,0.79539
2025-12-18 11:00:35,4333.08,66.396,60.0808,506.0705,0.79539
2025-12-18 11:00:36,4333.08,66.395,60.0808,506.0705,0.79539
2025-12-18 11:00:36,4333.08,66.395,60.0808,506.0705,0.79539
2025-12-18 11:00:36,4333.08,66.395,60.0808,506.0705,0.79539
2025-12-18 11:00:36,4333.08,66.395,60.0808,506.0705,0.79539
2025-12-18 11:00:37,4333.08,66.395,60.0808,506.0705,0.79539
2025-12-18 11:00:37,4333.08,66.395,60.0808,506.0705,0.79539
2025-12-18 11:00:37,4333.1,66.395,60.0808,506.0705,0.79539
2025-12-18 11:00:38,4333.1,66.395,60.0808,506.0705,0.79539
2025-12-18 11:00:38,4333.1,66.395,60.0808,506.0705,0.79539
2025-12-18 11:00:39,4333.11,66.395,60.0808,506.0705,0.79539
2025-12-18 11:00:39,4333.11,66.395,60.0808,506.0705,0.79539
2025-12-18 11:00:39,4333.11,66.395,60.0808,506.0705,0.79539
2025-12-18 11:00:39,4333.14,66.395,60.0808,506.0705,0.79539
2025-12-18 11:00:40,4333.14,66.395,60.0808,506.0705,0.79539
2025-12-18 11:00:40,4333.14,66.395,60.0808,506.0705,0.79539
2025-12-18 11:00:41,4333.14,66.395,60.0808,506.0705,0.79536
2025-12-18 11:00:42,4333.14,66.3965,60.0808,506.0705,0.79536
2025-12-18 11:00:42,4333.14,66.3965,60.0808,506.0705,0.79536
2025-12-18 11:00:42,4333.14,66.3965,60.0808,506.0705,0.79536
2025-12-18 11:00:42,4333.14,66.3965,60.0808,506.0705,0.79536
2025-12-18 11:00:42,4333.14,66.3965,60.0808,506.0705,0.79536
2025-12-18 11:00:42,4333.14,66.3965,60.0808,506.0705,0.79536
2025-12-18 11:00:42,4333.14,66.3965,60.0808,506.0705,0.79536
2025-12-18 11:00:42,4333.14,66.3965,60.0808,506.0705,0.79536
2025-12-18 11:00:43,4333.14,66.396,60.0808,506.0705,0.79536
2025-12-18 11:00:43,4333.21,66.396,60.0808,506.0705,0.79536
2025-12-18 11:00:43,4333.21,66.396,60.0808,506.0705,0.79536
2025-12-18 11:00:43,4333.21,66.396,60.0808,506.0705,0.79536
2025-12-18 11:00:43,4333.21,66.396,60.0808,506.0705,0.79536
2025-12-18 11:00:43,4333.21,66.396,60.0808,506.0705,0.79536
2025-12-18 11:00:43,4333.21,66.396,60.0808,506.0705,0.79536
2025-12-18 11:00:44,4333.15,66.396,60.0808,506.0705,0.79536
2025-12-18 11:00:44,4333.15,66.39,60.0808,506.0705,0.79536
2025-12-18 11:00:44,4333.15,66.39,60.0808,506.0705,0.79536
2025-12-18 11:00:44,4333.15,66.39,60.0808,506.0705,0.79536
2025-12-18 11:00:44,4333.15,66.39,60.0808,506.0705,0.79536
2025-12-18 11:00:44,4333.15,66.39,60.0808,506.0705,0.79536
2025-12-18 11:00:51,4333.19,66.39,60.0808,506.0705,0.79536
2025-12-18 11:00:52,4333.19,66.39,60.0808,506.0705,0.79536
2025-12-18 11:00:52,4333.19,66.39,60.0808,506.0705,0.79536
2025-12-18 11:00:53,4333.19,66.39,60.0808,506.0705,0.79536
2025-12-18 11:00:53,4333.19,66.39,60.0808,506.0705,0.79536
2025-12-18 11:00:53,4333.19,66.39,60.0808,506.0705,0.79536
2025-12-18 11:00:54,4333.19,66.39,60.0918,506.0705,0.79536
2025-12-18 11:00:54,4333.19,66.39,60.0918,506.0705,0.79536
2025-12-18 11:00:54,4333.19,66.39,60.0918,506.0705,0.79536
2025-12-18 11:00:56,4333.19,66.39,60.0918,506.0705,0.79536
2025-12-18 11:00:57,4333.19,66.39,60.0918,506.0705,0.79536
2025-12-18 11:00:58,4333.19,66.39,60.0803,506.0705,0.79536
2025-12-18 11:00:58,4333.19,66.39,60.0803,506.0705,0.79536
2025-12-18 11:00:58,4333.19,66.39,60.0803,506.0705,0.79536
2025-12-18 11:00:59,4333.19,66.39,60.0803,506.0705,0.79535
2025-12-18 11:00:59,4333.2,66.39,60.0803,506.0705,0.79535
2025-12-18 11:00:59,4333.2,66.395,60.0803,506.0705,0.79535
2025-12-18 11:01:00,4333.2,66.395,60.0803,506.0705,0.79535
2025-12-18 11:01:00,4333.2,66.395,60.0803,506.0705,0.79535
2025-12-18 11:01:00,4333.2,66.395,60.0803,506.0705,0.79535
2025-12-18 11:01:00,4333.2,66.395,60.0803,506.0705,0.79535
2025-12-18 11:01:00,4333.2,66.395,60.0803,506.0705,0.79535
2025-12-18 11:01:01,4333.2,66.4,60.0803,506.0705,0.79535
2025-12-18 11:01:01,4333.21,66.4,60.0803,506.0705,0.79535
2025-12-18 11:01:01,4333.21,66.4,60.0803,506.0705,0.79535
2025-12-18 11:01:01,4333.21,66.4,60.0803,506.0705,0.79535
2025-12-18 11:01:01,4333.21,66.4,60.0803,506.0705,0.79535
2025-12-18 11:01:01,4333.21,66.4,60.0803,506.0705,0.79535
2025-12-18 11:01:02,4333.23,66.4,60.0803,506.0705,0.79535
2025-12-18 11:01:02,4333.23,66.4,60.0803,506.0705,0.79535
2025-12-18 11:01:02,4333.23,66.4,60.0803,506.0705,0.79535
2025-12-18 11:01:03,4333.18,66.4,60.0803,506.0705,0.79535
2025-12-18 11:01:03,4333.18,66.4,60.0803,506.0705,0.79535
2025-12-18 11:01:03,4333.18,66.4,60.0803,506.0705,0.79535
2025-12-18 11:01:04,4333.18,66.4,60.0803,506.0705,0.79535
2025-12-18 11:01:04,4333.18,66.4,60.0803,506.0705,0.79535
2025-12-18 11:01:04,4333.18,66.4,60.0803,506.0705,0.79535
2025-12-18 11:01:05,4333.19,66.4,60.0803,506.0705,0.79535
2025-12-18 11:01:05,4333.19,66.4,60.0803,506.0705,0.79535
2025-12-18 11:01:05,4333.19,66.4,60.0803,506.0705,0.79535
2025-12-18 11:01:07,4333.21,66.4,60.0803,506.0705,0.79535
2025-12-18 11:01:07,4333.21,66.4,60.0803,506.0705,0.79535
2025-12-18 11:01:07,4333.21,66.4,60.0803,506.0705,0.79535
2025-12-18 11:01:07,4333.25,66.4,60.0803,506.0705,0.79535
2025-12-18 11:01:07,4333.25,66.4065,60.0803,506.0705,0.79535
2025-12-18 11:01:08,4333.25,66.4065,60.0803,506.0705,0.79535
2025-12-18 11:01:08,4333.25,66.4065,60.0803,506.0705,0.79535
2025-12-18 11:01:08,4333.25,66.4065,60.0803,506.0705,0.79535
2025-12-18 11:01:08,4333.25,66.4065,60.0803,506.0705,0.79535
2025-12-18 11:01:09,4333.25,66.4075,60.0803,506.0705,0.79535
2025-12-18 11:01:09,4333.25,66.4075,60.0803,506.0705,0.79535
2025-12-18 11:01:09,4333.25,66.4075,60.0803,506.0705,0.79535
2025-12-18 11:01:10,4333.24,66.4075,60.0803,506.0705,0.79535
2025-12-18 11:01:10,4333.24,66.4075,60.0803,506.0705,0.79535
2025-12-18 11:01:10,4333.24,66.4075,60.0803,506.0705,0.79535
2025-12-18 11:01:10,4333.24,66.4075,60.0803,506.0705,0.79536
2025-12-18 11:01:11,4333.24,66.4075,60.0803,506.0705,0.79536
2025-12-18 11:01:11,4333.24,66.4075,60.0803,506.0705,0.79536
2025-12-18 11:01:11,4333.24,66.4075,60.0803,506.0705,0.79536
2025-12-18 11:01:11,4333.24,66.4075,60.0803,506.0705,0.79536
2025-12-18 11:01:11,4333.24,66.4075,60.0803,506.0705,0.79535
2025-12-18 11:01:12,4333.24,66.4075,60.0803,506.0705,0.79535
2025-12-18 11:01:12,4333.24,66.4075,60.0803,506.0705,0.79535
2025-12-18 11:01:12,4333.24,66.4075,60.0803,506.0705,0.79535
2025-12-18 11:01:12,4333.24,66.4075,60.0803,506.0705,0.79535
2025-12-18 11:01:13,4333.12,66.4075,60.0803,506.0705,0.79535
2025-12-18 11:01:13,4333.12,66.4035,60.0803,506.0705,0.79535
2025-12-18 11:01:14,4333.12,66.4035,60.0803,506.0705,0.79535
2025-12-18 11:01:14,4333.12,66.4035,60.0803,506.0705,0.79535
2025-12-18 11:01:14,4333.12,66.4035,60.0803,506.0705,0.79535
2025-12-18 11:01:14,4333.12,66.4035,60.0803,506.0705,0.79535
2025-12-18 11:01:15,4333.1,66.4035,60.0803,506.0705,0.79535
2025-12-18 11:01:15,4333.1,66.4065,60.0803,506.0705,0.79535
2025-12-18 11:01:15,4333.1,66.4065,60.0803,506.0705,0.79535
2025-12-18 11:01:15,4333.1,66.4065,60.0803,506.0705,0.79535
2025-12-18 11:01:15,4333.1,66.4065,60.0803,506.0705,0.79535
2025-12-18 11:01:15,4333.1,66.4065,60.0803,506.0705,0.79535
2025-12-18 11:01:16,4333.13,66.4065,60.0803,506.0705,0.79535
2025-12-18 11:01:16,4333.13,66.4065,60.0803,506.0705,0.79535
2025-12-18 11:01:16,4333.13,66.4065,60.0803,506.0705,0.79535
2025-12-18 11:01:19,4333.09,66.4065,60.0803,506.0705,0.79535
2025-12-18 11:01:19,4333.09,66.4065,60.0803,506.0705,0.79535
2025-12-18 11:01:19,4333.09,66.4065,60.0803,506.0705,0.79535
2025-12-18 11:01:20,4333.12,66.4065,60.0803,506.0705,0.79535
2025-12-18 11:01:20,4333.12,66.4065,60.0803,506.0705,0.79535
2025-12-18 11:01:20,4333.12,66.4065,60.0803,506.0705,0.79535
2025-12-18 11:01:21,4333.15,66.4065,60.0803,506.0705,0.79535
2025-12-18 11:01:21,4333.15,66.4095,60.0803,506.0705,0.79535
2025-12-18 11:01:21,4333.15,66.4095,60.0803,506.0705,0.79535
2025-12-18 11:01:21,4333.15,66.4095,60.0803,506.0705,0.79535
2025-12-18 11:01:21,4333.15,66.4095,60.0803,506.0705,0.79535
2025-12-18 11:01:21,4333.15,66.4095,60.0803,506.0705,0.79535
2025-12-18 11:01:27,4333.13,66.4095,60.0803,506.0705,0.79535
2025-12-18 11:01:28,4333.13,66.4095,60.0803,506.0705,0.79535
2025-12-18 11:01:28,4333.13,66.4095,60.0803,506.0705,0.79535
2025-12-18 11:01:28,4333.13,66.4075,60.0803,506.0705,0.79535
2025-12-18 11:01:29,4333.17,66.4075,60.0803,506.0705,0.79535
2025-12-18 11:01:29,4333.17,66.4075,60.0803,506.0705,0.79535
2025-12-18 11:01:29,4333.17,66.4075,60.0803,506.0705,0.79535
2025-12-18 11:01:29,4333.17,66.4075,60.0803,506.0705,0.79535
2025-12-18 11:01:29,4333.17,66.4075,60.0803,506.0705,0.79535
2025-12-18 11:01:29,4333.17,66.4075,60.0803,506.0705,0.79535
2025-12-18 11:01:30,4333.17,66.4075,60.0803,506.0705,0.79535
2025-12-18 11:01:30,4333.17,66.4075,60.0803,506.0705,0.79535
2025-12-18 11:01:30,4333.17,66.4095,60.0803,506.0705,0.79535
2025-12-18 11:01:31,4333.18,66.4095,60.0803,506.0705,0.79535
2025-12-18 11:01:31,4333.18,66.4095,60.0803,506.0705,0.79535
2025-12-18 11:01:31,4333.18,66.4095,60.0803,506.0705,0.79535
2025-12-18 11:01:31,4333.18,66.4095,60.0803,506.0705,0.79535
2025-12-18 11:01:31,4333.18,66.4095,60.0803,506.0705,0.79535
2025-12-18 11:01:32,4333.16,66.4095,60.0803,506.0705,0.79535
2025-12-18 11:01:33,4333.16,66.4095,60.0803,506.0705,0.79535
2025-12-18 11:01:33,4333.16,66.4095,60.0803,506.0705,0.79535
2025-12-18 11:01:35,4333.16,66.4095,60.0905,506.0705,0.79535
2025-12-18 11:01:36,4333.16,66.4095,60.0905,506.0705,0.79535
2025-12-18 11:01:36,4333.16,66.4095,60.0905,506.0705,0.79535
2025-12-18 11:01:36,4333.16,66.4095,60.0905,506.0705,0.79535
2025-12-18 11:01:37,4333.16,66.4095,60.0905,506.0705,0.79535
2025-12-18 11:01:37,4333.16,66.4095,60.0905,506.0705,0.79535
2025-12-18 11:01:38,4333.16,66.4155,60.0905,506.0705,0.79535
2025-12-18 11:01:38,4333.18,66.4155,60.0905,506.0705,0.79535
2025-12-18 11:01:38,4333.18,66.4155,60.0905,506.0705,0.79535
2025-12-18 11:01:38,4333.18,66.4155,60.0905,506.0705,0.79535
2025-12-18 11:01:38,4333.18,66.4155,60.0905,506.0705,0.79535
2025-12-18 11:01:38,4333.18,66.4155,60.0905,506.0705,0.79535
2025-12-18 11:01:42,4333.18,66.4155,60.0905,506.0705,0.79535
2025-12-18 11:01:42,4333.18,66.415,60.0905,506.0705,0.79535
2025-12-18 11:01:42,4333.18,66.415,60.0905,506.0705,0.79535
2025-12-18 11:01:42,4333.18,66.415,60.0905,506.0705,0.79535
2025-12-18 11:01:42,4333.18,66.415,60.0905,506.0705,0.79535
2025-12-18 11:01:42,4333.18,66.415,60.0905,506.0705,0.79535
2025-12-18 11:01:42,4333.21,66.415,60.0905,506.0705,0.79535
2025-12-18 11:01:43,4333.21,66.415,60.0905,506.0705,0.79535
2025-12-18 11:01:43,4333.21,66.415,60.0905,506.0705,0.79535
2025-12-18 11:01:44,4333.19,66.415,60.0905,506.0705,0.79535
2025-12-18 11:01:44,4333.19,66.415,60.0905,506.0705,0.79535
2025-12-18 11:01:44,4333.19,66.415,60.0905,506.0705,0.79535
2025-12-18 11:01:44,4333.22,66.415,60.0905,506.0705,0.79535
2025-12-18 11:01:45,4333.22,66.415,60.0905,506.0705,0.79535
2025-12-18 11:01:45,4333.22,66.415,60.0905,506.0705,0.79535
2025-12-18 11:01:45,4333.22,66.4045,60.0905,506.0705,0.79535
2025-12-18 11:01:46,4332.81,66.4045,60.0905,506.0705,0.79535
2025-12-18 11:01:46,4332.81,66.4045,60.0905,506.0705,0.79535
2025-12-18 11:01:46,4332.81,66.4045,60.0905,506.0705,0.79535
2025-12-18 11:01:46,4332.81,66.4045,60.0905,506.0705,0.79535
2025-12-18 11:01:46,4332.81,66.4045,60.0905,506.0705,0.79535
2025-12-18 11:01:47,4332.81,66.412,60.0905,506.0705,0.79535
2025-12-18 11:01:47,4332.86,66.412,60.0905,506.0705,0.79535
2025-12-18 11:01:47,4332.86,66.412,60.0905,506.0705,0.79535
2025-12-18 11:01:47,4332.86,66.412,60.0905,506.0705,0.79535
2025-12-18 11:01:47,4332.86,66.412,60.0905,506.0705,0.79535
2025-12-18 11:01:47,4332.86,66.412,60.0905,506.0705,0.79535
2025-12-18 11:01:48,4332.77,66.412,60.0905,506.0705,0.79535
2025-12-18 11:01:48,4332.77,66.4095,60.0905,506.0705,0.79535
2025-12-18 11:01:48,4332.77,66.4095,60.0905,506.0705,0.79535
2025-12-18 11:01:48,4332.77,66.4095,60.0905,506.0705,0.79535
2025-12-18 11:01:48,4332.77,66.4095,60.0905,506.0705,0.79535
2025-12-18 11:01:48,4332.77,66.4095,60.0905,506.0705,0.79535
2025-12-18 11:01:48,4332.79,66.4095,60.0905,506.0705,0.79535
2025-12-18 11:01:49,4332.79,66.4095,60.0905,506.0705,0.79535
2025-12-18 11:01:49,4332.79,66.4095,60.0905,506.0705,0.79535
2025-12-18 11:01:52,4332.79,66.407,60.0905,506.0705,0.79535
2025-12-18 11:01:52,4332.76,66.407,60.0905,506.0705,0.79535
2025-12-18 11:01:52,4332.76,66.407,60.0905,506.0705,0.79535
2025-12-18 11:01:52,4332.76,66.407,60.0905,506.0705,0.79535
2025-12-18 11:01:52,4332.76,66.407,60.0905,506.0705,0.79535
2025-12-18 11:01:52,4332.76,66.407,60.0905,506.0705,0.79535
2025-12-18 11:01:52,4332.79,66.407,60.0905,506.0705,0.79535
2025-12-18 11:01:52,4332.79,66.4065,60.0905,506.0705,0.79535
2025-12-18 11:01:53,4332.79,66.4065,60.0905,506.0705,0.79535
2025-12-18 11:01:53,4332.79,66.4065,60.0905,506.0705,0.79535
2025-12-18 11:01:53,4332.79,66.4065,60.0905,506.0705,0.79535
2025-12-18 11:01:53,4332.79,66.4065,60.0905,506.0705,0.79535
2025-12-18 11:01:54,4332.79,66.407,60.0905,506.0705,0.79535
2025-12-18 11:01:54,4332.79,66.407,60.0905,506.0705,0.79535
2025-12-18 11:01:54,4332.79,66.407,60.0905,506.0705,0.79535
2025-12-18 11:01:56,4332.74,66.407,60.0905,506.0705,0.79535
2025-12-18 11:01:56,4332.74,66.404,60.0905,506.0705,0.79535
2025-12-18 11:01:56,4332.74,66.404,60.0905,506.0705,0.79535
2025-12-18 11:01:56,4332.74,66.404,60.0905,506.0705,0.79535
2025-12-18 11:01:56,4332.74,66.404,60.0905,506.0705,0.79535
2025-12-18 11:01:56,4332.74,66.404,60.0905,506.0705,0.79535
2025-12-18 11:01:58,4332.71,66.404,60.0905,506.0705,0.79535
2025-12-18 11:01:58,4332.71,66.404,60.0905,506.0705,0.79535
2025-12-18 11:01:58,4332.71,66.404,60.0905,506.0705,0.79535
2025-12-18 11:01:59,4332.73,66.404,60.0905,506.0705,0.79535
2025-12-18 11:01:59,4332.73,66.4065,60.0905,506.0705,0.79535
2025-12-18 11:01:59,4332.73,66.4065,60.0905,506.0705,0.79535
2025-12-18 11:01:59,4332.73,66.4065,60.0905,506.0705,0.79535
2025-12-18 11:01:59,4332.73,66.4065,60.0905,506.0705,0.79535
2025-12-18 11:01:59,4332.73,66.4065,60.0905,506.0705,0.79535
2025-12-18 11:02:00,4332.6,66.4065,60.0905,506.0705,0.79535
2025-12-18 11:02:00,4332.6,66.4005,60.0905,506.0705,0.79535
2025-12-18 11:02:00,4332.6,66.4005,60.0905,506.0705,0.79535
2025-12-18 11:02:00,4332.6,66.4005,60.0905,506.0705,0.79535
2025-12-18 11:02:00,4332.6,66.4005,60.0905,506.0705,0.79535
2025-12-18 11:02:00,4332.6,66.4005,60.0905,506.0705,0.79535
2025-12-18 11:02:01,4332.6,66.4005,60.0905,506.0705,0.79534
2025-12-18 11:02:01,4332.6,66.4005,60.0905,506.0705,0.79534
2025-12-18 11:02:02,4332.6,66.3995,60.0905,506.0705,0.79534
2025-12-18 11:02:02,4332.64,66.3995,60.0905,506.0705,0.79534
2025-12-18 11:02:02,4332.64,66.3995,60.0905,506.0705,0.79534
2025-12-18 11:02:02,4332.64,66.3995,60.0905,506.0705,0.79534
2025-12-18 11:02:02,4332.64,66.3995,60.0905,506.0705,0.79534
2025-12-18 11:02:02,4332.64,66.3995,60.0905,506.0705,0.79534
2025-12-18 11:02:03,4332.63,66.3995,60.0905,506.0705,0.79534
2025-12-18 11:02:03,4332.63,66.3995,60.0905,506.0705,0.79534
2025-12-18 11:02:03,4332.63,66.3995,60.0905,506.0705,0.79534
2025-12-18 11:02:03,4332.63,66.4005,60.0905,506.0705,0.79534
2025-12-18 11:02:03,4332.53,66.4005,60.0905,506.0705,0.79534
2025-12-18 11:02:04,4332.53,66.4005,60.0905,506.0705,0.79534
2025-12-18 11:02:04,4332.53,66.4005,60.0905,506.0705,0.79534
2025-12-18 11:02:04,4332.53,66.4005,60.0905,506.0705,0.79534
2025-12-18 11:02:04,4332.53,66.4005,60.0905,506.0705,0.79534
2025-12-18 11:02:04,4332.65,66.4005,60.0905,506.0705,0.79534
2025-12-18 11:02:05,4332.65,66.4055,60.0905,506.0705,0.79534
2025-12-18 11:02:05,4332.65,66.4055,60.0905,506.0705,0.79534
2025-12-18 11:02:05,4332.65,66.4055,60.0905,506.0705,0.79534
2025-12-18 11:02:05,4332.65,66.4055,60.0905,506.0705,0.79534
2025-12-18 11:02:05,4332.65,66.4055,60.0905,506.0705,0.79534
2025-12-18 11:02:05,4332.65,66.4055,60.0905,506.0705,0.79534
2025-12-18 11:02:06,4332.65,66.4055,60.0905,506.0705,0.79534
2025-12-18 11:02:06,4332.65,66.4055,60.0905,506.0705,0.79534
2025-12-18 11:02:06,4332.65,66.4055,60.0905,506.0705,0.79534
2025-12-18 11:02:06,4332.65,66.4055,60.0905,506.0705,0.79534
2025-12-18 11:02:06,4332.65,66.4055,60.0905,506.0705,0.79534
2025-12-18 11:02:06,4332.65,66.4055,60.0905,506.0705,0.79534
2025-12-18 11:02:06,4332.65,66.4055,60.0905,506.0705,0.79534
2025-12-18 11:02:06,4332.64,66.4055,60.0905,506.0705,0.79534
2025-12-18 11:02:07,4332.64,66.4055,60.0905,506.0705,0.79534
2025-12-18 11:02:07,4332.64,66.4055,60.0905,506.0705,0.79534
2025-12-18 11:02:07,4332.64,66.4045,60.0905,506.0705,0.79534
2025-12-18 11:02:08,4332.64,66.4045,60.0905,506.0705,0.79534
2025-12-18 11:02:08,4332.64,66.4045,60.0905,506.0705,0.79534
2025-12-18 11:02:09,4332.64,66.408,60.0905,506.0705,0.79534
2025-12-18 11:02:09,4332.62,66.408,60.0905,506.0705,0.79534
2025-12-18 11:02:09,4332.62,66.408,60.0905,506.0705,0.79534
2025-12-18 11:02:09,4332.62,66.408,60.0905,506.0705,0.79534
2025-12-18 11:02:09,4332.62,66.408,60.0905,506.0705,0.79534
2025-12-18 11:02:09,4332.62,66.408,60.0905,506.0705,0.79534
2025-12-18 11:02:10,4332.62,66.4055,60.0905,506.0705,0.79534
2025-12-18 11:02:10,4332.67,66.4055,60.0905,506.0705,0.79534
2025-12-18 11:02:10,4332.67,66.4055,60.0905,506.0705,0.79534
2025-12-18 11:02:10,4332.67,66.4055,60.0905,506.0705,0.79534
2025-12-18 11:02:10,4332.67,66.4055,60.0905,506.0705,0.79534
2025-12-18 11:02:10,4332.67,66.4055,60.0905,506.0705,0.79534
2025-12-18 11:02:10,4332.67,66.4055,60.0905,506.0705,0.79534
2025-12-18 11:02:11,4332.67,66.408,60.0905,506.0705,0.79534
2025-12-18 11:02:11,4332.67,66.408,60.1028,506.0705,0.79534
2025-12-18 11:02:11,4332.65,66.408,60.1028,506.0705,0.79534
2025-12-18 11:02:11,4332.65,66.408,60.1028,506.0705,0.79534
2025-12-18 11:02:11,4332.65,66.408,60.1028,506.0705,0.79534
2025-12-18 11:02:11,4332.65,66.408,60.1028,506.0705,0.79534
2025-12-18 11:02:11,4332.65,66.408,60.1028,506.0705,0.79534
2025-12-18 11:02:11,4332.65,66.408,60.1028,506.0705,0.79534
2025-12-18 11:02:11,4332.65,66.408,60.1028,506.0705,0.79534
2025-12-18 11:02:11,4332.65,66.408,60.1028,506.0705,0.79534
2025-12-18 11:02:11,4332.64,66.408,60.1028,506.0705,0.79534
2025-12-18 11:02:11,4332.64,66.406,60.1028,506.0705,0.79534
2025-12-18 11:02:12,4332.64,66.406,60.1028,506.0705,0.79534
2025-12-18 11:02:12,4332.64,66.406,60.1028,506.0705,0.79534
2025-12-18 11:02:12,4332.64,66.406,60.1028,506.0705,0.79534
2025-12-18 11:02:12,4332.64,66.406,60.1028,506.0705,0.79534
2025-12-18 11:02:12,4332.68,66.406,60.1028,506.0705,0.79534
2025-12-18 11:02:13,4332.68,66.406,60.1028,506.0705,0.79534
2025-12-18 11:02:13,4332.68,66.406,60.1028,506.0705,0.79534
2025-12-18 11:02:14,4332.7,66.406,60.1028,506.0705,0.79534
2025-12-18 11:02:14,4332.7,66.406,60.1028,506.0705,0.79534
2025-12-18 11:02:14,4332.7,66.406,60.1028,506.0705,0.79534
2025-12-18 11:02:15,4332.71,66.406,60.1028,506.0705,0.79534
2025-12-18 11:02:15,4332.71,66.406,60.1028,506.0705,0.79534
2025-12-18 11:02:15,4332.71,66.406,60.1028,506.0705,0.79534
2025-12-18 11:02:15,4332.71,66.405,60.1028,506.0705,0.79534
2025-12-18 11:02:16,4332.64,66.405,60.1028,506.0705,0.79534
2025-12-18 11:02:16,4332.64,66.405,60.1028,506.0705,0.79534
2025-12-18 11:02:16,4332.64,66.405,60.1028,506.0705,0.79534
2025-12-18 11:02:16,4332.64,66.405,60.1028,506.0705,0.79534
2025-12-18 11:02:16,4332.64,66.405,60.1028,506.0705,0.79534
2025-12-18 11:02:19,4332.64,66.405,60.0925,506.0705,0.79534
2025-12-18 11:02:19,4332.64,66.4075,60.0925,506.0705,0.79534
2025-12-18 11:02:19,4332.71,66.4075,60.0925,506.0705,0.79534
2025-12-18 11:02:19,4332.71,66.4075,60.0925,506.0705,0.79534
2025-12-18 11:02:19,4332.71,66.4075,60.0925,506.0705,0.79534
2025-12-18 11:02:19,4332.71,66.4075,60.0925,506.0705,0.79534
2025-12-18 11:02:19,4332.71,66.4075,60.0925,506.0705,0.79534
2025-12-18 11:02:19,4332.71,66.4075,60.0925,506.0705,0.79534
2025-12-18 11:02:19,4332.71,66.4075,60.0925,506.0705,0.79534
2025-12-18 11:02:19,4332.73,66.4075,60.0925,506.0705,0.79534
2025-12-18 11:02:20,4332.73,66.4105,60.0925,506.0705,0.79534
2025-12-18 11:02:20,4332.73,66.4105,60.0925,506.0705,0.79534
2025-12-18 11:02:20,4332.73,66.4105,60.0925,506.0705,0.79534
2025-12-18 11:02:20,4332.73,66.4105,60.0925,506.0705,0.79534
2025-12-18 11:02:20,4332.73,66.4105,60.0925,506.0705,0.79534
2025-12-18 11:02:20,4332.66,66.4105,60.0925,506.0705,0.79534
2025-12-18 11:02:21,4332.66,66.4105,60.0925,506.0705,0.79534
2025-12-18 11:02:21,4332.66,66.4105,60.0925,506.0705,0.79534
2025-12-18 11:02:21,4332.64,66.4105,60.0925,506.0705,0.79534
2025-12-18 11:02:22,4332.64,66.4105,60.0925,506.0705,0.79534
2025-12-18 11:02:22,4332.64,66.4105,60.0925,506.0705,0.79534
2025-12-18 11:02:22,4332.54,66.4105,60.0925,506.0705,0.79534
2025-12-18 11:02:23,4332.54,66.403,60.0925,506.0705,0.79534
2025-12-18 11:02:23,4332.54,66.403,60.0925,506.0705,0.79534
2025-12-18 11:02:23,4332.54,66.403,60.0925,506.0705,0.79534
2025-12-18 11:02:23,4332.54,66.403,60.0925,506.0705,0.79534
2025-12-18 11:02:23,4332.54,66.403,60.0925,506.0705,0.79534
2025-12-18 11:02:23,4332.52,66.403,60.0925,506.0705,0.79534
2025-12-18 11:02:24,4332.52,66.403,60.0925,506.0705,0.79534
2025-12-18 11:02:24,4332.52,66.403,60.0925,506.0705,0.79534
2025-12-18 11:02:24,4332.54,66.403,60.0925,506.0705,0.79534
2025-12-18 11:02:25,4332.54,66.403,60.0925,506.0705,0.79534
2025-12-18 11:02:25,4332.54,66.403,60.0925,506.0705,0.79534
2025-12-18 11:02:25,4332.54,66.403,60.0925,506.0705,0.79534
2025-12-18 11:02:26,4332.54,66.403,60.0925,506.0705,0.79534
2025-12-18 11:02:26,4332.54,66.403,60.0925,506.0705,0.79534
2025-12-18 11:02:26,4332.51,66.403,60.0925,506.0705,0.79534
2025-12-18 11:02:27,4332.51,66.403,60.0925,506.0705,0.79534
2025-12-18 11:02:27,4332.51,66.403,60.0925,506.0705,0.79534
2025-12-18 11:02:27,4332.51,66.402,60.0925,506.0705,0.79534
2025-12-18 11:02:27,4332.52,66.402,60.0925,506.0705,0.79534
2025-12-18 11:02:28,4332.52,66.402,60.0925,506.0705,0.79534
2025-12-18 11:02:28,4332.52,66.402,60.0925,506.0705,0.79534
2025-12-18 11:02:28,4332.52,66.402,60.0925,506.0705,0.79534
2025-12-18 11:02:28,4332.52,66.402,60.0925,506.0705,0.79534
2025-12-18 11:02:28,4332.52,66.402,60.0925,506.0705,0.79534
2025-12-18 11:02:29,4332.52,66.402,60.0925,506.0705,0.79534
2025-12-18 11:02:29,4332.52,66.402,60.0925,506.0705,0.79534
2025-12-18 11:02:29,4332.52,66.402,60.0925,506.0705,0.79534
2025-12-18 11:02:29,4332.52,66.402,60.0925,506.0705,0.79534
2025-12-18 11:02:29,4332.52,66.4115,60.0925,506.0705,0.79534
2025-12-18 11:02:30,4332.57,66.4115,60.0925,506.0705,0.79534
2025-12-18 11:02:30,4332.57,66.4115,60.0925,506.0705,0.79534
2025-12-18 11:02:30,4332.57,66.4115,60.0925,506.0705,0.79534
2025-12-18 11:02:30,4332.57,66.4115,60.0925,506.0705,0.79534
2025-12-18 11:02:30,4332.57,66.4115,60.0925,506.0705,0.79534
2025-12-18 11:02:30,4332.58,66.4115,60.0925,506.0705,0.79534
2025-12-18 11:02:31,4332.58,66.4115,60.0925,506.0705,0.79534
2025-12-18 11:02:31,4332.58,66.4115,60.0925,506.0705,0.79534
2025-12-18 11:02:31,4332.58,66.408,60.0925,506.0705,0.79534
2025-12-18 11:02:32,4332.52,66.408,60.0925,506.0705,0.79534
2025-12-18 11:02:32,4332.52,66.408,60.0925,506.0705,0.79534
2025-12-18 11:02:32,4332.52,66.408,60.0925,506.0705,0.79534
2025-12-18 11:02:32,4332.52,66.408,60.0925,506.0705,0.79534
2025-12-18 11:02:32,4332.52,66.408,60.0925,506.0705,0.79534
2025-12-18 11:02:32,4332.61,66.408,60.0925,506.0705,0.79534
2025-12-18 11:02:33,4332.61,66.411,60.0925,506.0705,0.79534
2025-12-18 11:02:33,4332.61,66.411,60.0925,506.0705,0.79534
2025-12-18 11:02:33,4332.61,66.411,60.0925,506.0705,0.79534
2025-12-18 11:02:33,4332.61,66.411,60.0925,506.0705,0.79534
2025-12-18 11:02:33,4332.61,66.411,60.0925,506.0705,0.79534
2025-12-18 11:02:34,4332.62,66.411,60.0925,506.0705,0.79534
2025-12-18 11:02:34,4332.62,66.411,60.0925,506.0705,0.79534
2025-12-18 11:02:34,4332.62,66.411,60.0925,506.0705,0.79534
2025-12-18 11:02:35,4332.63,66.411,60.0925,506.0705,0.79534
2025-12-18 11:02:35,4332.63,66.411,60.0925,506.0705,0.79534
2025-12-18 11:02:35,4332.63,66.411,60.0925,506.0705,0.79534
2025-12-18 11:02:36,4332.59,66.411,60.0925,506.0705,0.79534
2025-12-18 11:02:36,4332.59,66.411,60.0925,506.0705,0.79534
2025-12-18 11:02:36,4332.59,66.411,60.0925,506.0705,0.79534
2025-12-18 11:02:37,4332.59,66.411,60.0925,506.0705,0.79534
2025-12-18 11:02:37,4332.62,66.411,60.0925,506.0705,0.79534
2025-12-18 11:02:37,4332.62,66.411,60.0925,506.0705,0.79534
2025-12-18 11:02:37,4332.62,66.411,60.0925,506.0705,0.79534
2025-12-18 11:02:37,4332.62,66.411,60.0925,506.0705,0.79534
2025-12-18 11:02:37,4332.62,66.411,60.0925,506.0705,0.79534
2025-12-18 11:02:38,4332.57,66.411,60.0925,506.0705,0.79534
2025-12-18 11:02:38,4332.57,66.411,60.0925,506.0705,0.79534
2025-12-18 11:02:38,4332.57,66.411,60.0925,506.0705,0.79534
2025-12-18 11:02:38,4332.57,66.411,60.0925,506.0705,0.79535
2025-12-18 11:02:39,4332.6,66.411,60.0925,506.0705,0.79535
2025-12-18 11:02:39,4332.6,66.411,60.0925,506.0705,0.79535
2025-12-18 11:02:39,4332.6,66.411,60.0925,506.0705,0.79535
2025-12-18 11:02:39,4332.6,66.411,60.0925,506.0705,0.79535
2025-12-18 11:02:40,4332.6,66.417,60.0925,506.0705,0.79535
2025-12-18 11:02:40,4332.81,66.417,60.0925,506.0705,0.79535
2025-12-18 11:02:40,4332.81,66.417,60.0925,506.0705,0.79535
2025-12-18 11:02:40,4332.81,66.417,60.0925,506.0705,0.79535
2025-12-18 11:02:40,4332.81,66.417,60.0925,506.0705,0.79535
2025-12-18 11:02:40,4332.81,66.417,60.0925,506.0705,0.79535
2025-12-18 11:02:40,4332.8,66.417,60.0925,506.0705,0.79535
2025-12-18 11:02:41,4332.8,66.417,60.0925,506.0705,0.79535
2025-12-18 11:02:41,4332.8,66.417,60.0925,506.0705,0.79535
2025-12-18 11:02:41,4332.85,66.417,60.0925,506.0705,0.79535
2025-12-18 11:02:42,4332.85,66.417,60.0925,506.0705,0.79535
2025-12-18 11:02:42,4332.85,66.417,60.0925,506.0705,0.79535
2025-12-18 11:02:43,4332.85,66.417,60.0925,506.0705,0.79534
2025-12-18 11:02:44,4332.85,66.4145,60.0925,506.0705,0.79534
2025-12-18 11:02:44,4332.86,66.4145,60.0925,506.0705,0.79534
2025-12-18 11:02:44,4332.86,66.4145,60.0925,506.0705,0.79534
2025-12-18 11:02:44,4332.86,66.4145,60.0925,506.0705,0.79534
2025-12-18 11:02:44,4332.86,66.4145,60.0925,506.0705,0.79534
2025-12-18 11:02:44,4332.86,66.4145,60.0925,506.0705,0.79534
2025-12-18 11:02:44,4332.86,66.4145,60.0925,506.0705,0.79534
2025-12-18 11:02:44,4332.86,66.4155,60.0925,506.0705,0.79534
2025-12-18 11:02:44,4332.86,66.4155,60.0925,506.0705,0.79534
2025-12-18 11:02:45,4332.86,66.4155,60.0925,506.0705,0.79534
2025-12-18 11:02:45,4332.86,66.4155,60.0925,506.0705,0.79534
2025-12-18 11:02:45,4332.86,66.4155,60.0925,506.0705,0.79534
2025-12-18 11:02:45,4332.86,66.4155,60.0925,506.0705,0.79534
2025-12-18 11:02:46,4332.86,66.4145,60.0925,506.0705,0.79534
2025-12-18 11:02:46,4332.87,66.4145,60.0925,506.0705,0.79534
2025-12-18 11:02:46,4332.87,66.4145,60.0925,506.0705,0.79534
2025-12-18 11:02:46,4332.87,66.4145,60.0925,506.0705,0.79534
2025-12-18 11:02:46,4332.87,66.4145,60.0925,506.0705,0.79534
2025-12-18 11:02:46,4332.87,66.4145,60.0925,506.0705,0.79534
2025-12-18 11:02:46,4332.87,66.4155,60.0925,506.0705,0.79534
2025-12-18 11:02:46,4332.84,66.4155,60.0925,506.0705,0.79534
2025-12-18 11:02:47,4332.84,66.4155,60.0925,506.0705,0.79534
2025-12-18 11:02:47,4332.84,66.4155,60.0925,506.0705,0.79534
2025-12-18 11:02:47,4332.84,66.4155,60.0925,506.0705,0.79534
2025-12-18 11:02:47,4332.84,66.4155,60.0925,506.0705,0.79534
2025-12-18 11:02:48,4332.87,66.4155,60.0925,506.0705,0.79534
2025-12-18 11:02:48,4332.87,66.4155,60.0925,506.0705,0.79534
2025-12-18 11:02:48,4332.87,66.4155,60.0925,506.0705,0.79534
2025-12-18 11:02:49,4332.87,66.4145,60.0925,506.0705,0.79534
2025-12-18 11:02:49,4332.87,66.4145,60.0925,506.0705,0.79534
2025-12-18 11:02:49,4332.87,66.4145,60.0925,506.0705,0.79534
2025-12-18 11:02:50,4332.87,66.4145,60.0925,506.0705,0.79534
2025-12-18 11:02:50,4332.87,66.4145,60.0925,506.0705,0.79534
2025-12-18 11:02:50,4332.87,66.4145,60.0925,506.0705,0.79534
2025-12-18 11:02:50,4332.87,66.4145,60.0925,506.0705,0.79533
2025-12-18 11:02:51,4332.88,66.4145,60.0925,506.0705,0.79533
2025-12-18 11:02:51,4332.88,66.4145,60.0925,506.0705,0.79533
2025-12-18 11:02:51,4332.88,66.4145,60.0925,506.0705,0.79533
2025-12-18 11:02:51,4332.88,66.4145,60.0925,506.0705,0.79533
2025-12-18 11:02:52,4332.88,66.4145,60.0925,506.0705,0.79533
2025-12-18 11:02:52,4332.88,66.4145,60.0925,506.0705,0.79533
2025-12-18 11:02:52,4332.88,66.4145,60.0925,506.0705,0.79533
2025-12-18 11:02:52,4332.91,66.4145,60.0925,506.0705,0.79533
2025-12-18 11:02:53,4332.91,66.4145,60.0925,506.0705,0.79533
2025-12-18 11:02:53,4332.91,66.4145,60.0925,506.0705,0.79533
2025-12-18 11:02:56,4332.89,66.4145,60.0925,506.0705,0.79533
2025-12-18 11:02:56,4332.89,66.4145,60.0925,506.0705,0.79533
2025-12-18 11:02:56,4332.89,66.4145,60.0925,506.0705,0.79533
2025-12-18 11:02:56,4332.97,66.4145,60.0925,506.0705,0.79533
2025-12-18 11:02:57,4332.97,66.4145,60.0925,506.0705,0.79533
2025-12-18 11:02:57,4332.97,66.4145,60.0925,506.0705,0.79533
2025-12-18 11:02:58,4332.94,66.4145,60.0925,506.0705,0.79533
2025-12-18 11:02:58,4332.94,66.413,60.0925,506.0705,0.79533
2025-12-18 11:02:58,4332.94,66.413,60.0925,506.0705,0.79533
2025-12-18 11:02:58,4332.94,66.413,60.0925,506.0705,0.79533
2025-12-18 11:02:58,4332.94,66.413,60.0925,506.0705,0.79533
2025-12-18 11:02:58,4332.94,66.413,60.0925,506.0705,0.79533
2025-12-18 11:02:59,4332.94,66.4135,60.0925,506.0705,0.79533
2025-12-18 11:02:59,4332.93,66.4135,60.0925,506.0705,0.79533
2025-12-18 11:03:00,4332.93,66.4135,60.0925,506.0705,0.79533
2025-12-18 11:03:00,4332.93,66.4135,60.0925,506.0705,0.79533
2025-12-18 11:03:00,4332.93,66.4135,60.0925,506.0705,0.79533
2025-12-18 11:03:00,4332.93,66.4135,60.0925,506.0705,0.79533
2025-12-18 11:03:00,4332.95,66.4135,60.0925,506.0705,0.79533
2025-12-18 11:03:01,4332.95,66.4135,60.0925,506.0705,0.79533
2025-12-18 11:03:01,4332.95,66.4135,60.0925,506.0705,0.79533
2025-12-18 11:03:01,4332.96,66.4135,60.0925,506.0705,0.79533
2025-12-18 11:03:01,4332.96,66.411,60.0925,506.0705,0.79533
2025-12-18 11:03:01,4332.96,66.411,60.0925,506.0705,0.79533
2025-12-18 11:03:01,4332.96,66.411,60.0925,506.0705,0.79533
2025-12-18 11:03:01,4332.96,66.411,60.0925,506.0705,0.79533
2025-12-18 11:03:01,4332.96,66.411,60.0925,506.0705,0.79533
2025-12-18 11:03:02,4332.96,66.4105,60.0925,506.0705,0.79533
2025-12-18 11:03:02,4332.95,66.4105,60.0925,506.0705,0.79533
2025-12-18 11:03:02,4332.95,66.4105,60.0925,506.0705,0.79533
2025-12-18 11:03:02,4332.95,66.4105,60.0925,506.0705,0.79533
2025-12-18 11:03:02,4332.95,66.4105,60.0925,506.0705,0.79533
2025-12-18 11:03:02,4332.95,66.4105,60.0925,506.0705,0.79533
2025-12-18 11:03:03,4332.92,66.4105,60.0925,506.0705,0.79533
2025-12-18 11:03:03,4332.92,66.4105,60.0925,506.0705,0.79533
2025-12-18 11:03:03,4332.92,66.4105,60.0925,506.0705,0.79533
2025-12-18 11:03:04,4332.93,66.4105,60.0925,506.0705,0.79533
2025-12-18 11:03:04,4332.93,66.4105,60.0925,506.0705,0.79533
2025-12-18 11:03:04,4332.93,66.4105,60.0925,506.0705,0.79533
2025-12-18 11:03:05,4332.91,66.4105,60.0925,506.0705,0.79533
2025-12-18 11:03:05,4332.91,66.4095,60.0925,506.0705,0.79533
2025-12-18 11:03:05,4332.91,66.4095,60.0925,506.0705,0.79533
2025-12-18 11:03:05,4332.91,66.4095,60.0925,506.0705,0.79533
2025-12-18 11:03:05,4332.91,66.4095,60.0925,506.0705,0.79533
2025-12-18 11:03:05,4332.91,66.4095,60.0925,506.0705,0.79533
2025-12-18 11:03:05,4332.91,66.4145,60.0925,506.0705,0.79533
2025-12-18 11:03:06,4332.97,66.4145,60.0925,506.0705,0.79533
2025-12-18 11:03:06,4332.97,66.4145,60.0925,506.0705,0.79533
2025-12-18 11:03:06,4332.97,66.4145,60.0925,506.0705,0.79533
2025-12-18 11:03:06,4332.97,66.4145,60.0925,506.0705,0.79533
2025-12-18 11:03:06,4332.97,66.4145,60.0925,506.0705,0.79533
2025-12-18 11:03:07,4333.03,66.4145,60.0925,506.0705,0.79533
2025-12-18 11:03:07,4333.03,66.4165,60.0925,506.0705,0.79533
2025-12-18 11:03:07,4333.03,66.4165,60.0925,506.0705,0.79533
2025-12-18 11:03:07,4333.03,66.4165,60.0925,506.0705,0.79533
2025-12-18 11:03:07,4333.03,66.4165,60.0925,506.0705,0.79533
2025-12-18 11:03:07,4333.03,66.4165,60.0925,506.0705,0.79533
2025-12-18 11:03:08,4333.03,66.4235,60.0925,506.0705,0.79533
2025-12-18 11:03:08,4333.24,66.4235,60.0925,506.0705,0.79533
2025-12-18 11:03:08,4333.24,66.4235,60.0925,506.0705,0.79533
2025-12-18 11:03:08,4333.24,66.4235,60.0925,506.0705,0.79533
2025-12-18 11:03:08,4333.24,66.4235,60.0925,506.0705,0.79533
2025-12-18 11:03:08,4333.24,66.4235,60.0925,506.0705,0.79533
2025-12-18 11:03:09,4333.24,66.4195,60.0925,506.0705,0.79533
2025-12-18 11:03:09,4333.29,66.4195,60.0925,506.0705,0.79533
2025-12-18 11:03:09,4333.29,66.4195,60.0925,506.0705,0.79533
2025-12-18 11:03:09,4333.29,66.4195,60.0925,506.0705,0.79533
2025-12-18 11:03:09,4333.29,66.4195,60.0925,506.0705,0.79533
2025-12-18 11:03:09,4333.29,66.4195,60.0925,506.0705,0.79533
2025-12-18 11:03:10,4333.26,66.4195,60.0925,506.0705,0.79533
2025-12-18 11:03:10,4333.26,66.4195,60.0925,506.0705,0.79533
2025-12-18 11:03:10,4333.26,66.4195,60.0925,506.0705,0.79533
2025-12-18 11:03:11,4333.26,66.423,60.0925,506.0705,0.79533
2025-12-18 11:03:11,4333.33,66.423,60.0925,506.0705,0.79533
2025-12-18 11:03:11,4333.33,66.423,60.0925,506.0705,0.79533
2025-12-18 11:03:11,4333.33,66.423,60.0925,506.0705,0.79533
2025-12-18 11:03:11,4333.33,66.423,60.0925,506.0705,0.79533
2025-12-18 11:03:11,4333.33,66.423,60.0925,506.0705,0.79533
2025-12-18 11:03:12,4333.33,66.4205,60.0925,506.0705,0.79533
2025-12-18 11:03:13,4333.26,66.4205,60.0925,506.0705,0.79533
2025-12-18 11:03:13,4333.26,66.4205,60.0925,506.0705,0.79533
2025-12-18 11:03:13,4333.26,66.4205,60.0925,506.0705,0.79533
2025-12-18 11:03:13,4333.26,66.4205,60.0925,506.0705,0.79533
2025-12-18 11:03:13,4333.26,66.4205,60.0925,506.0705,0.79533
2025-12-18 11:03:14,4333.27,66.4205,60.0925,506.0705,0.79533
2025-12-18 11:03:14,4333.27,66.4205,60.0925,506.0705,0.79533
2025-12-18 11:03:14,4333.27,66.4205,60.0925,506.0705,0.79533
2025-12-18 11:03:15,4333.1,66.4205,60.0925,506.0705,0.79533
2025-12-18 11:03:15,4333.1,66.411,60.0925,506.0705,0.79533
2025-12-18 11:03:15,4333.1,66.411,60.0925,506.0705,0.79533
2025-12-18 11:03:15,4333.1,66.411,60.0925,506.0705,0.79533
2025-12-18 11:03:15,4333.1,66.411,60.0925,506.0705,0.79533
2025-12-18 11:03:15,4333.1,66.411,60.0925,506.0705,0.79533
2025-12-18 11:03:16,4333.1,66.411,60.0925,506.0705,0.79533
2025-12-18 11:03:16,4333.08,66.411,60.0925,506.0705,0.79533
2025-12-18 11:03:16,4333.08,66.411,60.0925,506.0705,0.79533
2025-12-18 11:03:16,4333.08,66.411,60.0925,506.0705,0.79533
2025-12-18 11:03:16,4333.08,66.411,60.0925,506.0705,0.79533
2025-12-18 11:03:16,4333.08,66.411,60.0925,506.0705,0.79533
2025-12-18 11:03:16,4333.08,66.4005,60.0925,506.0705,0.79533
2025-12-18 11:03:16,4332.96,66.4005,60.0925,506.0705,0.79533
2025-12-18 11:03:17,4332.96,66.4005,60.0925,506.0705,0.79533
2025-12-18 11:03:17,4332.96,66.4005,60.0925,506.0705,0.79533
2025-12-18 11:03:17,4332.96,66.4005,60.0925,506.0705,0.79533
2025-12-18 11:03:17,4332.96,66.4005,60.0925,506.0705,0.79533
2025-12-18 11:03:18,4332.96,66.4005,60.0925,506.0705,0.79533
2025-12-18 11:03:18,4332.96,66.4005,60.0925,506.0705,0.79533
2025-12-18 11:03:18,4332.96,66.4005,60.0925,506.0705,0.79533
2025-12-18 11:03:19,4333.04,66.4005,60.0925,506.0705,0.79533
2025-12-18 11:03:19,4333.04,66.4005,60.0925,506.0705,0.79533
2025-12-18 11:03:19,4333.04,66.4005,60.0925,506.0705,0.79533
2025-12-18 11:03:19,4332.97,66.4005,60.0925,506.0705,0.79533
2025-12-18 11:03:20,4332.97,66.4005,60.0925,506.0705,0.79533
2025-12-18 11:03:20,4332.97,66.4005,60.0925,506.0705,0.79533
2025-12-18 11:03:20,4332.97,66.4005,60.0815,506.0705,0.79533
2025-12-18 11:03:21,4332.97,66.4005,60.0815,506.0705,0.79533
2025-12-18 11:03:21,4332.97,66.4005,60.0815,506.0705,0.79533
2025-12-18 11:03:24,4332.97,66.4005,60.0815,506.0705,0.7953
2025-12-18 11:03:24,4332.99,66.4005,60.0815,506.0705,0.7953
2025-12-18 11:03:24,4332.99,66.4005,60.0815,506.0705,0.7953
2025-12-18 11:03:24,4332.99,66.4005,60.0815,506.0705,0.7953
2025-12-18 11:03:24,4332.99,66.4005,60.0815,506.0705,0.7953
2025-12-18 11:03:25,4333.01,66.4005,60.0815,506.0705,0.7953
2025-12-18 11:03:25,4333.01,66.4035,60.0815,506.0705,0.7953
2025-12-18 11:03:25,4333.01,66.4035,60.0815,506.0705,0.7953
2025-12-18 11:03:25,4333.01,66.4035,60.0815,506.0705,0.7953
2025-12-18 11:03:25,4333.01,66.4035,60.0815,506.0705,0.7953
2025-12-18 11:03:25,4333.01,66.4035,60.0815,506.0705,0.7953
2025-12-18 11:03:26,4333.01,66.4035,60.0713,506.0705,0.7953
2025-12-18 11:03:26,4333.01,66.4035,60.0713,506.0705,0.7953
2025-12-18 11:03:26,4333.01,66.4035,60.0713,506.0705,0.7953
2025-12-18 11:03:27,4333.12,66.4035,60.0713,506.0705,0.7953
2025-12-18 11:03:27,4333.12,66.4065,60.0713,506.0705,0.7953
2025-12-18 11:03:27,4333.12,66.4065,60.0713,506.0705,0.7953
2025-12-18 11:03:27,4333.12,66.4065,60.0713,506.0705,0.7953
2025-12-18 11:03:27,4333.12,66.4065,60.0713,506.0705,0.7953
2025-12-18 11:03:27,4333.12,66.4065,60.0713,506.0705,0.7953
2025-12-18 11:03:28,4333.07,66.4065,60.0713,506.0705,0.7953
2025-12-18 11:03:28,4333.07,66.4055,60.0713,506.0705,0.7953
2025-12-18 11:03:28,4333.07,66.4055,60.0713,506.0705,0.7953
2025-12-18 11:03:28,4333.07,66.4055,60.0713,506.0705,0.7953
2025-12-18 11:03:28,4333.07,66.4055,60.0713,506.0705,0.7953
2025-12-18 11:03:28,4333.07,66.4055,60.0713,506.0705,0.7953
2025-12-18 11:03:29,4333.07,66.4055,60.0713,506.0705,0.7953
2025-12-18 11:03:29,4333.07,66.4055,60.0713,506.0705,0.7953
2025-12-18 11:03:29,4333.07,66.4055,60.0713,506.0705,0.7953
2025-12-18 11:03:29,4333.07,66.4055,60.0713,506.0705,0.7953
2025-12-18 11:03:29,4333.07,66.4055,60.0713,506.0705,0.7953
2025-12-18 11:03:29,4333.07,66.4055,60.0713,506.0705,0.7953
2025-12-18 11:03:30,4333.07,66.4055,60.0713,506.0705,0.7953
2025-12-18 11:03:30,4333.07,66.4055,60.0713,506.0705,0.7953
2025-12-18 11:03:30,4333.07,66.4055,60.0713,506.0705,0.7953
2025-12-18 11:03:31,4333.08,66.4055,60.0713,506.0705,0.7953
2025-12-18 11:03:31,4333.08,66.4055,60.0823,506.0705,0.7953
2025-12-18 11:03:31,4333.08,66.4055,60.0823,506.0705,0.7953
2025-12-18 11:03:31,4333.08,66.4055,60.0823,506.0705,0.7953
2025-12-18 11:03:31,4333.08,66.4055,60.0823,506.0705,0.7953
2025-12-18 11:03:31,4333.08,66.4055,60.0823,506.0705,0.7953
2025-12-18 11:03:32,4333.08,66.409,60.0823,506.0705,0.7953
2025-12-18 11:03:32,4333.04,66.409,60.0823,506.0705,0.7953
2025-12-18 11:03:32,4333.04,66.409,60.0823,506.0705,0.7953
2025-12-18 11:03:32,4333.04,66.409,60.0823,506.0705,0.7953
2025-12-18 11:03:32,4333.04,66.409,60.0823,506.0705,0.7953
2025-12-18 11:03:32,4333.04,66.409,60.0823,506.0705,0.7953
2025-12-18 11:03:33,4333.04,66.4105,60.0823,506.0705,0.7953
2025-12-18 11:03:33,4333.04,66.4105,60.0823,506.0705,0.7953
2025-12-18 11:03:33,4333.04,66.4105,60.0823,506.0705,0.7953
2025-12-18 11:03:33,4333.04,66.4105,60.0823,506.0705,0.7953
2025-12-18 11:03:33,4333.04,66.4105,60.0823,506.0705,0.7953
2025-12-18 11:03:33,4333.04,66.4105,60.0823,506.0705,0.7953
2025-12-18 11:03:33,4333.04,66.4105,60.0823,506.0705,0.7953
2025-12-18 11:03:33,4333.04,66.4105,60.0823,506.0705,0.7953
2025-12-18 11:03:34,4333.04,66.4055,60.0823,506.0705,0.7953
2025-12-18 11:03:34,4333.04,66.4055,60.0823,506.0705,0.7953
2025-12-18 11:03:34,4333.04,66.4055,60.0823,506.0705,0.7953
2025-12-18 11:03:34,4333.04,66.4055,60.0823,506.0705,0.7953
2025-12-18 11:03:34,4333.04,66.4055,60.0823,506.0705,0.7953
2025-12-18 11:03:34,4333.04,66.4055,60.0823,506.0705,0.7953
2025-12-18 11:03:34,4333.05,66.4055,60.0823,506.0705,0.7953
2025-12-18 11:03:35,4333.05,66.4055,60.0823,506.0705,0.7953
2025-12-18 11:03:35,4333.05,66.4055,60.0823,506.0705,0.7953
2025-12-18 11:03:36,4333.03,66.4055,60.0823,506.0705,0.7953
2025-12-18 11:03:36,4333.03,66.4055,60.0823,506.0705,0.7953
2025-12-18 11:03:36,4333.03,66.4055,60.0823,506.0705,0.7953
2025-12-18 11:03:38,4333.03,66.4055,60.0699,506.0705,0.7953
2025-12-18 11:03:38,4333.03,66.4055,60.0699,506.0705,0.7953
2025-12-18 11:03:38,4333.03,66.4055,60.0699,506.0705,0.7953
2025-12-18 11:03:38,4333.03,66.4055,60.0699,506.0705,0.79529
2025-12-18 11:03:39,4333.03,66.411,60.0699,506.0705,0.79529
2025-12-18 11:03:39,4333.03,66.411,60.0699,506.0705,0.79529
2025-12-18 11:03:39,4333.03,66.411,60.0699,506.0705,0.79529
2025-12-18 11:03:39,4333.03,66.411,60.0699,506.0705,0.79529
2025-12-18 11:03:41,4333.03,66.4105,60.0699,506.0705,0.79529
2025-12-18 11:03:42,4333.03,66.4105,60.0699,506.0705,0.79529
2025-12-18 11:03:42,4333.03,66.4105,60.0699,506.0705,0.79529
2025-12-18 11:03:42,4333.02,66.4105,60.0699,506.0705,0.79529
2025-12-18 11:03:43,4333.02,66.4105,60.0699,506.0705,0.79529
2025-12-18 11:03:43,4333.02,66.4105,60.0699,506.0705,0.79529
2025-12-18 11:03:45,4332.96,66.4105,60.0699,506.0705,0.79529
2025-12-18 11:03:45,4332.96,66.4105,60.0699,506.0705,0.79529
2025-12-18 11:03:45,4332.96,66.4105,60.0699,506.0705,0.79529
2025-12-18 11:03:45,4332.96,66.4105,60.0699,506.0705,0.79529
2025-12-18 11:03:45,4332.96,66.4105,60.0699,506.0705,0.79529
2025-12-18 11:03:45,4332.96,66.4105,60.0699,506.0705,0.79529
2025-12-18 11:03:46,4332.96,66.417,60.0699,506.0705,0.79529
2025-12-18 11:03:46,4332.99,66.417,60.0699,506.0705,0.79529
2025-12-18 11:03:46,4332.99,66.417,60.0699,506.0705,0.79529
2025-12-18 11:03:46,4332.99,66.417,60.0699,506.0705,0.79529
2025-12-18 11:03:46,4332.99,66.417,60.0699,506.0705,0.79529
2025-12-18 11:03:46,4332.99,66.417,60.0699,506.0705,0.79529
2025-12-18 11:03:46,4332.99,66.417,60.0699,506.0705,0.7953
2025-12-18 11:03:47,4332.99,66.417,60.0819,506.0705,0.7953
2025-12-18 11:03:47,4332.99,66.415,60.0819,506.0705,0.7953
2025-12-18 11:03:47,4332.73,66.415,60.0819,506.0705,0.7953
2025-12-18 11:03:47,4332.73,66.415,60.0819,506.0705,0.7953
2025-12-18 11:03:47,4332.73,66.415,60.0819,506.0705,0.7953
2025-12-18 11:03:47,4332.73,66.415,60.0819,506.0705,0.7953
2025-12-18 11:03:47,4332.73,66.415,60.0819,506.0705,0.7953
2025-12-18 11:03:47,4332.73,66.415,60.0819,506.0705,0.7953
2025-12-18 11:03:47,4332.73,66.415,60.0819,506.0705,0.7953
2025-12-18 11:03:47,4332.73,66.415,60.0819,506.0705,0.7953
2025-12-18 11:03:48,4332.73,66.415,60.0799,506.0705,0.7953
2025-12-18 11:03:48,4332.73,66.418,60.0799,506.0705,0.7953
2025-12-18 11:03:48,4332.8,66.418,60.0799,506.0705,0.7953
2025-12-18 11:03:48,4332.8,66.418,60.0799,506.0705,0.7953
2025-12-18 11:03:48,4332.8,66.418,60.0799,506.0705,0.7953
2025-12-18 11:03:48,4332.8,66.418,60.0799,506.0705,0.7953
2025-12-18 11:03:48,4332.8,66.418,60.0799,506.0705,0.7953
2025-12-18 11:03:48,4332.8,66.418,60.0799,506.0705,0.7953
2025-12-18 11:03:48,4332.8,66.418,60.0799,506.0705,0.7953
2025-12-18 11:03:49,4332.8,66.417,60.0799,506.0705,0.7953
2025-12-18 11:03:49,4332.8,66.417,60.0799,506.0705,0.7953
2025-12-18 11:03:49,4332.8,66.417,60.0799,506.0705,0.7953
2025-12-18 11:03:49,4332.8,66.417,60.0799,506.0705,0.7953
2025-12-18 11:03:49,4332.8,66.417,60.0799,506.0705,0.7953
2025-12-18 11:03:49,4332.8,66.417,60.0799,506.0705,0.7953
2025-12-18 11:03:50,4332.8,66.4175,60.0799,506.0705,0.7953
2025-12-18 11:03:50,4332.71,66.4175,60.0799,506.0705,0.7953
2025-12-18 11:03:50,4332.71,66.4175,60.0799,506.0705,0.7953
2025-12-18 11:03:50,4332.71,66.4175,60.0799,506.0705,0.7953
2025-12-18 11:03:50,4332.71,66.4175,60.0799,506.0705,0.7953
2025-12-18 11:03:50,4332.71,66.4175,60.0799,506.0705,0.7953
2025-12-18 11:03:51,4332.71,66.4175,60.0799,506.0705,0.7953
2025-12-18 11:03:51,4332.71,66.4175,60.0799,506.0705,0.7953
2025-12-18 11:03:51,4332.71,66.4175,60.0799,506.0705,0.7953
2025-12-18 11:03:51,4332.71,66.4175,60.0799,506.0705,0.79531
2025-12-18 11:03:52,4332.71,66.4155,60.0799,506.0705,0.79531
2025-12-18 11:03:52,4332.71,66.4155,60.0799,506.0705,0.79531
2025-12-18 11:03:52,4332.71,66.4155,60.0799,506.0705,0.79531
2025-12-18 11:03:52,4332.71,66.4155,60.0799,506.0705,0.79531
2025-12-18 11:03:53,4332.73,66.4155,60.0799,506.0705,0.79531
2025-12-18 11:03:53,4332.73,66.4155,60.0799,506.0705,0.79531
2025-12-18 11:03:53,4332.73,66.4155,60.0799,506.0705,0.79531
2025-12-18 11:03:54,4332.73,66.4115,60.0799,506.0705,0.79531
2025-12-18 11:03:54,4332.73,66.4115,60.0799,506.5678,0.79531
2025-12-18 11:03:54,4332.73,66.4115,60.0799,506.5678,0.79531
2025-12-18 11:03:54,4332.73,66.4115,60.0799,506.5678,0.79531
2025-12-18 11:03:54,4332.73,66.4115,60.0799,506.5678,0.79531
2025-12-18 11:03:54,4332.73,66.4115,60.0799,506.5678,0.79531
2025-12-18 11:03:54,4332.8,66.4115,60.0799,506.5678,0.79531
2025-12-18 11:03:54,4332.8,66.418,60.0799,506.5678,0.79531
2025-12-18 11:03:54,4332.8,66.418,60.0799,506.809,0.79531
2025-12-18 11:03:55,4332.8,66.418,60.0799,506.809,0.79531
2025-12-18 11:03:55,4332.8,66.418,60.0799,506.809,0.79531
2025-12-18 11:03:55,4332.8,66.418,60.0799,506.809,0.79531
2025-12-18 11:03:55,4332.8,66.418,60.0799,506.809,0.79531
2025-12-18 11:03:55,4332.8,66.418,60.0799,506.809,0.79531
2025-12-18 11:03:55,4332.8,66.418,60.0799,506.809,0.79531
2025-12-18 11:03:55,4332.73,66.418,60.0799,506.809,0.79531
2025-12-18 11:03:55,4332.73,66.4115,60.0799,506.809,0.79531
2025-12-18 11:03:56,4332.73,66.4115,60.0799,506.809,0.79531
2025-12-18 11:03:56,4332.73,66.4115,60.0799,506.809,0.79531
2025-12-18 11:03:56,4332.73,66.4115,60.0799,506.809,0.79531
2025-12-18 11:03:56,4332.73,66.4115,60.0799,506.809,0.79531
2025-12-18 11:03:57,4332.73,66.4125,60.0799,506.809,0.79531
2025-12-18 11:03:57,4332.73,66.4125,60.0799,506.809,0.79531
2025-12-18 11:03:57,4332.73,66.4125,60.0799,506.809,0.79531
2025-12-18 11:03:58,4332.72,66.4125,60.0799,506.809,0.79531
2025-12-18 11:03:58,4332.72,66.4105,60.0799,506.809,0.79531
2025-12-18 11:03:58,4332.72,66.4105,60.0799,506.809,0.79531
2025-12-18 11:03:58,4332.72,66.4105,60.0799,506.809,0.79531
2025-12-18 11:03:58,4332.72,66.4105,60.0799,506.809,0.79531
2025-12-18 11:03:58,4332.72,66.4105,60.0799,506.809,0.79531
2025-12-18 11:04:00,4332.72,66.4145,60.0799,506.809,0.79531
2025-12-18 11:04:00,4332.72,66.4145,60.0799,506.809,0.79531
2025-12-18 11:04:00,4332.72,66.4145,60.0799,506.809,0.79531
2025-12-18 11:04:01,4332.77,66.4145,60.0799,506.809,0.79531
2025-12-18 11:04:01,4332.77,66.4175,60.0799,506.809,0.79531
2025-12-18 11:04:01,4332.77,66.4175,60.0799,506.809,0.79531
2025-12-18 11:04:01,4332.77,66.4175,60.0799,506.809,0.79531
2025-12-18 11:04:01,4332.77,66.4175,60.0799,506.809,0.79531
2025-12-18 11:04:01,4332.77,66.4175,60.0799,506.809,0.79531
2025-12-18 11:04:01,4332.77,66.4205,60.0799,506.809,0.79531
2025-12-18 11:04:02,4332.76,66.4205,60.0799,506.809,0.79531
2025-12-18 11:04:02,4332.76,66.4205,60.0799,506.809,0.79531
2025-12-18 11:04:02,4332.76,66.4205,60.0799,506.809,0.79531
2025-12-18 11:04:02,4332.76,66.4205,60.0799,506.809,0.79531
2025-12-18 11:04:02,4332.76,66.4205,60.0799,506.809,0.79531
2025-12-18 11:04:02,4332.67,66.4205,60.0799,506.809,0.79531
2025-12-18 11:04:03,4332.67,66.4195,60.0799,506.809,0.79531
2025-12-18 11:04:03,4332.67,66.4195,60.0799,506.809,0.79531
2025-12-18 11:04:03,4332.67,66.4195,60.0799,506.809,0.79531
2025-12-18 11:04:03,4332.67,66.4195,60.0799,506.809,0.79531
2025-12-18 11:04:03,4332.67,66.4195,60.0799,506.809,0.79531
2025-12-18 11:04:03,4332.79,66.4195,60.0799,506.809,0.79531
2025-12-18 11:04:04,4332.79,66.4195,60.0799,506.809,0.79531
2025-12-18 11:04:04,4332.79,66.4195,60.0799,506.809,0.79531
2025-12-18 11:04:06,4332.71,66.4195,60.0799,506.809,0.79531
2025-12-18 11:04:06,4332.71,66.4195,60.0799,506.809,0.79531
2025-12-18 11:04:06,4332.71,66.4195,60.0799,506.809,0.79531
2025-12-18 11:04:07,4332.72,66.4195,60.0799,506.809,0.79531
2025-12-18 11:04:07,4332.72,66.4195,60.0799,506.809,0.79531
2025-12-18 11:04:07,4332.72,66.4195,60.0799,506.809,0.79531
2025-12-18 11:04:08,4332.74,66.4195,60.0799,506.809,0.79531
2025-12-18 11:04:08,4332.74,66.4195,60.0799,506.809,0.79531
2025-12-18 11:04:08,4332.74,66.4195,60.0799,506.809,0.79531
2025-12-18 11:04:09,4332.74,66.4195,60.0799,506.809,0.79531
2025-12-18 11:04:09,4332.74,66.42,60.0799,506.809,0.79531
2025-12-18 11:04:09,4332.74,66.42,60.0799,506.809,0.79531
2025-12-18 11:04:09,4332.74,66.42,60.0799,506.809,0.79531
2025-12-18 11:04:09,4332.74,66.42,60.0799,506.809,0.79531
2025-12-18 11:04:09,4332.74,66.42,60.0799,506.809,0.79531
2025-12-18 11:04:10,4332.77,66.42,60.0799,506.809,0.79531
2025-12-18 11:04:10,4332.77,66.42,60.0799,506.809,0.79531
2025-12-18 11:04:10,4332.77,66.42,60.0799,506.809,0.79531
2025-12-18 11:04:10,4332.74,66.42,60.0799,506.809,0.79531
2025-12-18 11:04:11,4332.74,66.42,60.0799,506.809,0.79531
2025-12-18 11:04:11,4332.74,66.42,60.0799,506.809,0.79531
2025-12-18 11:04:12,4332.74,66.42,60.0799,506.5778,0.79531
2025-12-18 11:04:12,4332.74,66.42,60.0799,506.5778,0.79531
2025-12-18 11:04:12,4332.74,66.42,60.0799,506.5778,0.79531
2025-12-18 11:04:12,4332.74,66.425,60.0799,506.5778,0.79531
2025-12-18 11:04:13,4332.85,66.425,60.0799,506.5778,0.79531
2025-12-18 11:04:13,4332.85,66.425,60.0799,506.5778,0.79531
2025-12-18 11:04:13,4332.85,66.425,60.0799,506.5778,0.79531
2025-12-18 11:04:13,4332.85,66.425,60.0799,506.5778,0.79531
2025-12-18 11:04:13,4332.85,66.425,60.0799,506.5778,0.79531
2025-12-18 11:04:14,4332.85,66.425,60.0799,506.5778,0.79531
2025-12-18 11:04:14,4332.85,66.425,60.0799,506.5778,0.79531
2025-12-18 11:04:14,4332.85,66.425,60.0799,506.5778,0.79531
2025-12-18 11:04:15,4332.84,66.425,60.0799,506.5778,0.79531
2025-12-18 11:04:15,4332.84,66.425,60.0799,506.5778,0.79531
2025-12-18 11:04:15,4332.84,66.425,60.0799,506.5778,0.79531
2025-12-18 11:04:16,4332.89,66.425,60.0799,506.5778,0.79531
2025-12-18 11:04:16,4332.89,66.425,60.0799,506.5778,0.79531
2025-12-18 11:04:16,4332.89,66.425,60.0799,506.5778,0.79531
2025-12-18 11:04:16,4332.74,66.425,60.0799,506.5778,0.79531
2025-12-18 11:04:17,4332.74,66.415,60.0799,506.5778,0.79531
2025-12-18 11:04:17,4332.74,66.415,60.0799,506.5778,0.79531
2025-12-18 11:04:17,4332.74,66.415,60.0799,506.5778,0.79531
2025-12-18 11:04:17,4332.74,66.415,60.0799,506.5778,0.79531
2025-12-18 11:04:17,4332.74,66.415,60.0799,506.5778,0.79531
2025-12-18 11:04:18,4332.74,66.4185,60.0799,506.5778,0.79531
2025-12-18 11:04:18,4332.76,66.4185,60.0799,506.5778,0.79531
2025-12-18 11:04:18,4332.76,66.4185,60.0799,506.5778,0.79531
2025-12-18 11:04:18,4332.76,66.4185,60.0799,506.5778,0.79531
2025-12-18 11:04:18,4332.76,66.4185,60.0799,506.5778,0.79531
2025-12-18 11:04:18,4332.76,66.4185,60.0799,506.5778,0.79531
2025-12-18 11:04:19,4332.9,66.4185,60.0799,506.5778,0.79531
2025-12-18 11:04:19,4332.9,66.4195,60.0799,506.5778,0.79531
2025-12-18 11:04:19,4332.9,66.4195,60.0799,506.5778,0.79531
2025-12-18 11:04:19,4332.9,66.4195,60.0799,506.5778,0.79531
2025-12-18 11:04:19,4332.9,66.4195,60.0799,506.5778,0.79531
2025-12-18 11:04:19,4332.9,66.4195,60.0799,506.5778,0.79531
2025-12-18 11:04:20,4332.98,66.4195,60.0799,506.5778,0.79531
2025-12-18 11:04:21,4332.98,66.4195,60.0799,506.5778,0.79531
2025-12-18 11:04:21,4332.98,66.4195,60.0799,506.5778,0.79531
2025-12-18 11:04:22,4333.01,66.4195,60.0799,506.5778,0.79531
2025-12-18 11:04:22,4333.01,66.4195,60.0799,506.5778,0.79531
2025-12-18 11:04:22,4333.01,66.4195,60.0799,506.5778,0.79531
2025-12-18 11:04:25,4333.01,66.4255,60.0799,506.5778,0.79531
2025-12-18 11:04:25,4333.08,66.4255,60.0799,506.5778,0.79531
2025-12-18 11:04:25,4333.08,66.4255,60.0799,506.5778,0.79531
2025-12-18 11:04:25,4333.08,66.4255,60.0799,506.5778,0.79531
2025-12-18 11:04:25,4333.08,66.4255,60.0799,506.5778,0.79531
2025-12-18 11:04:25,4333.08,66.4255,60.0799,506.5778,0.79531
2025-12-18 11:04:25,4333.08,66.4245,60.0799,506.5778,0.79531
2025-12-18 11:04:26,4333.06,66.4245,60.0799,506.5778,0.79531
2025-12-18 11:04:26,4333.06,66.4245,60.0799,506.5778,0.79531
2025-12-18 11:04:26,4333.06,66.4245,60.0799,506.5778,0.79531
2025-12-18 11:04:26,4333.06,66.4245,60.0799,506.5778,0.79531
2025-12-18 11:04:26,4333.06,66.4245,60.0799,506.5778,0.79531
2025-12-18 11:04:27,4333.06,66.422,60.0799,506.5778,0.79531
2025-12-18 11:04:27,4333.05,66.422,60.0799,506.5778,0.79531
2025-12-18 11:04:27,4333.05,66.422,60.0799,506.5778,0.79531
2025-12-18 11:04:27,4333.05,66.422,60.0799,506.5778,0.79531
2025-12-18 11:04:27,4333.05,66.422,60.0799,506.5778,0.79531
2025-12-18 11:04:27,4333.05,66.422,60.0799,506.5778,0.79531
2025-12-18 11:04:28,4333.08,66.422,60.0799,506.5778,0.79531
2025-12-18 11:04:28,4333.08,66.425,60.0799,506.5778,0.79531
2025-12-18 11:04:28,4333.08,66.425,60.0799,506.5778,0.79531
2025-12-18 11:04:28,4333.08,66.425,60.0799,506.5778,0.79531
2025-12-18 11:04:28,4333.08,66.425,60.0799,506.5778,0.79531
2025-12-18 11:04:28,4333.08,66.425,60.0799,506.5778,0.79531
2025-12-18 11:04:31,4333.08,66.4255,60.0799,506.5778,0.79531
2025-12-18 11:04:32,4333.18,66.4255,60.0799,506.5778,0.79531
2025-12-18 11:04:32,4333.18,66.4255,60.0799,506.5778,0.79531
2025-12-18 11:04:32,4333.18,66.4255,60.0799,506.5778,0.79531
2025-12-18 11:04:32,4333.18,66.4255,60.0799,506.5778,0.79531
2025-12-18 11:04:32,4333.18,66.4255,60.0799,506.5778,0.79531
2025-12-18 11:04:33,4333.12,66.4255,60.0799,506.5778,0.79531
2025-12-18 11:04:33,4333.12,66.425,60.0799,506.5778,0.79531
2025-12-18 11:04:33,4333.12,66.425,60.0799,506.5778,0.79531
2025-12-18 11:04:33,4333.12,66.425,60.0799,506.5778,0.79531
2025-12-18 11:04:33,4333.12,66.425,60.0799,506.5778,0.79531
2025-12-18 11:04:33,4333.12,66.425,60.0799,506.5778,0.79531
2025-12-18 11:04:33,4333.14,66.425,60.0799,506.5778,0.79531
2025-12-18 11:04:34,4333.14,66.425,60.0799,506.5778,0.79531
2025-12-18 11:04:34,4333.14,66.425,60.0799,506.5778,0.79531
2025-12-18 11:04:35,4333.14,66.4365,60.0799,506.5778,0.79531
2025-12-18 11:04:35,4333.14,66.4365,60.0998,506.5778,0.79531
2025-12-18 11:04:35,4333.22,66.4365,60.0998,506.5778,0.79531
2025-12-18 11:04:35,4333.22,66.4365,60.0998,506.5778,0.79531
2025-12-18 11:04:35,4333.22,66.4365,60.0998,506.5778,0.79531
2025-12-18 11:04:35,4333.22,66.4365,60.0998,506.5778,0.79531
2025-12-18 11:04:35,4333.22,66.4365,60.0998,506.5778,0.79531
2025-12-18 11:04:35,4333.22,66.4365,60.0998,506.5778,0.79531
2025-12-18 11:04:35,4333.22,66.4365,60.0998,506.5778,0.79531
2025-12-18 11:04:36,4333.22,66.436,60.0998,506.5778,0.79531
2025-12-18 11:04:36,4333.27,66.436,60.0998,506.5778,0.79531
2025-12-18 11:04:36,4333.27,66.436,60.0998,506.5778,0.79531
2025-12-18 11:04:36,4333.27,66.436,60.0998,506.5778,0.79531
2025-12-18 11:04:36,4333.27,66.436,60.0998,506.5778,0.79531
2025-12-18 11:04:36,4333.27,66.436,60.0998,506.5778,0.79531
2025-12-18 11:04:36,4333.23,66.436,60.0998,506.5778,0.79531
2025-12-18 11:04:37,4333.23,66.436,60.0998,506.5778,0.79531
2025-12-18 11:04:37,4333.23,66.436,60.0998,506.5778,0.79531
2025-12-18 11:04:37,4333.23,66.4395,60.0998,506.5778,0.79531
2025-12-18 11:04:38,4333.21,66.4395,60.0998,506.5778,0.79531
2025-12-18 11:04:38,4333.21,66.4395,60.0998,506.5778,0.79531
2025-12-18 11:04:38,4333.21,66.4395,60.0998,506.5778,0.79531
2025-12-18 11:04:38,4333.21,66.4395,60.0998,506.5778,0.79531
2025-12-18 11:04:38,4333.21,66.4395,60.0998,506.5778,0.79531
2025-12-18 11:04:40,4333.21,66.4395,60.0998,506.5778,0.79531
2025-12-18 11:04:40,4333.21,66.4395,60.0998,506.5778,0.79531
2025-12-18 11:04:40,4333.21,66.4395,60.0998,506.5778,0.79531
2025-12-18 11:04:40,4333.21,66.449,60.0998,506.5778,0.79531
2025-12-18 11:04:40,4333.22,66.449,60.0998,506.5778,0.79531
2025-12-18 11:04:41,4333.22,66.449,60.0998,506.5778,0.79531
2025-12-18 11:04:41,4333.22,66.449,60.0998,506.5778,0.79531
2025-12-18 11:04:41,4333.22,66.449,60.0998,506.5778,0.79531
2025-12-18 11:04:41,4333.22,66.449,60.0998,506.5778,0.79531
2025-12-18 11:04:42,4333.22,66.446,60.0998,506.5778,0.79531
2025-12-18 11:04:42,4333.15,66.446,60.0998,506.5778,0.79531
2025-12-18 11:04:42,4333.15,66.446,60.0998,506.5778,0.79531
2025-12-18 11:04:42,4333.15,66.446,60.0998,506.5778,0.79531
2025-12-18 11:04:42,4333.15,66.446,60.0998,506.5778,0.79531
2025-12-18 11:04:42,4333.15,66.446,60.0998,506.5778,0.79531
2025-12-18 11:04:43,4333.15,66.446,60.0998,506.5778,0.79531
2025-12-18 11:04:43,4333.15,66.446,60.0998,506.5778,0.79531
2025-12-18 11:04:43,4333.15,66.446,60.0998,506.5778,0.79531
2025-12-18 11:04:44,4333.15,66.4445,60.0998,506.5778,0.79531
2025-12-18 11:04:44,4333.15,66.4445,60.0998,506.5778,0.79531
2025-12-18 11:04:44,4333.15,66.4445,60.0998,506.5778,0.79531
2025-12-18 11:04:45,4333.23,66.4445,60.0998,506.5778,0.79531
2025-12-18 11:04:46,4333.23,66.4445,60.0998,506.5778,0.79531
2025-12-18 11:04:46,4333.23,66.4445,60.0998,506.5778,0.79531
2025-12-18 11:04:46,4333.23,66.4445,60.0998,506.5778,0.7953
2025-12-18 11:04:47,4333.23,66.443,60.0998,506.5778,0.7953
2025-12-18 11:04:47,4333.22,66.443,60.0998,506.5778,0.7953
2025-12-18 11:04:47,4333.22,66.443,60.0998,506.5778,0.7953
2025-12-18 11:04:47,4333.22,66.443,60.0998,506.5778,0.7953
2025-12-18 11:04:47,4333.22,66.443,60.0998,506.5778,0.7953
2025-12-18 11:04:47,4333.22,66.443,60.0998,506.5778,0.7953
2025-12-18 11:04:47,4333.22,66.443,60.0998,506.5778,0.7953
2025-12-18 11:04:48,4333.22,66.4425,60.0998,506.5778,0.7953
2025-12-18 11:04:49,4333.22,66.4425,60.0998,506.5778,0.7953
2025-12-18 11:04:49,4333.22,66.4425,60.0998,506.5778,0.7953
2025-12-18 11:04:51,4333.22,66.4425,60.0998,506.8302,0.7953
2025-12-18 11:04:52,4333.22,66.4425,60.0998,506.8302,0.7953
2025-12-18 11:04:52,4333.22,66.4425,60.0998,506.8302,0.7953
2025-12-18 11:04:53,4333.22,66.449,60.0998,506.8302,0.7953
2025-12-18 11:04:53,4333.27,66.449,60.0998,506.8302,0.7953
2025-12-18 11:04:53,4333.27,66.449,60.0998,506.8302,0.7953
2025-12-18 11:04:53,4333.27,66.449,60.0998,506.8302,0.7953
2025-12-18 11:04:53,4333.27,66.449,60.0998,506.8302,0.7953
2025-12-18 11:04:53,4333.27,66.449,60.0998,506.8302,0.7953
2025-12-18 11:04:55,4333.27,66.449,60.0998,506.8302,0.7953
2025-12-18 11:04:55,4333.27,66.449,60.0998,506.8302,0.7953
2025-12-18 11:04:55,4333.27,66.449,60.0998,506.8302,0.7953
2025-12-18 11:04:57,4333.26,66.449,60.0998,506.8302,0.7953
2025-12-18 11:04:57,4333.26,66.4515,60.0998,506.8302,0.7953
2025-12-18 11:04:57,4333.26,66.4515,60.0998,506.8302,0.7953
2025-12-18 11:04:57,4333.26,66.4515,60.0998,506.8302,0.7953
2025-12-18 11:04:57,4333.26,66.4515,60.0998,506.8302,0.7953
2025-12-18 11:04:57,4333.26,66.4515,60.0998,506.8302,0.7953
2025-12-18 11:04:58,4333.2,66.4515,60.0998,506.8302,0.7953
2025-12-18 11:04:58,4333.2,66.4515,60.0998,506.8302,0.7953
2025-12-18 11:04:58,4333.2,66.4515,60.0998,506.8302,0.7953
2025-12-18 11:04:59,4333.2,66.454,60.0998,506.8302,0.7953
2025-12-18 11:04:59,4333.2,66.454,60.1119,506.8302,0.7953
2025-12-18 11:05:00,4333.2,66.454,60.1119,506.8302,0.7953
2025-12-18 11:05:00,4333.2,66.454,60.1119,506.8302,0.7953
2025-12-18 11:05:00,4333.2,66.454,60.1119,506.8302,0.7953
2025-12-18 11:05:00,4333.2,66.454,60.1119,506.8302,0.7953
2025-12-18 11:05:00,4333.2,66.4515,60.1119,506.8302,0.7953
2025-12-18 11:05:01,4333.2,66.4515,60.1119,506.8302,0.7953
2025-12-18 11:05:01,4333.2,66.4515,60.1119,506.8302,0.7953
2025-12-18 11:05:01,4333.2,66.454,60.1119,506.8302,0.7953
2025-12-18 11:05:01,4333.2,66.454,60.1119,506.8302,0.7953
2025-12-18 11:05:01,4333.2,66.454,60.1119,506.8302,0.7953
2025-12-18 11:05:02,4333.2,66.454,60.1119,506.8302,0.79531
2025-12-18 11:05:02,4333.2,66.454,60.101,506.8302,0.79531
2025-12-18 11:05:02,4333.23,66.454,60.101,506.8302,0.79531
2025-12-18 11:05:02,4333.23,66.454,60.101,506.8302,0.79531
2025-12-18 11:05:02,4333.23,66.454,60.101,506.8302,0.79531
2025-12-18 11:05:02,4333.23,66.454,60.101,506.8302,0.79531
2025-12-18 11:05:02,4333.23,66.454,60.101,506.8302,0.79531
2025-12-18 11:05:02,4333.23,66.454,60.101,506.8302,0.79531
2025-12-18 11:05:03,4333.23,66.454,60.101,506.8302,0.79534
2025-12-18 11:05:03,4333.16,66.454,60.101,506.8302,0.79534
2025-12-18 11:05:03,4333.16,66.454,60.101,506.8302,0.79534
2025-12-18 11:05:03,4333.16,66.454,60.101,506.8302,0.79534
2025-12-18 11:05:03,4333.16,66.454,60.101,506.8302,0.79534
2025-12-18 11:05:04,4333.16,66.454,60.1106,506.8302,0.79534
2025-12-18 11:05:04,4333.11,66.454,60.1106,506.8302,0.79534
2025-12-18 11:05:05,4333.11,66.454,60.1106,506.8302,0.79534
2025-12-18 11:05:05,4333.11,66.454,60.1106,506.8302,0.79534
2025-12-18 11:05:05,4333.11,66.454,60.1106,506.8302,0.79534
2025-12-18 11:05:05,4333.11,66.454,60.1106,506.8302,0.79534
2025-12-18 11:05:06,4333.1,66.454,60.1106,506.8302,0.79534
2025-12-18 11:05:06,4333.1,66.4615,60.1106,506.8302,0.79534
2025-12-18 11:05:06,4333.1,66.4615,60.1106,506.8302,0.79534
2025-12-18 11:05:06,4333.1,66.4615,60.1106,506.8302,0.79534
2025-12-18 11:05:06,4333.1,66.4615,60.1106,506.8302,0.79534
2025-12-18 11:05:06,4333.1,66.4615,60.1106,506.8302,0.79534
2025-12-18 11:05:06,4333.1,66.4615,60.1106,506.8302,0.79533
2025-12-18 11:05:07,4333.12,66.4615,60.1106,506.8302,0.79533
2025-12-18 11:05:07,4333.12,66.469,60.1106,506.8302,0.79533
2025-12-18 11:05:07,4333.12,66.469,60.1106,506.8302,0.79533
2025-12-18 11:05:07,4333.12,66.469,60.1106,506.8302,0.79533
2025-12-18 11:05:07,4333.12,66.469,60.1106,506.8302,0.79533
2025-12-18 11:05:07,4333.12,66.469,60.1106,506.8302,0.79533
2025-12-18 11:05:07,4333.12,66.469,60.1106,506.8302,0.79533
2025-12-18 11:05:08,4333.06,66.469,60.1106,506.8302,0.79533
2025-12-18 11:05:08,4333.06,66.469,60.1106,506.8302,0.79533
2025-12-18 11:05:08,4333.06,66.469,60.1106,506.8302,0.79533
2025-12-18 11:05:09,4333.06,66.467,60.1106,506.8302,0.79533
2025-12-18 11:05:09,4333.07,66.467,60.1106,506.8302,0.79533
2025-12-18 11:05:09,4333.07,66.467,60.1106,506.8302,0.79533
2025-12-18 11:05:09,4333.07,66.467,60.1106,506.8302,0.79533
2025-12-18 11:05:09,4333.07,66.467,60.1106,506.8302,0.79533
2025-12-18 11:05:09,4333.07,66.467,60.1106,506.8302,0.79533
2025-12-18 11:05:10,4333.15,66.467,60.1106,506.8302,0.79533
2025-12-18 11:05:10,4333.15,66.467,60.102,506.8302,0.79533
2025-12-18 11:05:10,4333.15,66.4695,60.102,506.8302,0.79533
2025-12-18 11:05:10,4333.15,66.4695,60.102,506.5809,0.79533
2025-12-18 11:05:10,4333.15,66.4695,60.102,506.5809,0.79533
2025-12-18 11:05:10,4333.15,66.4695,60.102,506.5809,0.79533
2025-12-18 11:05:10,4333.15,66.4695,60.102,506.5809,0.79533
2025-12-18 11:05:10,4333.15,66.4695,60.102,506.5809,0.79533
2025-12-18 11:05:10,4333.15,66.4695,60.102,506.5809,0.79533
2025-12-18 11:05:10,4333.15,66.4695,60.102,506.5809,0.79533
2025-12-18 11:05:10,4333.15,66.4695,60.102,506.5809,0.79533
2025-12-18 11:05:10,4333.15,66.4695,60.102,506.5809,0.79533
2025-12-18 11:05:10,4333.2,66.4695,60.102,506.5809,0.79533
2025-12-18 11:05:11,4333.2,66.4695,60.102,506.5809,0.79533
2025-12-18 11:05:11,4333.2,66.4695,60.102,506.5809,0.79533
2025-12-18 11:05:12,4333.18,66.4695,60.102,506.5809,0.79533
2025-12-18 11:05:12,4333.18,66.4695,60.102,506.5809,0.79533
2025-12-18 11:05:12,4333.18,66.4695,60.102,506.5809,0.79533
2025-12-18 11:05:13,4333.18,66.475,60.102,506.5809,0.79533
2025-12-18 11:05:13,4333.18,66.475,60.102,506.5809,0.79533
2025-12-18 11:05:13,4333.18,66.475,60.102,506.5809,0.79533
2025-12-18 11:05:14,4333.18,66.466,60.102,506.5809,0.79533
2025-12-18 11:05:14,4333.05,66.466,60.102,506.5809,0.79533
2025-12-18 11:05:14,4333.05,66.466,60.102,506.5809,0.79533
2025-12-18 11:05:14,4333.05,66.466,60.102,506.5809,0.79533
2025-12-18 11:05:14,4333.05,66.466,60.102,506.5809,0.79533
2025-12-18 11:05:14,4333.05,66.466,60.102,506.5809,0.79533
2025-12-18 11:05:15,4333.12,66.466,60.102,506.5809,0.79533
2025-12-18 11:05:15,4333.12,66.4645,60.102,506.5809,0.79533
2025-12-18 11:05:15,4333.12,66.4645,60.102,506.5809,0.79533
2025-12-18 11:05:15,4333.12,66.4645,60.102,506.5809,0.79533
2025-12-18 11:05:15,4333.12,66.4645,60.102,506.5809,0.79533
2025-12-18 11:05:15,4333.12,66.4645,60.102,506.5809,0.79533
2025-12-18 11:05:15,4333.05,66.4645,60.102,506.5809,0.79533
2025-12-18 11:05:15,4333.05,66.455,60.102,506.5809,0.79533
2025-12-18 11:05:16,4333.05,66.455,60.102,506.5809,0.79533
2025-12-18 11:05:16,4333.05,66.455,60.102,506.5809,0.79533
2025-12-18 11:05:16,4333.05,66.455,60.102,506.5809,0.79533
2025-12-18 11:05:16,4333.05,66.455,60.102,506.5809,0.79533
2025-12-18 11:05:17,4333.05,66.455,60.102,506.5809,0.79534
2025-12-18 11:05:17,4333.05,66.445,60.102,506.5809,0.79534
2025-12-18 11:05:17,4332.93,66.445,60.102,506.5809,0.79534
2025-12-18 11:05:17,4332.93,66.445,60.102,506.5809,0.79534
2025-12-18 11:05:17,4332.93,66.445,60.102,506.5809,0.79534
2025-12-18 11:05:17,4332.93,66.445,60.102,506.5809,0.79534
2025-12-18 11:05:17,4332.93,66.445,60.102,506.5809,0.79534
2025-12-18 11:05:17,4332.93,66.445,60.102,506.5809,0.79534
2025-12-18 11:05:18,4332.92,66.445,60.102,506.5809,0.79534
2025-12-18 11:05:18,4332.92,66.446,60.102,506.5809,0.79534
2025-12-18 11:05:18,4332.92,66.446,60.102,506.5809,0.79534
2025-12-18 11:05:18,4332.92,66.446,60.102,506.5809,0.79534
2025-12-18 11:05:18,4332.92,66.446,60.102,506.5809,0.79534
2025-12-18 11:05:18,4332.92,66.446,60.102,506.5809,0.79534
2025-12-18 11:05:18,4332.84,66.446,60.102,506.5809,0.79534
2025-12-18 11:05:18,4332.84,66.441,60.102,506.5809,0.79534
2025-12-18 11:05:19,4332.84,66.441,60.102,506.5809,0.79534
2025-12-18 11:05:19,4332.84,66.441,60.102,506.5809,0.79534
2025-12-18 11:05:19,4332.84,66.441,60.102,506.5809,0.79534
2025-12-18 11:05:19,4332.84,66.441,60.102,506.5809,0.79534
2025-12-18 11:05:20,4332.83,66.441,60.102,506.5809,0.79534
2025-12-18 11:05:20,4332.83,66.4405,60.102,506.5809,0.79534
2025-12-18 11:05:20,4332.83,66.4405,60.102,506.5809,0.79534
2025-12-18 11:05:20,4332.83,66.4405,60.102,506.5809,0.79534
2025-12-18 11:05:20,4332.83,66.4405,60.102,506.5809,0.79534
2025-12-18 11:05:20,4332.83,66.4405,60.102,506.5809,0.79534
2025-12-18 11:05:21,4332.83,66.442,60.102,506.5809,0.79534
2025-12-18 11:05:21,4332.83,66.442,60.102,506.5809,0.79534
2025-12-18 11:05:21,4332.83,66.442,60.102,506.5809,0.79534
2025-12-18 11:05:22,4332.92,66.442,60.102,506.5809,0.79534
2025-12-18 11:05:22,4332.92,66.442,60.102,506.5809,0.79534
2025-12-18 11:05:22,4332.92,66.442,60.102,506.5809,0.79534
2025-12-18 11:05:24,4332.92,66.443,60.102,506.5809,0.79534
2025-12-18 11:05:24,4333.01,66.443,60.102,506.5809,0.79534
2025-12-18 11:05:24,4333.01,66.443,60.102,506.5809,0.79534
2025-12-18 11:05:24,4333.01,66.443,60.102,506.5809,0.79534
2025-12-18 11:05:24,4333.01,66.443,60.102,506.5809,0.79534
2025-12-18 11:05:24,4333.01,66.443,60.102,506.5809,0.79534
2025-12-18 11:05:25,4332.9,66.443,60.102,506.5809,0.79534
2025-12-18 11:05:25,4332.9,66.444,60.102,506.5809,0.79534
2025-12-18 11:05:25,4332.9,66.444,60.102,506.5809,0.79534
2025-12-18 11:05:25,4332.9,66.444,60.102,506.5809,0.79534
2025-12-18 11:05:25,4332.9,66.444,60.102,506.5809,0.79534
2025-12-18 11:05:25,4332.9,66.444,60.102,506.5809,0.79534
2025-12-18 11:05:28,4332.89,66.444,60.102,506.5809,0.79534
2025-12-18 11:05:28,4332.89,66.444,60.102,506.5809,0.79534
2025-12-18 11:05:28,4332.89,66.444,60.102,506.5809,0.79534
2025-12-18 11:05:28,4332.89,66.439,60.102,506.5809,0.79534
2025-12-18 11:05:29,4332.87,66.439,60.102,506.5809,0.79534
2025-12-18 11:05:29,4332.87,66.439,60.102,506.5809,0.79534
2025-12-18 11:05:29,4332.87,66.439,60.102,506.5809,0.79534
2025-12-18 11:05:29,4332.87,66.439,60.102,506.5809,0.79534
2025-12-18 11:05:29,4332.87,66.439,60.102,506.5809,0.79534
2025-12-18 11:05:29,4332.88,66.439,60.102,506.5809,0.79534
2025-12-18 11:05:30,4332.88,66.439,60.102,506.5809,0.79534
2025-12-18 11:05:30,4332.88,66.439,60.102,506.5809,0.79534
2025-12-18 11:05:30,4332.88,66.439,60.102,506.5809,0.79536
2025-12-18 11:05:31,4332.87,66.439,60.102,506.5809,0.79536
2025-12-18 11:05:32,4332.87,66.439,60.102,506.5809,0.79536
2025-12-18 11:05:32,4332.87,66.439,60.102,506.5809,0.79536
2025-12-18 11:05:32,4332.87,66.439,60.102,506.5809,0.79536
2025-12-18 11:05:32,4332.87,66.435,60.102,506.5809,0.79536
2025-12-18 11:05:32,4332.71,66.435,60.102,506.5809,0.79536
2025-12-18 11:05:32,4332.71,66.435,60.102,506.5809,0.79536
2025-12-18 11:05:32,4332.71,66.435,60.102,506.5809,0.79536
2025-12-18 11:05:32,4332.71,66.435,60.102,506.5809,0.79536
2025-12-18 11:05:32,4332.71,66.435,60.102,506.5809,0.79536
2025-12-18 11:05:33,4332.59,66.435,60.102,506.5809,0.79536
2025-12-18 11:05:33,4332.59,66.4295,60.102,506.5809,0.79536
2025-12-18 11:05:33,4332.59,66.4295,60.102,506.5809,0.79536
2025-12-18 11:05:33,4332.59,66.4295,60.102,506.5809,0.79536
2025-12-18 11:05:33,4332.59,66.4295,60.102,506.5809,0.79536
2025-12-18 11:05:33,4332.59,66.4295,60.102,506.5809,0.79536
2025-12-18 11:05:34,4332.57,66.4295,60.102,506.5809,0.79536
2025-12-18 11:05:34,4332.57,66.4255,60.102,506.5809,0.79536
2025-12-18 11:05:34,4332.57,66.4255,60.102,506.5809,0.79536
2025-12-18 11:05:34,4332.57,66.4255,60.102,506.5809,0.79536
2025-12-18 11:05:34,4332.57,66.4255,60.102,506.5809,0.79536
2025-12-18 11:05:34,4332.57,66.4255,60.102,506.5809,0.79536
2025-12-18 11:05:35,4332.57,66.4225,60.102,506.5809,0.79536
2025-12-18 11:05:35,4332.56,66.4225,60.102,506.5809,0.79536
2025-12-18 11:05:35,4332.56,66.4225,60.102,506.5809,0.79536
2025-12-18 11:05:35,4332.56,66.4225,60.102,506.5809,0.79536
2025-12-18 11:05:35,4332.56,66.4225,60.102,506.5809,0.79536
2025-12-18 11:05:35,4332.56,66.4225,60.102,506.5809,0.79536
2025-12-18 11:05:36,4332.56,66.425,60.102,506.5809,0.79536
2025-12-18 11:05:36,4332.56,66.425,60.102,506.5809,0.79536
2025-12-18 11:05:36,4332.56,66.425,60.102,506.5809,0.79536
2025-12-18 11:05:39,4332.59,66.425,60.102,506.5809,0.79536
2025-12-18 11:05:39,4332.59,66.425,60.102,506.5809,0.79536
2025-12-18 11:05:39,4332.59,66.425,60.102,506.5809,0.79536
2025-12-18 11:05:39,4332.79,66.425,60.102,506.5809,0.79536
2025-12-18 11:05:40,4332.79,66.425,60.102,506.5809,0.79536
2025-12-18 11:05:40,4332.79,66.425,60.102,506.5809,0.79536
2025-12-18 11:05:41,4332.79,66.4245,60.102,506.5809,0.79536
2025-12-18 11:05:41,4332.79,66.4245,60.102,506.5809,0.79536
2025-12-18 11:05:41,4332.79,66.4245,60.102,506.5809,0.79536
2025-12-18 11:05:42,4332.84,66.4245,60.102,506.5809,0.79536
2025-12-18 11:05:42,4332.84,66.422,60.102,506.5809,0.79536
2025-12-18 11:05:42,4332.84,66.422,60.102,506.5809,0.79536
2025-12-18 11:05:42,4332.84,66.422,60.102,506.5809,0.79536
2025-12-18 11:05:42,4332.84,66.422,60.102,506.5809,0.79536
2025-12-18 11:05:42,4332.84,66.422,60.102,506.5809,0.79536
2025-12-18 11:05:43,4332.84,66.4175,60.102,506.5809,0.79536
2025-12-18 11:05:43,4332.72,66.4175,60.102,506.5809,0.79536
2025-12-18 11:05:43,4332.72,66.4175,60.102,506.5809,0.79536
2025-12-18 11:05:43,4332.72,66.4175,60.102,506.5809,0.79536
2025-12-18 11:05:43,4332.72,66.4175,60.102,506.5809,0.79536
2025-12-18 11:05:43,4332.72,66.4175,60.102,506.5809,0.79536
2025-12-18 11:05:44,4332.72,66.4145,60.102,506.5809,0.79536
2025-12-18 11:05:44,4332.6,66.4145,60.102,506.5809,0.79536
2025-12-18 11:05:44,4332.6,66.4145,60.102,506.5809,0.79536
2025-12-18 11:05:44,4332.6,66.4145,60.102,506.5809,0.79536
2025-12-18 11:05:44,4332.6,66.4145,60.102,506.5809,0.79536
2025-12-18 11:05:44,4332.6,66.4145,60.102,506.5809,0.79536
2025-12-18 11:05:45,4332.56,66.4145,60.102,506.5809,0.79536
2025-12-18 11:05:45,4332.56,66.414,60.102,506.5809,0.79536
2025-12-18 11:05:45,4332.56,66.414,60.102,506.5809,0.79536
2025-12-18 11:05:45,4332.56,66.414,60.102,506.5809,0.79536
2025-12-18 11:05:45,4332.56,66.414,60.102,506.5809,0.79536
2025-12-18 11:05:45,4332.56,66.414,60.102,506.5809,0.79536
2025-12-18 11:05:46,4332.56,66.414,60.102,506.5809,0.79532
2025-12-18 11:05:46,4332.56,66.415,60.102,506.5809,0.79532
2025-12-18 11:05:46,4332.59,66.415,60.102,506.5809,0.79532
2025-12-18 11:05:46,4332.59,66.415,60.102,506.5809,0.79532
2025-12-18 11:05:46,4332.59,66.415,60.102,506.5809,0.79532
2025-12-18 11:05:46,4332.59,66.415,60.102,506.5809,0.79532
2025-12-18 11:05:46,4332.59,66.415,60.102,506.5809,0.79532
2025-12-18 11:05:46,4332.59,66.415,60.102,506.5809,0.79532
2025-12-18 11:05:47,4332.59,66.415,60.102,506.5809,0.79532
2025-12-18 11:05:47,4332.59,66.415,60.102,506.5809,0.79532
2025-12-18 11:05:47,4332.59,66.415,60.102,506.5809,0.79532
2025-12-18 11:05:48,4332.57,66.415,60.102,506.5809,0.79532
2025-12-18 11:05:48,4332.57,66.415,60.102,506.5809,0.79532
2025-12-18 11:05:48,4332.57,66.415,60.102,506.5809,0.79532
2025-12-18 11:05:49,4332.46,66.415,60.102,506.5809,0.79532
2025-12-18 11:05:49,4332.46,66.41,60.102,506.5809,0.79532
2025-12-18 11:05:49,4332.46,66.41,60.102,506.5809,0.79532
2025-12-18 11:05:49,4332.46,66.41,60.102,506.5809,0.79532
2025-12-18 11:05:49,4332.46,66.41,60.102,506.5809,0.79532
2025-12-18 11:05:49,4332.46,66.41,60.102,506.5809,0.79532
2025-12-18 11:05:51,4332.5,66.41,60.102,506.5809,0.79532
2025-12-18 11:05:51,4332.5,66.413,60.102,506.5809,0.79532
2025-12-18 11:05:51,4332.5,66.413,60.102,506.5809,0.79532
2025-12-18 11:05:51,4332.5,66.413,60.102,506.5809,0.79532
2025-12-18 11:05:51,4332.5,66.413,60.102,506.5809,0.79532
2025-12-18 11:05:51,4332.5,66.413,60.102,506.5809,0.79532
2025-12-18 11:05:52,4332.5,66.4125,60.102,506.5809,0.79532
2025-12-18 11:05:52,4332.45,66.4125,60.102,506.5809,0.79532
2025-12-18 11:05:52,4332.45,66.4125,60.102,506.5809,0.79532
2025-12-18 11:05:52,4332.45,66.4125,60.102,506.5809,0.79532
2025-12-18 11:05:52,4332.45,66.4125,60.102,506.5809,0.79532
2025-12-18 11:05:52,4332.45,66.4125,60.102,506.5809,0.79532
2025-12-18 11:05:53,4332.5,66.4125,60.102,506.5809,0.79532
2025-12-18 11:05:53,4332.5,66.4125,60.102,506.5809,0.79532
2025-12-18 11:05:53,4332.5,66.4125,60.102,506.5809,0.79532
2025-12-18 11:05:54,4332.5,66.418,60.102,506.5809,0.79532
2025-12-18 11:05:54,4332.77,66.418,60.102,506.5809,0.79532
2025-12-18 11:05:54,4332.77,66.418,60.102,506.5809,0.79532
2025-12-18 11:05:54,4332.77,66.418,60.102,506.5809,0.79532
2025-12-18 11:05:54,4332.77,66.418,60.102,506.5809,0.79532
2025-12-18 11:05:54,4332.77,66.418,60.102,506.5809,0.79532
2025-12-18 11:05:55,4332.77,66.417,60.102,506.5809,0.79532
2025-12-18 11:05:55,4332.76,66.417,60.102,506.5809,0.79532
2025-12-18 11:05:55,4332.76,66.417,60.102,506.5809,0.79532
2025-12-18 11:05:55,4332.76,66.417,60.102,506.5809,0.79532
2025-12-18 11:05:55,4332.76,66.417,60.102,506.5809,0.79532
2025-12-18 11:05:55,4332.76,66.417,60.102,506.5809,0.79532
2025-12-18 11:05:56,4332.65,66.417,60.102,506.5809,0.79532
2025-12-18 11:05:56,4332.65,66.415,60.102,506.5809,0.79532
2025-12-18 11:05:56,4332.65,66.415,60.102,506.5809,0.79532
2025-12-18 11:05:56,4332.65,66.415,60.102,506.5809,0.79532
2025-12-18 11:05:56,4332.65,66.415,60.102,506.5809,0.79532
2025-12-18 11:05:56,4332.65,66.415,60.102,506.5809,0.79532
2025-12-18 11:05:59,4332.65,66.4255,60.102,506.5809,0.79532
2025-12-18 11:05:59,4332.86,66.4255,60.102,506.5809,0.79532
2025-12-18 11:06:00,4332.86,66.4255,60.11,506.5809,0.79532
2025-12-18 11:06:00,4332.86,66.4255,60.11,506.5809,0.79532
2025-12-18 11:06:00,4332.86,66.4255,60.11,506.5809,0.79532
2025-12-18 11:06:00,4332.86,66.4255,60.11,506.5809,0.79532
2025-12-18 11:06:00,4332.86,66.4255,60.11,506.5809,0.79532
2025-12-18 11:06:00,4332.86,66.4255,60.11,506.5809,0.79532
2025-12-18 11:06:00,4332.86,66.4255,60.11,506.5809,0.79532
2025-12-18 11:06:00,4332.86,66.429,60.11,506.5809,0.79532
2025-12-18 11:06:00,4332.86,66.429,60.1005,506.5809,0.79532
2025-12-18 11:06:00,4332.87,66.429,60.1005,506.5809,0.79532
2025-12-18 11:06:00,4332.87,66.429,60.1005,506.5809,0.79532
2025-12-18 11:06:00,4332.87,66.429,60.1005,506.5809,0.79532
2025-12-18 11:06:00,4332.87,66.429,60.1005,506.5809,0.79532
2025-12-18 11:06:00,4332.87,66.429,60.1005,506.5809,0.79532
2025-12-18 11:06:00,4332.87,66.429,60.1005,506.5809,0.79532
2025-12-18 11:06:00,4332.87,66.429,60.1005,506.5809,0.79532
2025-12-18 11:06:01,4332.9,66.429,60.1005,506.5809,0.79532
2025-12-18 11:06:01,4332.9,66.434,60.1005,506.5809,0.79532
2025-12-18 11:06:01,4332.9,66.434,60.1005,506.5809,0.79532
2025-12-18 11:06:01,4332.9,66.434,60.1005,506.5809,0.79532
2025-12-18 11:06:01,4332.9,66.434,60.1005,506.5809,0.79532
2025-12-18 11:06:01,4332.9,66.434,60.1005,506.5809,0.79532
2025-12-18 11:06:02,4332.85,66.434,60.1005,506.5809,0.79532
2025-12-18 11:06:02,4332.85,66.4305,60.1005,506.5809,0.79532
2025-12-18 11:06:02,4332.85,66.4305,60.1005,506.5809,0.79532
2025-12-18 11:06:02,4332.85,66.4305,60.1005,506.5809,0.79532
2025-12-18 11:06:02,4332.85,66.4305,60.1005,506.5809,0.79532
2025-12-18 11:06:02,4332.85,66.4305,60.1005,506.5809,0.79532
2025-12-18 11:06:04,4332.85,66.4325,60.1005,506.5809,0.79532
2025-12-18 11:06:04,4332.88,66.4325,60.1005,506.5809,0.79532
2025-12-18 11:06:04,4332.88,66.4325,60.1005,506.5809,0.79532
2025-12-18 11:06:04,4332.88,66.4325,60.1005,506.5809,0.79532
2025-12-18 11:06:04,4332.88,66.4325,60.1005,506.5809,0.79532
2025-12-18 11:06:04,4332.88,66.4325,60.1005,506.5809,0.79532
2025-12-18 11:06:05,4332.88,66.432,60.1005,506.5809,0.79532
2025-12-18 11:06:05,4332.91,66.432,60.1005,506.5809,0.79532
2025-12-18 11:06:05,4332.91,66.432,60.1005,506.5809,0.79532
2025-12-18 11:06:05,4332.91,66.432,60.1005,506.5809,0.79532
2025-12-18 11:06:05,4332.91,66.432,60.1005,506.5809,0.79532
2025-12-18 11:06:05,4332.91,66.432,60.1005,506.5809,0.79532
2025-12-18 11:06:06,4332.91,66.432,60.1098,506.5809,0.79532
2025-12-18 11:06:06,4332.91,66.432,60.1098,506.5809,0.79532
2025-12-18 11:06:06,4332.91,66.432,60.1098,506.5809,0.79532
2025-12-18 11:06:09,4332.91,66.4325,60.1098,506.5809,0.79532
2025-12-18 11:06:09,4332.93,66.4325,60.1098,506.5809,0.79532
2025-12-18 11:06:09,4332.93,66.4325,60.1098,506.5809,0.79532
2025-12-18 11:06:09,4332.93,66.4325,60.1098,506.5809,0.79532
2025-12-18 11:06:09,4332.93,66.4325,60.1098,506.5809,0.79532
2025-12-18 11:06:09,4332.93,66.4325,60.1098,506.5809,0.79532
2025-12-18 11:06:11,4332.93,66.427,60.1098,506.5809,0.79532
2025-12-18 11:06:11,4332.87,66.427,60.1098,506.5809,0.79532
2025-12-18 11:06:11,4332.87,66.427,60.1098,506.5809,0.79532
2025-12-18 11:06:11,4332.87,66.427,60.1098,506.5809,0.79532
2025-12-18 11:06:11,4332.87,66.427,60.1098,506.5809,0.79532
2025-12-18 11:06:11,4332.87,66.427,60.1098,506.5809,0.79532
2025-12-18 11:06:12,4332.87,66.4305,60.1098,506.5809,0.79532
2025-12-18 11:06:12,4332.9,66.4305,60.1098,506.5809,0.79532
2025-12-18 11:06:12,4332.9,66.4305,60.1098,506.5809,0.79532
2025-12-18 11:06:12,4332.9,66.4305,60.1098,506.5809,0.79532
2025-12-18 11:06:12,4332.9,66.4305,60.1098,506.5809,0.79532
2025-12-18 11:06:12,4332.9,66.4305,60.1098,506.5809,0.79532
2025-12-18 11:06:13,4332.94,66.4305,60.1098,506.5809,0.79532
2025-12-18 11:06:13,4332.94,66.4305,60.1098,506.5809,0.79532
2025-12-18 11:06:13,4332.94,66.4305,60.1098,506.5809,0.79532
2025-12-18 11:06:13,4332.94,66.432,60.1098,506.5809,0.79532
2025-12-18 11:06:14,4333.05,66.432,60.1098,506.5809,0.79532
2025-12-18 11:06:14,4333.05,66.432,60.1098,506.5809,0.79532
2025-12-18 11:06:14,4333.05,66.432,60.1098,506.5809,0.79532
2025-12-18 11:06:14,4333.05,66.432,60.1098,506.5809,0.79532
2025-12-18 11:06:14,4333.05,66.432,60.1098,506.5809,0.79532
2025-12-18 11:06:15,4333.05,66.429,60.1098,506.5809,0.79532
2025-12-18 11:06:15,4333.01,66.429,60.1098,506.5809,0.79532
2025-12-18 11:06:15,4333.01,66.429,60.1098,506.5809,0.79532
2025-12-18 11:06:15,4333.01,66.429,60.1098,506.5809,0.79532
2025-12-18 11:06:15,4333.01,66.429,60.1098,506.5809,0.79532
2025-12-18 11:06:15,4333.01,66.429,60.1098,506.5809,0.79532
2025-12-18 11:06:15,4333.14,66.429,60.1098,506.5809,0.79532
2025-12-18 11:06:16,4333.14,66.435,60.1098,506.5809,0.79532
2025-12-18 11:06:16,4333.14,66.435,60.1098,506.5809,0.79532
2025-12-18 11:06:16,4333.14,66.435,60.1098,506.5809,0.79532
2025-12-18 11:06:16,4333.14,66.435,60.1098,506.5809,0.79532
2025-12-18 11:06:16,4333.14,66.435,60.1098,506.5809,0.79532
2025-12-18 11:06:17,4333.1,66.435,60.1098,506.5809,0.79532
2025-12-18 11:06:17,4333.1,66.432,60.1098,506.5809,0.79532
2025-12-18 11:06:17,4333.1,66.432,60.1098,506.5809,0.79532
2025-12-18 11:06:17,4333.1,66.432,60.1098,506.5809,0.79532
2025-12-18 11:06:17,4333.1,66.432,60.1098,506.5809,0.79532
2025-12-18 11:06:17,4333.1,66.432,60.1098,506.5809,0.79532
2025-12-18 11:06:18,4333.1,66.4295,60.1098,506.5809,0.79532
2025-12-18 11:06:18,4333.1,66.4295,60.1098,506.5809,0.79532
2025-12-18 11:06:18,4333.1,66.4295,60.1098,506.5809,0.79532
2025-12-18 11:06:20,4333.1,66.4345,60.1098,506.5809,0.79532
2025-12-18 11:06:20,4333.1,66.4345,60.1098,506.5809,0.79532
2025-12-18 11:06:20,4333.1,66.4345,60.1098,506.5809,0.79532
2025-12-18 11:06:21,4333.16,66.4345,60.1098,506.5809,0.79532
2025-12-18 11:06:21,4333.16,66.4345,60.1098,506.5809,0.79532
2025-12-18 11:06:21,4333.16,66.4345,60.1098,506.5809,0.79532
2025-12-18 11:06:23,4333.16,66.4345,60.1021,506.5809,0.79532
2025-12-18 11:06:23,4333.16,66.4345,60.1021,506.5809,0.79532
2025-12-18 11:06:23,4333.16,66.4345,60.1021,506.5809,0.79532
2025-12-18 11:06:24,4333.19,66.4345,60.1021,506.5809,0.79532
2025-12-18 11:06:25,4333.19,66.4395,60.1021,506.5809,0.79532
2025-12-18 11:06:25,4333.19,66.4395,60.1021,506.5809,0.79532
2025-12-18 11:06:25,4333.19,66.4395,60.1021,506.5809,0.79532
2025-12-18 11:06:25,4333.19,66.4395,60.1021,506.5809,0.79532
2025-12-18 11:06:25,4333.19,66.4395,60.1021,506.5809,0.79532
2025-12-18 11:06:26,4333.19,66.4355,60.1021,506.5809,0.79532
2025-12-18 11:06:26,4333.12,66.4355,60.1021,506.5809,0.79532
2025-12-18 11:06:26,4333.12,66.4355,60.1021,506.5809,0.79532
2025-12-18 11:06:26,4333.12,66.4355,60.1021,506.5809,0.79532
2025-12-18 11:06:26,4333.12,66.4355,60.1021,506.5809,0.79532
2025-12-18 11:06:26,4333.12,66.4355,60.1021,506.5809,0.79532
2025-12-18 11:06:27,4333.12,66.438,60.1021,506.5809,0.79532
2025-12-18 11:06:27,4333.18,66.438,60.1021,506.5809,0.79532
2025-12-18 11:06:27,4333.18,66.438,60.1021,506.5809,0.79532
2025-12-18 11:06:27,4333.18,66.438,60.1021,506.5809,0.79532
2025-12-18 11:06:27,4333.18,66.438,60.1021,506.5809,0.79532
2025-12-18 11:06:27,4333.18,66.438,60.1021,506.5809,0.79532
2025-12-18 11:06:28,4333.18,66.4335,60.1021,506.5809,0.79532
2025-12-18 11:06:28,4333.15,66.4335,60.1021,506.5809,0.79532
2025-12-18 11:06:28,4333.15,66.4335,60.1021,506.5809,0.79532
2025-12-18 11:06:28,4333.15,66.4335,60.1021,506.5809,0.79532
2025-12-18 11:06:28,4333.15,66.4335,60.1021,506.5809,0.79532
2025-12-18 11:06:28,4333.15,66.4335,60.1021,506.5809,0.79532
2025-12-18 11:06:29,4333.1,66.4335,60.1021,506.5809,0.79532
2025-12-18 11:06:29,4333.1,66.429,60.1021,506.5809,0.79532
2025-12-18 11:06:29,4333.1,66.429,60.1021,506.5809,0.79532
2025-12-18 11:06:29,4333.1,66.429,60.1021,506.5809,0.79532
2025-12-18 11:06:29,4333.1,66.429,60.1021,506.5809,0.79532
