Datetime,Gold,Silver,Brent,Wheat,USD index
2024-10-01 04:00:00+00:00,2661.0,31.6299991607666,71.83999633789062,5.795,100.78700256347656
2024-10-01 05:00:00+00:00,2664.39990234375,31.665000915527344,71.75,5.7975,100.80799865722656
2024-10-01 06:00:00+00:00,2666.5,31.725000381469727,71.55999755859375,5.7825,100.83499908447266
2024-10-01 07:00:00+00:00,2667.0,31.665000915527344,70.94000244140625,5.7775,100.97100067138672
2024-10-01 08:00:00+00:00,2667.89990234375,31.645000457763672,70.23999786376953,5.79,101.01399993896484
2024-10-01 09:00:00+00:00,2670.10009765625,31.579999923706055,70.62000274658203,5.81,101.04299926757812
2024-10-01 10:00:00+00:00,2671.699951171875,31.6299991607666,71.43000030517578,5.86,101.09600067138672
2024-10-01 11:00:00+00:00,2671.800048828125,31.6200008392334,71.19999694824219,5.8475,101.0989990234375
2024-10-01 12:00:00+00:00,2673.199951171875,31.704999923706055,70.73999786376953,5.845,101.21499633789062
2024-10-01 13:00:00+00:00,2689.800048828125,32.060001373291016,73.55999755859375,5.9375,101.16100311279297
2024-10-01 14:00:00+00:00,2680.5,31.71500015258789,74.0999984741211,5.975,101.16699981689453
2024-10-01 15:00:00+00:00,2685.10009765625,31.834999084472656,74.33000183105469,5.9575,101.23799896240234
2024-10-01 16:00:00+00:00,2687.800048828125,31.875,74.91000366210938,5.9875,101.3270034790039
2024-10-01 17:00:00+00:00,2683.800048828125,31.655000686645508,73.7300033569336,6.0,101.302001953125
2024-10-01 18:00:00+00:00,2682.5,31.665000915527344,73.79000091552734,5.9725,101.19400024414062
2024-10-01 19:00:00+00:00,2679.89990234375,31.610000610351562,74.0,5.9725,101.21299743652344
2024-10-01 20:00:00+00:00,2684.800048828125,31.71500015258789,74.4000015258789,5.9725,101.20800018310547
2024-10-01 21:00:00+00:00,2684.800048828125,31.71500015258789,74.4000015258789,5.9725,101.20600128173828
2024-10-01 22:00:00+00:00,2683.0,31.65999984741211,74.56999969482422,5.9725,101.20999908447266
2024-10-01 23:00:00+00:00,2681.199951171875,31.6299991607666,74.5,5.9725,101.26000213623047
2024-10-02 00:00:00+00:00,2678.5,31.600000381469727,74.5,5.97,101.25499725341797
2024-10-02 01:00:00+00:00,2681.60009765625,31.670000076293945,74.66000366210938,5.995,101.20099639892578
2024-10-02 02:00:00+00:00,2681.10009765625,31.700000762939453,74.51000213623047,5.9875,101.2490005493164
2024-10-02 03:00:00+00:00,2676.5,31.575000762939453,74.52999877929688,5.99,101.24299621582031
2024-10-02 04:00:00+00:00,2675.199951171875,31.450000762939453,74.62000274658203,5.985,101.25900268554688
2024-10-02 05:00:00+00:00,2669.0,31.364999771118164,74.80999755859375,5.9975,101.26399993896484
2024-10-02 06:00:00+00:00,2670.60009765625,31.46500015258789,74.66000366210938,6.035,101.24700164794922
2024-10-02 07:00:00+00:00,2676.5,31.829999923706055,75.20999908447266,6.0325,101.25399780273438
2024-10-02 08:00:00+00:00,2673.39990234375,31.725000381469727,75.18000030517578,6.035,101.23699951171875
2024-10-02 09:00:00+00:00,2674.10009765625,31.729999542236328,75.5,6.0625,101.24700164794922
2024-10-02 10:00:00+00:00,2670.199951171875,31.700000762939453,75.87999725341797,6.0475,101.33399963378906
2024-10-02 11:00:00+00:00,2670.60009765625,31.684999465942383,75.5199966430664,6.0775,101.26599884033203
2024-10-02 12:00:00+00:00,2670.800048828125,31.950000762939453,75.5,6.0625,101.48600006103516
2024-10-02 13:00:00+00:00,2680.800048828125,32.494998931884766,75.80000305175781,6.16,101.53099822998047
2024-10-02 14:00:00+00:00,2669.199951171875,31.93000030517578,74.58000183105469,6.1325,101.677001953125
2024-10-02 15:00:00+00:00,2671.300048828125,31.979999542236328,73.6500015258789,6.1575,101.56400299072266
2024-10-02 16:00:00+00:00,2670.89990234375,31.915000915527344,73.83999633789062,6.13,101.58300018310547
2024-10-02 17:00:00+00:00,2673.60009765625,32.0099983215332,74.08999633789062,6.15,101.59100341796875
2024-10-02 18:00:00+00:00,2675.0,31.975000381469727,74.19000244140625,6.1325,101.677001953125
2024-10-02 19:00:00+00:00,2679.800048828125,32.084999084472656,74.68000030517578,6.1325,101.60700225830078
2024-10-02 20:00:00+00:00,2680.199951171875,32.1150016784668,74.69000244140625,6.1325,101.64299774169922
2024-10-02 21:00:00+00:00,2680.199951171875,32.1150016784668,74.69000244140625,6.1325,101.61599731445312
2024-10-02 22:00:00+00:00,2679.699951171875,32.130001068115234,74.51000213623047,6.1325,101.60199737548828
2024-10-02 23:00:00+00:00,2680.300048828125,32.119998931884766,74.58999633789062,6.1325,101.65699768066406
2024-10-03 00:00:00+00:00,2678.300048828125,32.04999923706055,74.48999786376953,6.14,101.74199676513672
2024-10-03 01:00:00+00:00,2678.800048828125,32.04499816894531,74.66999816894531,6.14,101.73300170898438
2024-10-03 02:00:00+00:00,2676.199951171875,31.924999237060547,74.56999969482422,6.145,101.75800323486328
2024-10-03 03:00:00+00:00,2676.60009765625,31.920000076293945,74.77999877929688,6.1575,101.76799774169922
2024-10-03 04:00:00+00:00,2675.199951171875,31.834999084472656,74.70999908447266,6.1575,101.77999877929688
2024-10-03 05:00:00+00:00,2673.60009765625,31.860000610351562,74.80000305175781,6.1525,101.84500122070312
2024-10-03 06:00:00+00:00,2676.300048828125,31.954999923706055,74.91000366210938,6.1525,101.8280029296875
2024-10-03 07:00:00+00:00,2665.5,31.739999771118164,74.68000030517578,6.1225,101.85099792480469
2024-10-03 08:00:00+00:00,2665.300048828125,31.774999618530273,74.61000061035156,6.125,101.88300323486328
2024-10-03 09:00:00+00:00,2664.89990234375,31.790000915527344,75.08999633789062,6.1275,101.91000366210938
2024-10-03 10:00:00+00:00,2666.89990234375,31.75,75.2699966430664,6.1225,101.86000061035156
2024-10-03 11:00:00+00:00,2668.300048828125,31.780000686645508,75.0999984741211,6.12,101.84100341796875
2024-10-03 12:00:00+00:00,2662.60009765625,31.770000457763672,75.38999938964844,6.1175,101.91600036621094
2024-10-03 13:00:00+00:00,2667.60009765625,31.979999542236328,75.66000366210938,6.095,101.87799835205078
2024-10-03 14:00:00+00:00,2670.39990234375,32.060001373291016,76.55000305175781,6.0875,102.03500366210938
2024-10-03 15:00:00+00:00,2668.89990234375,32.11000061035156,76.88999938964844,6.0775,102.04299926757812
2024-10-03 16:00:00+00:00,2680.300048828125,32.404998779296875,77.41999816894531,6.0725,101.9219970703125
2024-10-03 17:00:00+00:00,2676.89990234375,32.334999084472656,77.23999786376953,6.0325,101.91500091552734
2024-10-03 18:00:00+00:00,2677.5,32.369998931884766,77.72000122070312,6.04,101.98899841308594
2024-10-03 19:00:00+00:00,2677.89990234375,32.32500076293945,77.76000213623047,6.04,101.97000122070312
2024-10-03 20:00:00+00:00,2675.89990234375,32.29499816894531,77.58000183105469,6.04,101.96399688720703
2024-10-03 21:00:00+00:00,2675.89990234375,32.29499816894531,77.58000183105469,6.04,101.94100189208984
2024-10-03 22:00:00+00:00,2675.699951171875,32.32500076293945,77.83000183105469,6.04,101.94200134277344
2024-10-03 23:00:00+00:00,2675.39990234375,32.310001373291016,77.80000305175781,6.04,101.91400146484375
2024-10-04 00:00:00+00:00,2677.0,32.31999969482422,77.7699966430664,6.0075,101.89700317382812
2024-10-04 01:00:00+00:00,2678.10009765625,32.369998931884766,77.5999984741211,6.0025,101.91999816894531
2024-10-04 02:00:00+00:00,2681.800048828125,32.45500183105469,77.66000366210938,6.0,101.9000015258789
2024-10-04 03:00:00+00:00,2680.89990234375,32.380001068115234,77.5,6.0,101.91999816894531
2024-10-04 04:00:00+00:00,2683.89990234375,32.44499969482422,77.5,5.995,101.9010009765625
2024-10-04 05:00:00+00:00,2687.199951171875,32.505001068115234,77.51000213623047,5.9775,101.83899688720703
2024-10-04 06:00:00+00:00,2680.199951171875,32.29499816894531,77.55999755859375,5.975,101.8550033569336
2024-10-04 07:00:00+00:00,2681.0,32.349998474121094,78.19999694824219,5.9875,101.88400268554688
2024-10-04 08:00:00+00:00,2679.10009765625,32.26499938964844,78.4800033569336,5.95,101.89600372314453
2024-10-04 09:00:00+00:00,2677.39990234375,32.275001525878906,78.27999877929688,5.9625,101.89099884033203
2024-10-04 10:00:00+00:00,2678.199951171875,32.310001373291016,78.58000183105469,5.9625,101.88099670410156
2024-10-04 11:00:00+00:00,2681.39990234375,32.42499923706055,78.7699966430664,5.925,101.85900115966797
2024-10-04 12:00:00+00:00,2658.5,31.924999237060547,78.19999694824219,5.9325,102.61699676513672
2024-10-04 13:00:00+00:00,2671.89990234375,32.165000915527344,78.05000305175781,5.9525,102.5
2024-10-04 14:00:00+00:00,2678.699951171875,32.60499954223633,78.19000244140625,5.945,102.51200103759766
2024-10-04 15:00:00+00:00,2673.39990234375,32.724998474121094,78.66999816894531,5.8825,102.5989990234375
2024-10-04 16:00:00+00:00,2665.5,32.400001525878906,78.88999938964844,5.8875,102.61900329589844
2024-10-04 17:00:00+00:00,2670.10009765625,32.46500015258789,79.20999908447266,5.8775,102.54499816894531
2024-10-04 18:00:00+00:00,2665.5,32.415000915527344,77.9800033569336,5.9025,102.5199966430664
2024-10-04 19:00:00+00:00,2671.60009765625,32.439998626708984,78.12000274658203,5.9025,102.48699951171875
2024-10-04 20:00:00+00:00,2673.199951171875,32.459999084472656,78.06999969482422,5.9025,102.48699951171875
2024-10-06 21:00:00+00:00,2673.199951171875,32.459999084472656,78.06999969482422,5.9025,102.48699951171875
2024-10-06 22:00:00+00:00,2670.199951171875,32.52000045776367,77.66999816894531,5.9025,102.55799865722656
2024-10-06 23:00:00+00:00,2669.60009765625,32.470001220703125,77.5199966430664,5.9025,102.53299713134766
2024-10-07 00:00:00+00:00,2668.800048828125,32.43000030517578,77.66999816894531,5.8625,102.49700164794922
2024-10-07 01:00:00+00:00,2665.699951171875,32.44499969482422,77.58000183105469,5.8575,102.46600341796875
2024-10-07 02:00:00+00:00,2664.60009765625,32.369998931884766,77.70999908447266,5.845,102.49299621582031
2024-10-07 03:00:00+00:00,2666.300048828125,32.35499954223633,77.72000122070312,5.8625,102.4729995727539
2024-10-07 04:00:00+00:00,2666.300048828125,32.345001220703125,77.69000244140625,5.8775,102.51899719238281
2024-10-07 05:00:00+00:00,2660.300048828125,32.130001068115234,77.76000213623047,5.89,102.51300048828125
2024-10-07 06:00:00+00:00,2662.60009765625,32.095001220703125,77.83999633789062,5.9075,102.48999786376953
2024-10-07 07:00:00+00:00,2671.800048828125,32.224998474121094,78.54000091552734,5.8925,102.49800109863281
2024-10-07 08:00:00+00:00,2671.699951171875,32.18000030517578,79.43000030517578,5.91,102.52400207519531
2024-10-07 09:00:00+00:00,2676.39990234375,32.154998779296875,79.5999984741211,5.8675,102.5999984741211
2024-10-07 10:00:00+00:00,2674.89990234375,32.099998474121094,79.81999969482422,5.8825,102.59600067138672
2024-10-07 11:00:00+00:00,2676.60009765625,32.20000076293945,79.43000030517578,5.9025,102.46399688720703
2024-10-07 12:00:00+00:00,2659.60009765625,31.729999542236328,78.69000244140625,5.89,102.45700073242188
2024-10-07 13:00:00+00:00,2662.199951171875,32.029998779296875,79.16999816894531,5.9225,102.43299865722656
2024-10-07 14:00:00+00:00,2660.5,31.780000686645508,79.68000030517578,5.905,102.5009994506836
2024-10-07 15:00:00+00:00,2665.199951171875,31.950000762939453,80.7699966430664,5.945,102.47799682617188
2024-10-07 16:00:00+00:00,2666.39990234375,32.084999084472656,80.72000122070312,5.9225,102.40599822998047
2024-10-07 17:00:00+00:00,2667.39990234375,32.04499816894531,80.70999908447266,5.94,102.4209976196289
2024-10-07 18:00:00+00:00,2660.10009765625,31.90999984741211,81.12000274658203,5.935,102.53700256347656
2024-10-07 19:00:00+00:00,2662.5,31.954999923706055,81.08999633789062,5.935,102.49700164794922
2024-10-07 20:00:00+00:00,2661.89990234375,31.940000534057617,81.05000305175781,5.935,102.48999786376953
2024-10-07 21:00:00+00:00,2661.89990234375,31.940000534057617,81.05000305175781,5.935,102.48899841308594
2024-10-07 22:00:00+00:00,2663.199951171875,31.8799991607666,81.63999938964844,5.935,102.48500061035156
2024-10-07 23:00:00+00:00,2662.10009765625,31.889999389648438,81.04000091552734,5.935,102.48500061035156
2024-10-08 00:00:00+00:00,2662.699951171875,31.90999984741211,80.41000366210938,5.9725,102.39099884033203
2024-10-08 01:00:00+00:00,2666.199951171875,31.96500015258789,80.30000305175781,5.9825,102.38500213623047
2024-10-08 02:00:00+00:00,2654.800048828125,31.459999084472656,79.62000274658203,5.9325,102.39600372314453
2024-10-08 03:00:00+00:00,2661.800048828125,31.649999618530273,79.58999633789062,5.935,102.41000366210938
2024-10-08 04:00:00+00:00,2662.10009765625,31.684999465942383,79.69000244140625,5.93,102.41000366210938
2024-10-08 05:00:00+00:00,2664.300048828125,31.75,79.63999938964844,5.92,102.41799926757812
2024-10-08 06:00:00+00:00,2655.800048828125,31.389999389648438,79.7300033569336,5.915,102.43800354003906
2024-10-08 07:00:00+00:00,2652.89990234375,31.334999084472656,79.41999816894531,5.9175,102.30599975585938
2024-10-08 08:00:00+00:00,2657.10009765625,31.450000762939453,79.29000091552734,5.9075,102.34600067138672
2024-10-08 09:00:00+00:00,2660.60009765625,31.479999542236328,79.37999725341797,5.895,102.38999938964844
2024-10-08 10:00:00+00:00,2665.39990234375,31.53499984741211,79.41000366210938,5.915,102.3949966430664
2024-10-08 11:00:00+00:00,2670.0,31.600000381469727,79.2300033569336,5.9,102.375
2024-10-08 12:00:00+00:00,2665.199951171875,31.399999618530273,79.33000183105469,5.8875,102.47699737548828
2024-10-08 13:00:00+00:00,2658.699951171875,31.375,78.0999984741211,5.905,102.48999786376953
2024-10-08 14:00:00+00:00,2640.10009765625,30.81999969482422,77.31999969482422,5.925,102.56500244140625
2024-10-08 15:00:00+00:00,2632.0,30.604999542236328,77.16999816894531,5.9225,102.55599975585938
2024-10-08 16:00:00+00:00,2627.5,30.5,76.56999969482422,5.92,102.51499938964844
2024-10-08 17:00:00+00:00,2633.0,30.59000015258789,77.62999725341797,5.9575,102.5250015258789
2024-10-08 18:00:00+00:00,2634.39990234375,30.709999084472656,77.33000183105469,5.9425,102.54900360107422
2024-10-08 19:00:00+00:00,2641.89990234375,30.920000076293945,77.54000091552734,5.9425,102.49199676513672
2024-10-08 20:00:00+00:00,2640.60009765625,30.889999389648438,77.5199966430664,5.9425,102.46099853515625
2024-10-08 21:00:00+00:00,2640.60009765625,30.889999389648438,77.5199966430664,5.9425,102.4729995727539
2024-10-08 22:00:00+00:00,2640.800048828125,30.920000076293945,77.54000091552734,5.9425,102.4739990234375
2024-10-08 23:00:00+00:00,2640.699951171875,30.889999389648438,77.5,5.9425,102.49700164794922
2024-10-09 00:00:00+00:00,2639.60009765625,30.78499984741211,77.54000091552734,5.985,102.49700164794922
2024-10-09 01:00:00+00:00,2638.699951171875,30.84000015258789,77.31999969482422,5.975,102.50800323486328
2024-10-09 02:00:00+00:00,2637.10009765625,30.799999237060547,77.4000015258789,5.99,102.54299926757812
2024-10-09 03:00:00+00:00,2635.800048828125,30.78499984741211,77.43000030517578,5.995,102.5770034790039
2024-10-09 04:00:00+00:00,2634.39990234375,30.735000610351562,77.5,5.9975,102.60700225830078
2024-10-09 05:00:00+00:00,2638.199951171875,30.8700008392334,77.81999969482422,6.0075,102.55699920654297
2024-10-09 06:00:00+00:00,2631.199951171875,30.760000228881836,77.61000061035156,6.0025,102.625
2024-10-09 07:00:00+00:00,2630.0,30.735000610351562,77.70999908447266,5.9975,102.6520004272461
2024-10-09 08:00:00+00:00,2634.800048828125,30.860000610351562,77.66000366210938,6.015,102.69300079345703
2024-10-09 09:00:00+00:00,2636.60009765625,30.905000686645508,77.79000091552734,6.04,102.61399841308594
2024-10-09 10:00:00+00:00,2639.5,30.895000457763672,76.88999938964844,6.0325,102.61699676513672
2024-10-09 11:00:00+00:00,2637.5,30.905000686645508,76.9800033569336,6.035,102.71399688720703
2024-10-09 12:00:00+00:00,2637.300048828125,30.739999771118164,76.77999877929688,6.0225,102.7249984741211
2024-10-09 13:00:00+00:00,2628.0,30.645000457763672,75.68000030517578,5.97,102.7699966430664
2024-10-09 14:00:00+00:00,2628.300048828125,30.75,76.08999633789062,5.9775,102.81600189208984
2024-10-09 15:00:00+00:00,2633.199951171875,30.790000915527344,76.63999938964844,5.965,102.7969970703125
2024-10-09 16:00:00+00:00,2627.10009765625,30.6299991607666,76.3499984741211,5.99,102.86900329589844
2024-10-09 17:00:00+00:00,2628.10009765625,30.700000762939453,76.55999755859375,5.9875,102.88300323486328
2024-10-09 18:00:00+00:00,2624.89990234375,30.65999984741211,76.6500015258789,6.0075,102.9280014038086
2024-10-09 19:00:00+00:00,2627.5,30.770000457763672,76.7699966430664,6.0075,102.91400146484375
2024-10-09 20:00:00+00:00,2626.10009765625,30.729999542236328,76.70999908447266,6.0075,102.9010009765625
2024-10-09 21:00:00+00:00,2626.10009765625,30.729999542236328,76.70999908447266,6.0075,102.87999725341797
2024-10-09 22:00:00+00:00,2626.10009765625,30.69499969482422,76.7699966430664,6.0075,102.87799835205078
2024-10-09 23:00:00+00:00,2625.39990234375,30.719999313354492,76.79000091552734,6.0075,102.87999725341797
2024-10-10 00:00:00+00:00,2626.5,30.80500030517578,77.05999755859375,6.065,102.88899993896484
2024-10-10 01:00:00+00:00,2626.199951171875,30.674999237060547,76.80999755859375,6.0875,102.86100006103516
2024-10-10 02:00:00+00:00,2632.199951171875,30.825000762939453,77.16999816894531,6.0875,102.875
2024-10-10 03:00:00+00:00,2628.89990234375,30.704999923706055,77.12000274658203,6.08,102.86299896240234
2024-10-10 04:00:00+00:00,2631.0,30.7450008392334,77.16999816894531,6.085,102.89800262451172
2024-10-10 05:00:00+00:00,2630.10009765625,30.71500015258789,77.12999725341797,6.085,102.89399719238281
2024-10-10 06:00:00+00:00,2629.800048828125,30.69499969482422,76.94000244140625,6.08,102.88899993896484
2024-10-10 07:00:00+00:00,2633.89990234375,30.774999618530273,77.16000366210938,6.075,102.87899780273438
2024-10-10 08:00:00+00:00,2632.39990234375,30.719999313354492,77.12000274658203,6.075,102.927001953125
2024-10-10 09:00:00+00:00,2634.199951171875,30.825000762939453,77.62999725341797,6.075,102.89900207519531
2024-10-10 10:00:00+00:00,2634.89990234375,30.860000610351562,77.73999786376953,6.085,102.85099792480469
2024-10-10 11:00:00+00:00,2630.0,30.78499984741211,77.19999694824219,6.05,102.94000244140625
2024-10-10 12:00:00+00:00,2642.10009765625,30.899999618530273,78.02999877929688,6.03,102.80599975585938
2024-10-10 13:00:00+00:00,2644.199951171875,31.200000762939453,77.75,6.045,102.87699890136719
2024-10-10 14:00:00+00:00,2642.5,31.084999084472656,78.41999816894531,6.02,102.98400115966797
2024-10-10 15:00:00+00:00,2640.699951171875,31.184999465942383,78.88999938964844,6.0275,102.9469985961914
2024-10-10 16:00:00+00:00,2636.300048828125,31.174999237060547,79.30000305175781,6.045,103.11399841308594
2024-10-10 17:00:00+00:00,2641.0,31.25,79.51000213623047,6.045,103.00499725341797
2024-10-10 18:00:00+00:00,2643.60009765625,31.274999618530273,79.41999816894531,6.0275,102.98799896240234
2024-10-10 19:00:00+00:00,2646.5,31.34000015258789,79.41999816894531,6.0275,102.87699890136719
2024-10-10 20:00:00+00:00,2647.300048828125,31.375,79.0999984741211,6.0275,102.85399627685547
2024-10-10 21:00:00+00:00,2647.300048828125,31.375,79.0999984741211,6.0275,102.86000061035156
2024-10-10 22:00:00+00:00,2645.5,31.329999923706055,79.1500015258789,6.0275,102.87899780273438
2024-10-10 23:00:00+00:00,2650.60009765625,31.364999771118164,79.16999816894531,6.0275,102.89299774169922
2024-10-11 00:00:00+00:00,2651.10009765625,31.344999313354492,79.08999633789062,6.0725,102.84500122070312
2024-10-11 01:00:00+00:00,2655.0,31.44499969482422,79.04000091552734,6.07,102.91699981689453
2024-10-11 02:00:00+00:00,2659.300048828125,31.524999618530273,79.12000274658203,6.075,102.875
2024-10-11 03:00:00+00:00,2662.5,31.514999389648438,79.16000366210938,6.0475,102.86499786376953
2024-10-11 04:00:00+00:00,2662.699951171875,31.540000915527344,79.18000030517578,6.0425,102.89800262451172
2024-10-11 05:00:00+00:00,2661.800048828125,31.434999465942383,79.08000183105469,6.04,102.89800262451172
2024-10-11 06:00:00+00:00,2656.800048828125,31.31999969482422,78.44999694824219,6.0125,102.88300323486328
2024-10-11 07:00:00+00:00,2662.60009765625,31.385000228881836,78.52999877929688,6.03,102.83599853515625
2024-10-11 08:00:00+00:00,2656.39990234375,31.334999084472656,78.47000122070312,6.05,102.80000305175781
2024-10-11 09:00:00+00:00,2654.89990234375,31.329999923706055,78.7699966430664,6.0625,102.89299774169922
2024-10-11 10:00:00+00:00,2658.60009765625,31.395000457763672,78.70999908447266,6.0725,102.93499755859375
2024-10-11 11:00:00+00:00,2661.699951171875,31.415000915527344,78.73999786376953,6.0675,102.95600128173828
2024-10-11 12:00:00+00:00,2660.39990234375,31.44499969482422,78.70999908447266,6.055,102.92400360107422
2024-10-11 13:00:00+00:00,2666.89990234375,31.635000228881836,78.70999908447266,6.0675,102.89099884033203
2024-10-11 14:00:00+00:00,2670.39990234375,31.71500015258789,79.47000122070312,6.075,102.89199829101562
2024-10-11 15:00:00+00:00,2676.300048828125,31.825000762939453,79.0199966430664,6.0225,102.88899993896484
2024-10-11 16:00:00+00:00,2677.800048828125,31.795000076293945,78.94000244140625,5.9375,102.83999633789062
2024-10-11 17:00:00+00:00,2677.0,31.780000686645508,79.25,6.035,102.8479995727539
2024-10-11 18:00:00+00:00,2675.800048828125,31.795000076293945,78.98999786376953,5.995,102.88999938964844
2024-10-11 19:00:00+00:00,2672.89990234375,31.770000457763672,79.02999877929688,5.995,102.93499755859375
2024-10-11 20:00:00+00:00,2674.199951171875,31.735000610351562,78.93000030517578,5.995,102.91500091552734
2024-10-13 21:00:00+00:00,2674.199951171875,31.735000610351562,78.93000030517578,5.995,102.91500091552734
2024-10-13 22:00:00+00:00,2667.10009765625,31.389999389648438,77.81999969482422,5.995,103.01100158691406
2024-10-13 23:00:00+00:00,2664.699951171875,31.3799991607666,77.66000366210938,5.995,103.03500366210938
2024-10-14 00:00:00+00:00,2663.89990234375,31.489999771118164,77.98999786376953,5.99,103.04000091552734
2024-10-14 01:00:00+00:00,2663.10009765625,31.235000610351562,77.9000015258789,5.975,103.03700256347656
2024-10-14 02:00:00+00:00,2672.10009765625,31.395000457763672,78.06999969482422,5.975,103.03199768066406
2024-10-14 03:00:00+00:00,2672.60009765625,31.479999542236328,78.1500015258789,5.97,103.01399993896484
2024-10-14 04:00:00+00:00,2676.199951171875,31.53499984741211,78.12000274658203,5.97,103.0260009765625
2024-10-14 05:00:00+00:00,2676.0,31.6200008392334,78.08000183105469,5.9575,103.00399780273438
2024-10-14 06:00:00+00:00,2681.10009765625,31.700000762939453,77.94999694824219,5.95,103.01599884033203
2024-10-14 07:00:00+00:00,2677.39990234375,31.674999237060547,77.69999694824219,5.9175,103.01799774169922
2024-10-14 08:00:00+00:00,2676.39990234375,31.639999389648438,77.81999969482422,5.935,103.03500366210938
2024-10-14 09:00:00+00:00,2675.300048828125,31.575000762939453,77.0,5.98,103.04100036621094
2024-10-14 10:00:00+00:00,2673.10009765625,31.44499969482422,77.19999694824219,5.9975,103.09200286865234
2024-10-14 11:00:00+00:00,2669.199951171875,31.3700008392334,77.37000274658203,5.975,103.17500305175781
2024-10-14 12:00:00+00:00,2668.300048828125,31.389999389648438,77.36000061035156,5.96,103.22599792480469
2024-10-14 13:00:00+00:00,2672.10009765625,31.600000381469727,77.94000244140625,5.975,103.14099884033203
2024-10-14 14:00:00+00:00,2662.5,31.375,77.77999877929688,5.93,103.1729965209961
2024-10-14 15:00:00+00:00,2663.5,31.334999084472656,77.29000091552734,5.895,103.22799682617188
2024-10-14 16:00:00+00:00,2665.39990234375,31.364999771118164,77.61000061035156,5.8675,103.26499938964844
2024-10-14 17:00:00+00:00,2665.39990234375,31.3700008392334,77.69999694824219,5.845,103.24199676513672
2024-10-14 18:00:00+00:00,2666.0,31.375,77.51000213623047,5.865,103.2979965209961
2024-10-14 19:00:00+00:00,2669.300048828125,31.469999313354492,77.56999969482422,5.865,103.23300170898438
2024-10-14 20:00:00+00:00,2665.800048828125,31.399999618530273,75.38999938964844,5.865,103.1969985961914
2024-10-14 21:00:00+00:00,2665.800048828125,31.399999618530273,75.38999938964844,5.865,103.20099639892578
2024-10-14 22:00:00+00:00,2666.39990234375,31.454999923706055,75.5,5.865,103.21399688720703
2024-10-14 23:00:00+00:00,2665.800048828125,31.420000076293945,75.25,5.865,103.19100189208984
2024-10-15 00:00:00+00:00,2664.60009765625,31.3700008392334,75.38999938964844,5.825,103.18000030517578
2024-10-15 01:00:00+00:00,2664.699951171875,31.360000610351562,75.11000061035156,5.825,103.1760025024414
2024-10-15 02:00:00+00:00,2668.10009765625,31.454999923706055,75.1500015258789,5.8175,103.2229995727539
2024-10-15 03:00:00+00:00,2661.800048828125,31.329999923706055,75.19000244140625,5.81,103.27799987792969
2024-10-15 04:00:00+00:00,2660.699951171875,31.299999237060547,75.06999969482422,5.815,103.3030014038086
2024-10-15 05:00:00+00:00,2658.39990234375,31.174999237060547,74.5,5.7875,103.30899810791016
2024-10-15 06:00:00+00:00,2665.0,31.309999465942383,74.75,5.8025,103.26599884033203
2024-10-15 07:00:00+00:00,2667.39990234375,31.290000915527344,74.5,5.8,103.19999694824219
2024-10-15 08:00:00+00:00,2670.5,31.364999771118164,74.08999633789062,5.8125,103.10299682617188
2024-10-15 09:00:00+00:00,2670.300048828125,31.360000610351562,73.5199966430664,5.8125,103.05699920654297
2024-10-15 10:00:00+00:00,2669.60009765625,31.325000762939453,73.9000015258789,5.8025,103.13800048828125
2024-10-15 11:00:00+00:00,2664.5,31.315000534057617,74.41000366210938,5.85,103.17900085449219
2024-10-15 12:00:00+00:00,2664.800048828125,31.174999237060547,74.33000183105469,5.8175,103.09100341796875
2024-10-15 13:00:00+00:00,2664.89990234375,31.399999618530273,74.05999755859375,5.8225,103.09400177001953
2024-10-15 14:00:00+00:00,2676.39990234375,31.719999313354492,73.72000122070312,5.825,103.12999725341797
2024-10-15 15:00:00+00:00,2681.300048828125,31.665000915527344,73.4800033569336,5.815,103.16999816894531
2024-10-15 16:00:00+00:00,2678.699951171875,31.7450008392334,74.26000213623047,5.8,103.26300048828125
2024-10-15 17:00:00+00:00,2680.39990234375,31.719999313354492,73.98999786376953,5.8,103.3010025024414
2024-10-15 18:00:00+00:00,2681.89990234375,31.7549991607666,74.62999725341797,5.8125,103.26100158691406
2024-10-15 19:00:00+00:00,2678.300048828125,31.684999465942383,74.5999984741211,5.8125,103.25499725341797
2024-10-15 20:00:00+00:00,2679.39990234375,31.690000534057617,74.69999694824219,5.8125,103.20999908447266
2024-10-15 21:00:00+00:00,2679.39990234375,31.690000534057617,74.69999694824219,5.8125,103.2020034790039
2024-10-15 22:00:00+00:00,2678.60009765625,31.674999237060547,74.62000274658203,5.8125,103.22699737548828
2024-10-15 23:00:00+00:00,2676.800048828125,31.655000686645508,74.72000122070312,5.8125,103.26000213623047
2024-10-16 00:00:00+00:00,2676.5,31.665000915527344,74.5199966430664,5.8125,103.26799774169922
2024-10-16 01:00:00+00:00,2684.199951171875,31.7549991607666,74.61000061035156,5.8225,103.19300079345703
2024-10-16 02:00:00+00:00,2684.39990234375,31.825000762939453,74.43000030517578,5.8175,103.18800354003906
2024-10-16 03:00:00+00:00,2683.39990234375,31.78499984741211,74.45999908447266,5.82,103.20899963378906
2024-10-16 04:00:00+00:00,2683.10009765625,31.844999313354492,74.54000091552734,5.82,103.22699737548828
2024-10-16 05:00:00+00:00,2685.89990234375,31.809999465942383,74.51000213623047,5.8175,103.24800109863281
2024-10-16 06:00:00+00:00,2693.800048828125,31.985000610351562,74.44000244140625,5.7775,103.37999725341797
2024-10-16 07:00:00+00:00,2692.5,31.9950008392334,74.33000183105469,5.7775,103.36299896240234
2024-10-16 08:00:00+00:00,2696.199951171875,32.03499984741211,74.2699966430664,5.7775,103.35900115966797
2024-10-16 09:00:00+00:00,2696.699951171875,32.09000015258789,74.33000183105469,5.77,103.26300048828125
2024-10-16 10:00:00+00:00,2691.0,31.975000381469727,73.83999633789062,5.7675,103.3030014038086
2024-10-16 11:00:00+00:00,2694.800048828125,32.060001373291016,73.9000015258789,5.765,103.23500061035156
2024-10-16 12:00:00+00:00,2698.199951171875,32.119998931884766,74.48999786376953,5.76,103.31900024414062
2024-10-16 13:00:00+00:00,2691.5,32.130001068115234,73.95999908447266,5.84,103.29100036621094
2024-10-16 14:00:00+00:00,2688.699951171875,32.025001525878906,74.02999877929688,5.8475,103.41400146484375
2024-10-16 15:00:00+00:00,2686.300048828125,31.850000381469727,74.16999816894531,5.85,103.4739990234375
2024-10-16 16:00:00+00:00,2690.39990234375,31.950000762939453,74.13999938964844,5.845,103.49099731445312
2024-10-16 17:00:00+00:00,2691.699951171875,31.954999923706055,74.22000122070312,5.8625,103.53700256347656
2024-10-16 18:00:00+00:00,2691.300048828125,31.96500015258789,74.26000213623047,5.8425,103.58999633789062
2024-10-16 19:00:00+00:00,2691.0,31.915000915527344,74.33999633789062,5.8425,103.56300354003906
2024-10-16 20:00:00+00:00,2690.39990234375,31.889999389648438,74.5,5.8425,103.52400207519531
2024-10-16 21:00:00+00:00,2690.39990234375,31.889999389648438,74.5,5.8425,103.50599670410156
2024-10-16 22:00:00+00:00,2689.300048828125,31.889999389648438,74.47000122070312,5.8425,103.52200317382812
2024-10-16 23:00:00+00:00,2689.699951171875,31.93000030517578,74.5199966430664,5.8425,103.54000091552734
2024-10-17 00:00:00+00:00,2693.39990234375,32.005001068115234,74.68000030517578,5.8725,103.51799774169922
2024-10-17 01:00:00+00:00,2698.60009765625,32.04499816894531,74.7699966430664,5.8775,103.49400329589844
2024-10-17 02:00:00+00:00,2697.199951171875,31.864999771118164,74.44999694824219,5.8625,103.50800323486328
2024-10-17 03:00:00+00:00,2692.5,31.735000610351562,74.43000030517578,5.8625,103.58499908447266
2024-10-17 04:00:00+00:00,2694.699951171875,31.795000076293945,74.48999786376953,5.8625,103.58899688720703
2024-10-17 05:00:00+00:00,2699.199951171875,31.825000762939453,74.41000366210938,5.85,103.5770034790039
2024-10-17 06:00:00+00:00,2696.800048828125,31.670000076293945,73.91000366210938,5.8425,103.625
2024-10-17 07:00:00+00:00,2697.199951171875,31.739999771118164,74.0199966430664,5.855,103.61399841308594
2024-10-17 08:00:00+00:00,2697.300048828125,31.80500030517578,74.33999633789062,5.8625,103.63800048828125
2024-10-17 09:00:00+00:00,2695.10009765625,31.770000457763672,74.4800033569336,5.8275,103.56700134277344
2024-10-17 10:00:00+00:00,2702.800048828125,32.0,74.23999786376953,5.82,103.50900268554688
2024-10-17 11:00:00+00:00,2696.89990234375,31.954999923706055,74.27999877929688,5.815,103.49099731445312
2024-10-17 12:00:00+00:00,2695.800048828125,31.885000228881836,74.33999633789062,5.8225,103.65599822998047
2024-10-17 13:00:00+00:00,2704.300048828125,31.96500015258789,74.44999694824219,5.84,103.70999908447266
2024-10-17 14:00:00+00:00,2711.39990234375,32.1150016784668,74.31999969482422,5.77,103.7699966430664
2024-10-17 15:00:00+00:00,2709.0,31.850000381469727,74.23999786376953,5.83,103.72899627685547
2024-10-17 16:00:00+00:00,2707.60009765625,31.799999237060547,74.0199966430664,5.915,103.80599975585938
2024-10-17 17:00:00+00:00,2707.39990234375,31.815000534057617,74.13999938964844,5.905,103.80799865722656
2024-10-17 18:00:00+00:00,2704.89990234375,31.834999084472656,74.37000274658203,5.9,103.82499694824219
2024-10-17 19:00:00+00:00,2707.199951171875,31.860000610351562,74.54000091552734,5.9,103.79900360107422
2024-10-17 20:00:00+00:00,2708.300048828125,31.8700008392334,74.51000213623047,5.9,103.7760009765625
2024-10-17 21:00:00+00:00,2708.300048828125,31.8700008392334,74.51000213623047,5.9,103.76599884033203
2024-10-17 22:00:00+00:00,2707.699951171875,31.895000457763672,74.55999755859375,5.9,103.76599884033203
2024-10-17 23:00:00+00:00,2708.89990234375,31.959999084472656,74.5999984741211,5.9,103.77899932861328
2024-10-18 00:00:00+00:00,2708.199951171875,31.899999618530273,74.66000366210938,5.92,103.7750015258789
2024-10-18 01:00:00+00:00,2720.0,32.1349983215332,74.4800033569336,5.9325,103.72899627685547
2024-10-18 02:00:00+00:00,2723.199951171875,32.220001220703125,74.70999908447266,5.9275,103.69100189208984
2024-10-18 03:00:00+00:00,2725.199951171875,32.16999816894531,74.54000091552734,5.93,103.69100189208984
2024-10-18 04:00:00+00:00,2725.39990234375,32.21500015258789,74.68000030517578,5.945,103.68000030517578
2024-10-18 05:00:00+00:00,2726.5,32.33000183105469,74.72000122070312,5.95,103.65399932861328
2024-10-18 06:00:00+00:00,2723.0,32.14500045776367,74.80000305175781,5.94,103.625
2024-10-18 07:00:00+00:00,2717.60009765625,32.189998626708984,74.45999908447266,5.925,103.66000366210938
2024-10-18 08:00:00+00:00,2721.60009765625,32.20000076293945,74.37999725341797,5.9075,103.6709976196289
2024-10-18 09:00:00+00:00,2726.39990234375,32.27000045776367,74.36000061035156,5.8825,103.6449966430664
2024-10-18 10:00:00+00:00,2728.0,32.34000015258789,74.08000183105469,5.88,103.63200378417969
2024-10-18 11:00:00+00:00,2725.10009765625,32.26499938964844,74.29000091552734,5.88,103.62300109863281
2024-10-18 12:00:00+00:00,2724.800048828125,32.505001068115234,74.0999984741211,5.8425,103.54100036621094
2024-10-18 13:00:00+00:00,2728.89990234375,32.73500061035156,73.51000213623047,5.7575,103.5479965209961
2024-10-18 14:00:00+00:00,2732.39990234375,32.665000915527344,72.94000244140625,5.7175,103.552001953125
2024-10-18 15:00:00+00:00,2730.0,32.845001220703125,72.91999816894531,5.71,103.58799743652344
2024-10-18 16:00:00+00:00,2732.800048828125,33.084999084472656,73.41000366210938,5.705,103.46600341796875
2024-10-18 17:00:00+00:00,2731.300048828125,33.30500030517578,73.52999877929688,5.7225,103.5199966430664
2024-10-18 18:00:00+00:00,2735.60009765625,33.79499816894531,73.0999984741211,5.73,103.49299621582031
2024-10-18 19:00:00+00:00,2734.89990234375,33.83000183105469,73.2699966430664,5.73,103.5
2024-10-18 20:00:00+00:00,2736.39990234375,33.92499923706055,73.16000366210938,5.73,103.46399688720703
2024-10-20 21:00:00+00:00,2736.39990234375,33.92499923706055,73.16000366210938,5.73,103.46399688720703
2024-10-20 22:00:00+00:00,2738.699951171875,34.099998474121094,73.01000213623047,5.73,103.46299743652344
2024-10-20 23:00:00+00:00,2738.60009765625,34.0099983215332,73.16999816894531,5.73,103.46800231933594
2024-10-21 00:00:00+00:00,2736.60009765625,33.79499816894531,73.30999755859375,5.74,103.4800033569336
2024-10-21 01:00:00+00:00,2741.300048828125,34.025001525878906,72.87999725341797,5.73,103.45600128173828
2024-10-21 02:00:00+00:00,2745.60009765625,34.310001373291016,73.19000244140625,5.7425,103.45899963378906
2024-10-21 03:00:00+00:00,2746.699951171875,34.29499816894531,73.38999938964844,5.74,103.4469985961914
2024-10-21 04:00:00+00:00,2745.300048828125,34.22999954223633,73.47000122070312,5.7425,103.51499938964844
2024-10-21 05:00:00+00:00,2740.0,34.04999923706055,73.2300033569336,5.7425,103.51100158691406
2024-10-21 06:00:00+00:00,2745.300048828125,34.279998779296875,73.41999816894531,5.75,103.60600280761719
2024-10-21 07:00:00+00:00,2745.5,34.25,73.5999984741211,5.755,103.64399719238281
2024-10-21 08:00:00+00:00,2746.300048828125,34.22999954223633,73.75,5.75,103.60800170898438
2024-10-21 09:00:00+00:00,2749.300048828125,34.2400016784668,74.08999633789062,5.76,103.67900085449219
2024-10-21 10:00:00+00:00,2748.300048828125,34.209999084472656,74.38999938964844,5.7475,103.66300201416016
2024-10-21 11:00:00+00:00,2749.39990234375,34.224998474121094,74.41999816894531,5.7475,103.6050033569336
2024-10-21 12:00:00+00:00,2753.39990234375,34.400001525878906,74.30999755859375,5.73,103.58200073242188
2024-10-21 13:00:00+00:00,2753.800048828125,34.275001525878906,74.19999694824219,5.825,103.6719970703125
2024-10-21 14:00:00+00:00,2739.89990234375,33.939998626708984,73.69999694824219,5.8025,103.79100036621094
2024-10-21 15:00:00+00:00,2734.800048828125,33.880001068115234,74.12999725341797,5.78,103.93499755859375
2024-10-21 16:00:00+00:00,2738.300048828125,34.04999923706055,74.20999908447266,5.7325,103.93399810791016
2024-10-21 17:00:00+00:00,2737.5,34.02000045776367,74.43000030517578,5.74,103.96299743652344
2024-10-21 18:00:00+00:00,2730.699951171875,33.81999969482422,74.25,5.7275,104.01200103759766
2024-10-21 19:00:00+00:00,2734.699951171875,34.02000045776367,74.05000305175781,5.7275,103.97899627685547
2024-10-21 20:00:00+00:00,2734.5,33.9900016784668,74.0,5.7275,103.98600006103516
2024-10-21 21:00:00+00:00,2734.5,33.9900016784668,74.0,5.7275,103.96900177001953
2024-10-21 22:00:00+00:00,2735.10009765625,34.03499984741211,74.19000244140625,5.7275,103.96299743652344
2024-10-21 23:00:00+00:00,2735.800048828125,34.03499984741211,74.23999786376953,5.7275,103.96099853515625
2024-10-22 00:00:00+00:00,2738.89990234375,34.02000045776367,74.05000305175781,5.7075,103.96099853515625
2024-10-22 01:00:00+00:00,2742.300048828125,34.084999084472656,73.9800033569336,5.67,103.93299865722656
2024-10-22 02:00:00+00:00,2743.199951171875,34.119998931884766,73.93000030517578,5.6625,103.9749984741211
2024-10-22 03:00:00+00:00,2745.699951171875,34.2599983215332,74.06999969482422,5.6675,103.9530029296875
2024-10-22 04:00:00+00:00,2749.0,34.38999938964844,73.94999694824219,5.67,103.93399810791016
2024-10-22 05:00:00+00:00,2744.89990234375,34.209999084472656,73.9000015258789,5.665,103.93499755859375
2024-10-22 06:00:00+00:00,2749.300048828125,34.34000015258789,74.05999755859375,5.6675,103.88999938964844
2024-10-22 07:00:00+00:00,2747.89990234375,34.40999984741211,73.83000183105469,5.7,103.83200073242188
2024-10-22 08:00:00+00:00,2749.10009765625,34.439998626708984,74.06999969482422,5.695,103.91600036621094
2024-10-22 09:00:00+00:00,2745.89990234375,34.375,74.80000305175781,5.69,103.99299621582031
2024-10-22 10:00:00+00:00,2753.199951171875,34.630001068115234,74.93000030517578,5.7,103.90499877929688
2024-10-22 11:00:00+00:00,2746.5,34.53499984741211,74.87000274658203,5.6725,103.96700286865234
2024-10-22 12:00:00+00:00,2750.5,34.709999084472656,74.8499984741211,5.7,104.02300262451172
2024-10-22 13:00:00+00:00,2750.300048828125,34.584999084472656,75.4000015258789,5.7275,104.04499816894531
2024-10-22 14:00:00+00:00,2756.300048828125,34.73500061035156,75.51000213623047,5.74,104.01599884033203
2024-10-22 15:00:00+00:00,2752.199951171875,34.744998931884766,76.0,5.7775,104.0719985961914
2024-10-22 16:00:00+00:00,2759.699951171875,35.0099983215332,75.98999786376953,5.76,104.04199981689453
2024-10-22 17:00:00+00:00,2761.39990234375,35.064998626708984,75.80999755859375,5.7575,104.0459976196289
2024-10-22 18:00:00+00:00,2759.10009765625,34.904998779296875,75.94999694824219,5.76,104.07499694824219
2024-10-22 19:00:00+00:00,2762.800048828125,35.0,75.7699966430664,5.76,104.10299682617188
2024-10-22 20:00:00+00:00,2763.10009765625,35.060001373291016,75.5999984741211,5.76,104.07599639892578
2024-10-22 21:00:00+00:00,2763.10009765625,35.060001373291016,75.5999984741211,5.76,104.07599639892578
2024-10-22 22:00:00+00:00,2761.300048828125,34.98500061035156,75.68000030517578,5.76,104.06500244140625
2024-10-22 23:00:00+00:00,2760.60009765625,34.91999816894531,75.68000030517578,5.76,104.10199737548828
2024-10-23 00:00:00+00:00,2759.5,34.86000061035156,75.7699966430664,5.735,104.1520004272461
2024-10-23 01:00:00+00:00,2753.0,34.67499923706055,75.7699966430664,5.73,104.16999816894531
2024-10-23 02:00:00+00:00,2753.300048828125,34.75,75.8499984741211,5.7225,104.10399627685547
2024-10-23 03:00:00+00:00,2760.199951171875,34.86000061035156,75.9000015258789,5.7175,104.125
2024-10-23 04:00:00+00:00,2763.800048828125,34.939998626708984,75.93000030517578,5.725,104.15499877929688
2024-10-23 05:00:00+00:00,2765.39990234375,34.939998626708984,75.94000244140625,5.735,104.13200378417969
2024-10-23 06:00:00+00:00,2764.60009765625,34.834999084472656,75.5999984741211,5.73,104.26000213623047
2024-10-23 07:00:00+00:00,2769.0,34.869998931884766,75.54000091552734,5.735,104.33799743652344
2024-10-23 08:00:00+00:00,2770.89990234375,34.86000061035156,75.36000061035156,5.7275,104.28399658203125
2024-10-23 09:00:00+00:00,2764.800048828125,34.814998626708984,75.19999694824219,5.7075,104.35700225830078
2024-10-23 10:00:00+00:00,2764.699951171875,34.7400016784668,74.58000183105469,5.6925,104.40299987792969
2024-10-23 11:00:00+00:00,2763.89990234375,34.70500183105469,74.7300033569336,5.67,104.53800201416016
2024-10-23 12:00:00+00:00,2757.300048828125,34.540000915527344,74.83999633789062,5.69,104.47799682617188
2024-10-23 13:00:00+00:00,2751.199951171875,34.220001220703125,75.43000030517578,5.7175,104.47100067138672
2024-10-23 14:00:00+00:00,2731.5,33.89500045776367,75.0199966430664,5.7525,104.48100280761719
2024-10-23 15:00:00+00:00,2735.39990234375,33.974998474121094,74.95999908447266,5.7875,104.42900085449219
2024-10-23 16:00:00+00:00,2732.89990234375,33.849998474121094,74.8499984741211,5.815,104.48699951171875
2024-10-23 17:00:00+00:00,2730.300048828125,33.82500076293945,75.04000091552734,5.7925,104.52200317382812
2024-10-23 18:00:00+00:00,2727.60009765625,33.75,74.98999786376953,5.785,104.43099975585938
2024-10-23 19:00:00+00:00,2729.699951171875,33.85499954223633,75.22000122070312,5.785,104.3759994506836
2024-10-23 20:00:00+00:00,2729.0,33.8849983215332,75.2699966430664,5.785,104.4229965209961
2024-10-23 21:00:00+00:00,2729.0,33.8849983215332,75.2699966430664,5.785,104.41600036621094
2024-10-23 22:00:00+00:00,2731.0,33.93000030517578,75.31999969482422,5.785,104.4229965209961
2024-10-23 23:00:00+00:00,2734.0,33.9900016784668,75.4000015258789,5.785,104.44499969482422
2024-10-24 00:00:00+00:00,2734.0,34.005001068115234,75.7699966430664,5.8025,104.35900115966797
2024-10-24 01:00:00+00:00,2736.699951171875,33.97999954223633,75.80000305175781,5.8075,104.40499877929688
2024-10-24 02:00:00+00:00,2736.39990234375,34.064998626708984,75.93000030517578,5.8075,104.3489990234375
2024-10-24 03:00:00+00:00,2736.0,34.06999969482422,75.83999633789062,5.795,104.35199737548828
2024-10-24 04:00:00+00:00,2739.5,34.099998474121094,75.83999633789062,5.7825,104.28700256347656
2024-10-24 05:00:00+00:00,2741.60009765625,34.11000061035156,75.75,5.7825,104.3219985961914
2024-10-24 06:00:00+00:00,2747.699951171875,34.30500030517578,75.70999908447266,5.7925,104.32099914550781
2024-10-24 07:00:00+00:00,2746.300048828125,34.349998474121094,76.12999725341797,5.795,104.23400115966797
2024-10-24 08:00:00+00:00,2749.39990234375,34.400001525878906,76.13999938964844,5.8025,104.1719970703125
2024-10-24 09:00:00+00:00,2749.300048828125,34.43000030517578,76.37999725341797,5.795,104.2030029296875
2024-10-24 10:00:00+00:00,2749.39990234375,34.279998779296875,75.70999908447266,5.7875,104.1729965209961
2024-10-24 11:00:00+00:00,2751.199951171875,34.255001068115234,75.2300033569336,5.7675,104.21199798583984
2024-10-24 12:00:00+00:00,2751.89990234375,34.26499938964844,75.36000061035156,5.7925,104.20800018310547
2024-10-24 13:00:00+00:00,2746.39990234375,34.060001373291016,75.45999908447266,5.815,104.20500183105469
2024-10-24 14:00:00+00:00,2745.300048828125,33.89500045776367,74.45999908447266,5.775,104.22000122070312
2024-10-24 15:00:00+00:00,2743.89990234375,33.69499969482422,74.19999694824219,5.7825,104.18399810791016
2024-10-24 16:00:00+00:00,2746.699951171875,33.77000045776367,74.13999938964844,5.8,104.13700103759766
2024-10-24 17:00:00+00:00,2748.5,33.810001373291016,74.30999755859375,5.81,104.05500030517578
2024-10-24 18:00:00+00:00,2748.39990234375,33.82500076293945,74.48999786376953,5.8175,104.05799865722656
2024-10-24 19:00:00+00:00,2749.699951171875,33.83000183105469,74.75,5.8175,104.0199966430664
2024-10-24 20:00:00+00:00,2748.800048828125,33.8650016784668,74.55000305175781,5.8175,104.0250015258789
2024-10-24 21:00:00+00:00,2748.800048828125,33.8650016784668,74.55000305175781,5.8175,104.01899719238281
2024-10-24 22:00:00+00:00,2746.800048828125,33.82500076293945,74.58999633789062,5.8175,104.01799774169922
2024-10-24 23:00:00+00:00,2746.0,33.83000183105469,74.58999633789062,5.8175,104.06099700927734
2024-10-25 00:00:00+00:00,2744.39990234375,33.849998474121094,74.75,5.8325,104.08899688720703
2024-10-25 01:00:00+00:00,2742.5,33.7599983215332,74.55000305175781,5.8275,104.06199645996094
2024-10-25 02:00:00+00:00,2740.89990234375,33.685001373291016,74.62999725341797,5.83,104.03900146484375
2024-10-25 03:00:00+00:00,2738.39990234375,33.60499954223633,74.54000091552734,5.8375,104.08000183105469
2024-10-25 04:00:00+00:00,2738.300048828125,33.619998931884766,74.5199966430664,5.83,104.06199645996094
2024-10-25 05:00:00+00:00,2741.199951171875,33.709999084472656,74.55999755859375,5.795,104.06199645996094
2024-10-25 06:00:00+00:00,2744.699951171875,33.724998474121094,74.69000244140625,5.7875,104.11799621582031
2024-10-25 07:00:00+00:00,2739.10009765625,33.56999969482422,74.3499984741211,5.7975,104.06600189208984
2024-10-25 08:00:00+00:00,2732.0,33.38999938964844,74.45999908447266,5.7675,104.06800079345703
2024-10-25 09:00:00+00:00,2733.39990234375,33.35499954223633,74.37999725341797,5.76,104.07099914550781
2024-10-25 10:00:00+00:00,2734.60009765625,33.39500045776367,74.8499984741211,5.74,104.05000305175781
2024-10-25 11:00:00+00:00,2736.60009765625,33.40999984741211,74.55000305175781,5.7325,104.05500030517578
2024-10-25 12:00:00+00:00,2744.0,33.66999816894531,74.94000244140625,5.735,103.95099639892578
2024-10-25 13:00:00+00:00,2740.199951171875,33.73500061035156,75.44999694824219,5.7025,104.00299835205078
2024-10-25 14:00:00+00:00,2751.300048828125,34.06999969482422,74.80000305175781,5.68,104.03099822998047
2024-10-25 15:00:00+00:00,2749.89990234375,33.97999954223633,75.83999633789062,5.6625,104.1719970703125
2024-10-25 16:00:00+00:00,2751.89990234375,33.775001525878906,75.55000305175781,5.68,104.22899627685547
2024-10-25 17:00:00+00:00,2757.0,33.880001068115234,75.87999725341797,5.6825,104.2490005493164
2024-10-25 18:00:00+00:00,2754.89990234375,33.78499984741211,75.61000061035156,5.695,104.25700378417969
2024-10-25 19:00:00+00:00,2755.300048828125,33.76499938964844,75.95999908447266,5.695,104.31999969482422
2024-10-25 20:00:00+00:00,2760.800048828125,33.88999938964844,75.52999877929688,5.695,104.31900024414062
2024-10-27 21:00:00+00:00,2760.800048828125,33.88999938964844,75.52999877929688,5.695,104.31700134277344
2024-10-27 22:00:00+00:00,2746.699951171875,33.65999984741211,72.43000030517578,5.695,104.38899993896484
2024-10-27 23:00:00+00:00,2748.0,33.77000045776367,72.97000122070312,5.695,104.38600158691406
2024-10-28 00:00:00+00:00,2744.800048828125,33.689998626708984,72.98999786376953,5.6175,104.45700073242188
2024-10-28 01:00:00+00:00,2744.699951171875,33.630001068115234,72.77999877929688,5.63,104.51300048828125
2024-10-28 02:00:00+00:00,2746.5,33.584999084472656,72.33999633789062,5.6425,104.50900268554688
2024-10-28 03:00:00+00:00,2742.300048828125,33.45500183105469,72.33000183105469,5.645,104.55999755859375
2024-10-28 04:00:00+00:00,2744.89990234375,33.48500061035156,72.30000305175781,5.6425,104.52300262451172
2024-10-28 05:00:00+00:00,2750.39990234375,33.63999938964844,72.25,5.6475,104.50900268554688
2024-10-28 06:00:00+00:00,2752.699951171875,33.78499984741211,72.91000366210938,5.6525,104.43800354003906
2024-10-28 07:00:00+00:00,2751.39990234375,33.7400016784668,72.51000213623047,5.665,104.35299682617188
2024-10-28 08:00:00+00:00,2744.39990234375,33.650001525878906,72.16000366210938,5.6675,104.24500274658203
2024-10-28 09:00:00+00:00,2741.5,33.5,71.08000183105469,5.6725,104.26799774169922
2024-10-28 10:00:00+00:00,2744.300048828125,33.58000183105469,71.66999816894531,5.6875,104.19499969482422
2024-10-28 11:00:00+00:00,2744.5,33.57500076293945,71.2300033569336,5.705,104.18699645996094
2024-10-28 12:00:00+00:00,2746.800048828125,33.7599983215332,71.05000305175781,5.685,104.2040023803711
2024-10-28 13:00:00+00:00,2753.10009765625,33.93000030517578,72.08999633789062,5.63,104.18399810791016
2024-10-28 14:00:00+00:00,2756.5,34.08000183105469,72.2699966430664,5.65,104.18000030517578
2024-10-28 15:00:00+00:00,2753.39990234375,33.85499954223633,71.68000030517578,5.63,104.26499938964844
2024-10-28 16:00:00+00:00,2755.10009765625,33.970001220703125,71.76000213623047,5.62,104.28600311279297
2024-10-28 17:00:00+00:00,2755.89990234375,33.93000030517578,71.38999938964844,5.5875,104.2969970703125
2024-10-28 18:00:00+00:00,2754.39990234375,33.845001220703125,71.22000122070312,5.5925,104.31600189208984
2024-10-28 19:00:00+00:00,2754.699951171875,33.8650016784668,71.56999969482422,5.5925,104.28299713134766
2024-10-28 20:00:00+00:00,2754.699951171875,33.849998474121094,71.61000061035156,5.5925,104.31199645996094
2024-10-28 21:00:00+00:00,2754.699951171875,33.849998474121094,71.61000061035156,5.5925,104.29499816894531
2024-10-28 22:00:00+00:00,2754.10009765625,33.79999923706055,71.62000274658203,5.5925,104.30400085449219
2024-10-28 23:00:00+00:00,2756.199951171875,33.8650016784668,71.5999984741211,5.5925,104.26300048828125
2024-10-29 00:00:00+00:00,2758.0,33.8849983215332,71.4000015258789,5.595,104.26499938964844
2024-10-29 01:00:00+00:00,2764.60009765625,34.10499954223633,71.23999786376953,5.6,104.25499725341797
2024-10-29 02:00:00+00:00,2765.300048828125,34.11000061035156,71.22000122070312,5.6025,104.28399658203125
2024-10-29 03:00:00+00:00,2763.800048828125,34.05500030517578,71.04000091552734,5.595,104.3280029296875
2024-10-29 04:00:00+00:00,2766.800048828125,34.1150016784668,71.08000183105469,5.6025,104.31400299072266
2024-10-29 05:00:00+00:00,2762.0,33.95000076293945,71.0,5.59,104.28700256347656
2024-10-29 06:00:00+00:00,2767.800048828125,34.07500076293945,70.9000015258789,5.585,104.29000091552734
2024-10-29 07:00:00+00:00,2764.300048828125,34.11000061035156,71.31999969482422,5.605,104.31800079345703
2024-10-29 08:00:00+00:00,2767.0,34.290000915527344,71.37000274658203,5.61,104.27400207519531
2024-10-29 09:00:00+00:00,2764.39990234375,34.26499938964844,71.5199966430664,5.615,104.27799987792969
2024-10-29 10:00:00+00:00,2762.300048828125,34.310001373291016,71.70999908447266,5.6375,104.34500122070312
2024-10-29 11:00:00+00:00,2764.0,34.31999969482422,71.80000305175781,5.6325,104.4209976196289
2024-10-29 12:00:00+00:00,2761.39990234375,34.189998626708984,71.66000366210938,5.63,104.58699798583984
2024-10-29 13:00:00+00:00,2773.39990234375,34.45000076293945,71.19999694824219,5.675,104.51200103759766
2024-10-29 14:00:00+00:00,2781.800048828125,34.60499954223633,71.0999984741211,5.69,104.38600158691406
2024-10-29 15:00:00+00:00,2776.300048828125,34.41999816894531,70.68000030517578,5.725,104.41300201416016
2024-10-29 16:00:00+00:00,2781.60009765625,34.439998626708984,70.73999786376953,5.72,104.42900085449219
2024-10-29 17:00:00+00:00,2782.10009765625,34.505001068115234,70.77999877929688,5.715,104.37000274658203
2024-10-29 18:00:00+00:00,2785.5,34.60499954223633,70.70999908447266,5.7175,104.31600189208984
2024-10-29 19:00:00+00:00,2784.60009765625,34.61000061035156,70.80999755859375,5.7175,104.30699920654297
2024-10-29 20:00:00+00:00,2787.39990234375,34.625,71.02999877929688,5.7175,104.26499938964844
2024-10-29 21:00:00+00:00,2787.39990234375,34.625,71.02999877929688,5.7175,104.27999877929688
2024-10-29 22:00:00+00:00,2787.0,34.619998931884766,71.01000213623047,5.7175,104.28299713134766
2024-10-29 23:00:00+00:00,2787.300048828125,34.650001525878906,70.9800033569336,5.7175,104.25199890136719
2024-10-30 00:00:00+00:00,2790.300048828125,34.619998931884766,70.87000274658203,5.73,104.23300170898438
2024-10-30 01:00:00+00:00,2793.89990234375,34.6150016784668,71.0999984741211,5.735,104.23300170898438
2024-10-30 02:00:00+00:00,2792.699951171875,34.560001373291016,70.9800033569336,5.735,104.27100372314453
2024-10-30 03:00:00+00:00,2791.199951171875,34.400001525878906,71.12000274658203,5.73,104.30999755859375
2024-10-30 04:00:00+00:00,2792.199951171875,34.3650016784668,71.13999938964844,5.73,104.2969970703125
2024-10-30 05:00:00+00:00,2796.0,34.41999816894531,71.20999908447266,5.735,104.28900146484375
2024-10-30 06:00:00+00:00,2799.199951171875,34.48500061035156,71.33999633789062,5.74,104.22899627685547
2024-10-30 07:00:00+00:00,2794.300048828125,34.30500030517578,71.2699966430664,5.7275,104.2699966430664
2024-10-30 08:00:00+00:00,2794.0,34.345001220703125,71.2699966430664,5.7325,104.11399841308594
2024-10-30 09:00:00+00:00,2796.5,34.43000030517578,71.16999816894531,5.6975,104.12799835205078
2024-10-30 10:00:00+00:00,2792.10009765625,34.2400016784668,71.29000091552734,5.6475,104.18299865722656
2024-10-30 11:00:00+00:00,2790.300048828125,34.20000076293945,71.51000213623047,5.655,104.26599884033203
2024-10-30 12:00:00+00:00,2794.300048828125,34.209999084472656,71.93000030517578,5.6775,104.39199829101562
2024-10-30 13:00:00+00:00,2789.60009765625,33.904998779296875,71.75,5.725,104.11799621582031
2024-10-30 14:00:00+00:00,2792.10009765625,33.959999084472656,72.02999877929688,5.7975,104.125
2024-10-30 15:00:00+00:00,2796.60009765625,34.099998474121094,72.41000366210938,5.7275,104.00399780273438
2024-10-30 16:00:00+00:00,2797.10009765625,34.0099983215332,72.13999938964844,5.7725,104.01899719238281
2024-10-30 17:00:00+00:00,2800.300048828125,34.040000915527344,71.94000244140625,5.75,104.01799774169922
2024-10-30 18:00:00+00:00,2799.39990234375,34.02000045776367,72.27999877929688,5.7275,103.99400329589844
2024-10-30 19:00:00+00:00,2799.0,33.939998626708984,72.43000030517578,5.7275,104.06700134277344
2024-10-30 20:00:00+00:00,2799.10009765625,33.935001373291016,72.63999938964844,5.7275,104.11900329589844
2024-10-30 21:00:00+00:00,2799.10009765625,33.935001373291016,72.63999938964844,5.7275,104.0979995727539
2024-10-30 22:00:00+00:00,2798.300048828125,33.904998779296875,72.5199966430664,5.7275,104.09700012207031
2024-10-30 23:00:00+00:00,2796.39990234375,33.8849983215332,72.51000213623047,5.7275,104.09700012207031
2024-10-31 00:00:00+00:00,2798.699951171875,33.9900016784668,72.51000213623047,5.6975,104.16400146484375
2024-10-31 01:00:00+00:00,2795.800048828125,33.869998931884766,72.37999725341797,5.6825,104.21499633789062
2024-10-31 02:00:00+00:00,2798.0,33.82500076293945,72.48999786376953,5.675,104.18199920654297
2024-10-31 03:00:00+00:00,2795.60009765625,33.7599983215332,72.55000305175781,5.6675,104.1449966430664
2024-10-31 04:00:00+00:00,2795.5,33.69499969482422,72.62000274658203,5.6675,104.13800048828125
2024-10-31 05:00:00+00:00,2796.300048828125,33.845001220703125,72.63999938964844,5.6775,104.10199737548828
2024-10-31 06:00:00+00:00,2790.800048828125,33.79499816894531,72.55999755859375,5.685,104.0199966430664
2024-10-31 07:00:00+00:00,2792.800048828125,33.8650016784668,72.31999969482422,5.6925,103.96199798583984
2024-10-31 08:00:00+00:00,2789.89990234375,33.66999816894531,72.31999969482422,5.685,104.01100158691406
2024-10-31 09:00:00+00:00,2789.10009765625,33.744998931884766,72.45999908447266,5.72,103.96199798583984
2024-10-31 10:00:00+00:00,2791.60009765625,33.6150016784668,72.3499984741211,5.6925,103.95999908447266
2024-10-31 11:00:00+00:00,2790.39990234375,33.73500061035156,72.66999816894531,5.6825,103.98100280761719
2024-10-31 12:00:00+00:00,2784.300048828125,33.56999969482422,72.79000091552734,5.6775,103.90399932861328
2024-10-31 13:00:00+00:00,2765.800048828125,33.060001373291016,72.87999725341797,5.6525,104.08899688720703
2024-10-31 14:00:00+00:00,2745.0,32.720001220703125,72.98999786376953,5.6925,104.05899810791016
2024-10-31 15:00:00+00:00,2750.699951171875,32.814998626708984,72.97000122070312,5.6675,104.14299774169922
2024-10-31 16:00:00+00:00,2751.0,32.744998931884766,72.69999694824219,5.6625,104.125
2024-10-31 17:00:00+00:00,2749.800048828125,32.80500030517578,72.7300033569336,5.695,104.0790023803711
2024-10-31 18:00:00+00:00,2757.199951171875,32.91999816894531,74.01000213623047,5.72,103.97599792480469
2024-10-31 19:00:00+00:00,2756.60009765625,32.834999084472656,74.0999984741211,5.72,103.91799926757812
2024-10-31 20:00:00+00:00,2754.10009765625,32.79999923706055,74.06999969482422,5.72,103.89199829101562
2024-10-31 21:00:00+00:00,2754.10009765625,32.79999923706055,74.06999969482422,5.72,103.9010009765625
2024-10-31 22:00:00+00:00,2756.0,32.810001373291016,74.19000244140625,5.72,103.89099884033203
2024-10-31 23:00:00+00:00,2756.5,32.810001373291016,74.19999694824219,5.72,103.88800048828125
2024-11-01 00:00:00+00:00,2754.60009765625,32.81999969482422,73.95999908447266,5.725,103.8740005493164
2024-11-01 01:00:00+00:00,2759.60009765625,32.82500076293945,74.05999755859375,5.7375,103.9209976196289
2024-11-01 02:00:00+00:00,2758.5,32.834999084472656,73.91999816894531,5.7325,103.9520034790039
2024-11-01 03:00:00+00:00,2761.199951171875,32.900001525878906,74.12999725341797,5.7375,103.97200012207031
2024-11-01 04:00:00+00:00,2761.800048828125,32.915000915527344,74.22000122070312,5.725,103.9729995727539
2024-11-01 05:00:00+00:00,2764.699951171875,32.935001373291016,74.18000030517578,5.7125,104.0260009765625
2024-11-01 06:00:00+00:00,2761.5,32.82500076293945,74.05999755859375,5.6925,103.99800109863281
2024-11-01 07:00:00+00:00,2759.5,32.810001373291016,74.37999725341797,5.7175,104.06500244140625
2024-11-01 08:00:00+00:00,2763.199951171875,32.970001220703125,74.56999969482422,5.7275,104.09700012207031
2024-11-01 09:00:00+00:00,2761.300048828125,32.94499969482422,74.80000305175781,5.9425,104.12899780273438
2024-11-01 10:00:00+00:00,2759.60009765625,32.974998474121094,74.1500015258789,5.745,104.10600280761719
2024-11-01 11:00:00+00:00,2762.699951171875,32.959999084472656,74.2300033569336,5.7525,104.0479965209961
2024-11-01 12:00:00+00:00,2764.0,32.94499969482422,74.37999725341797,5.9575,103.82499694824219
2024-11-01 13:00:00+00:00,2766.10009765625,33.150001525878906,74.44999694824219,5.7375,103.95899963378906
2024-11-01 14:00:00+00:00,2757.10009765625,32.8650016784668,73.87999725341797,5.925,104.10600280761719
2024-11-01 15:00:00+00:00,2754.39990234375,32.80500030517578,73.75,5.685,104.16899871826172
2024-11-01 16:00:00+00:00,2752.699951171875,32.709999084472656,73.58000183105469,5.8725,104.15399932861328
2024-11-01 17:00:00+00:00,2746.10009765625,32.55500030517578,73.2699966430664,5.6775,104.29100036621094
2024-11-01 18:00:00+00:00,2745.699951171875,32.540000915527344,73.08000183105469,5.8725,104.28199768066406
2024-11-01 19:00:00+00:00,2743.800048828125,32.51499938964844,73.0199966430664,5.8725,104.30999755859375
2024-11-01 20:00:00+00:00,2745.800048828125,32.57500076293945,72.91000366210938,5.8725,104.31700134277344
2024-11-03 22:00:00+00:00,2745.800048828125,32.57500076293945,72.91000366210938,5.8725,104.31700134277344
2024-11-03 23:00:00+00:00,2747.39990234375,32.625,74.16999816894531,5.8725,103.94999694824219
2024-11-04 00:00:00+00:00,2749.60009765625,32.7400016784668,74.37999725341797,5.8725,103.88899993896484
2024-11-04 01:00:00+00:00,2749.199951171875,32.689998626708984,74.12999725341797,5.7175,103.77200317382812
2024-11-04 02:00:00+00:00,2749.300048828125,32.71500015258789,74.01000213623047,5.91,103.73100280761719
2024-11-04 03:00:00+00:00,2750.300048828125,32.80500030517578,74.27999877929688,5.7275,103.65799713134766
2024-11-04 04:00:00+00:00,2750.199951171875,32.82500076293945,74.25,5.73,103.70500183105469
2024-11-04 05:00:00+00:00,2750.800048828125,32.90999984741211,74.37000274658203,5.7325,103.69400024414062
2024-11-04 06:00:00+00:00,2750.800048828125,32.93000030517578,74.33000183105469,5.725,103.7750015258789
2024-11-04 07:00:00+00:00,2745.0,32.724998474121094,74.26000213623047,5.705,103.81600189208984
2024-11-04 08:00:00+00:00,2742.300048828125,32.779998779296875,74.86000061035156,5.74,103.78900146484375
2024-11-04 09:00:00+00:00,2752.39990234375,32.939998626708984,75.0,5.74,103.73699951171875
2024-11-04 10:00:00+00:00,2747.60009765625,32.8849983215332,74.91000366210938,5.745,103.70600128173828
2024-11-04 11:00:00+00:00,2749.89990234375,32.92499923706055,75.29000091552734,5.715,103.58000183105469
2024-11-04 12:00:00+00:00,2752.699951171875,32.94499969482422,75.0,5.6775,103.67900085449219
2024-11-04 13:00:00+00:00,2756.10009765625,32.90999984741211,75.05000305175781,5.6575,103.67500305175781
2024-11-04 14:00:00+00:00,2752.60009765625,32.834999084472656,74.80000305175781,5.7025,103.69100189208984
2024-11-04 15:00:00+00:00,2748.0,32.650001525878906,74.41000366210938,5.68,103.70700073242188
2024-11-04 16:00:00+00:00,2743.800048828125,32.470001220703125,74.83999633789062,5.7125,103.84700012207031
2024-11-04 17:00:00+00:00,2747.800048828125,32.650001525878906,75.0999984741211,5.6825,103.80000305175781
2024-11-04 18:00:00+00:00,2747.699951171875,32.61000061035156,75.08000183105469,5.6775,103.83200073242188
2024-11-04 19:00:00+00:00,2747.699951171875,32.599998474121094,75.12999725341797,5.695,103.88500213623047
2024-11-04 20:00:00+00:00,2746.5,32.630001068115234,75.27999877929688,5.695,103.90699768066406
2024-11-04 21:00:00+00:00,2745.800048828125,32.58000183105469,75.30000305175781,5.695,103.8949966430664
2024-11-04 22:00:00+00:00,2745.800048828125,32.58000183105469,75.30000305175781,5.695,103.87999725341797
2024-11-04 23:00:00+00:00,2744.800048828125,32.525001525878906,75.05999755859375,5.695,103.88099670410156
2024-11-05 00:00:00+00:00,2743.800048828125,32.5099983215332,75.01000213623047,5.695,103.91300201416016
2024-11-05 01:00:00+00:00,2743.10009765625,32.5099983215332,75.06999969482422,5.6975,103.90399932861328
2024-11-05 02:00:00+00:00,2737.10009765625,32.494998931884766,75.16000366210938,5.69,103.90299987792969
2024-11-05 03:00:00+00:00,2744.10009765625,32.60499954223633,75.25,5.7,103.92900085449219
2024-11-05 04:00:00+00:00,2743.300048828125,32.58000183105469,75.16999816894531,5.6975,103.94300079345703
2024-11-05 05:00:00+00:00,2741.199951171875,32.55500030517578,75.08000183105469,5.87,103.90699768066406
2024-11-05 06:00:00+00:00,2746.60009765625,32.6349983215332,75.01000213623047,5.855,103.875
2024-11-05 07:00:00+00:00,2745.300048828125,32.60499954223633,75.22000122070312,5.69,103.80699920654297
2024-11-05 08:00:00+00:00,2751.60009765625,32.77000045776367,75.20999908447266,5.715,103.76200103759766
2024-11-05 09:00:00+00:00,2749.199951171875,32.744998931884766,75.4800033569336,5.705,103.75900268554688
2024-11-05 10:00:00+00:00,2747.0,32.75,75.38999938964844,5.705,103.75800323486328
2024-11-05 11:00:00+00:00,2750.699951171875,32.7599983215332,75.3499984741211,5.8825,103.70500183105469
2024-11-05 12:00:00+00:00,2747.0,32.70500183105469,75.55999755859375,5.725,103.7509994506836
2024-11-05 13:00:00+00:00,2754.0,32.880001068115234,75.31999969482422,5.7375,103.75199890136719
2024-11-05 14:00:00+00:00,2756.199951171875,33.01499938964844,75.69999694824219,5.73,103.62799835205078
2024-11-05 15:00:00+00:00,2751.39990234375,32.869998931884766,75.98999786376953,5.67,103.66799926757812
2024-11-05 16:00:00+00:00,2748.300048828125,32.7599983215332,76.08000183105469,5.7125,103.5459976196289
2024-11-05 17:00:00+00:00,2751.39990234375,32.779998779296875,75.5199966430664,5.725,103.43900299072266
2024-11-05 18:00:00+00:00,2750.800048828125,32.72999954223633,75.23999786376953,5.88,103.43499755859375
2024-11-05 19:00:00+00:00,2749.89990234375,32.7400016784668,75.63999938964844,5.7225,103.4229965209961
2024-11-05 20:00:00+00:00,2752.10009765625,32.7599983215332,75.58999633789062,5.7225,103.45500183105469
2024-11-05 21:00:00+00:00,2753.39990234375,32.775001525878906,75.45999908447266,5.7225,103.40799713134766
2024-11-05 22:00:00+00:00,2753.39990234375,32.775001525878906,75.45999908447266,5.7225,103.44499969482422
2024-11-05 23:00:00+00:00,2754.39990234375,32.83000183105469,75.58999633789062,5.7225,103.45099639892578
2024-11-06 00:00:00+00:00,2746.800048828125,32.56999969482422,75.2699966430664,5.7225,104.21600341796875
2024-11-06 01:00:00+00:00,2756.0,32.67499923706055,75.13999938964844,5.6975,104.20700073242188
2024-11-06 02:00:00+00:00,2746.39990234375,32.42499923706055,75.19999694824219,5.65,104.8550033569336
2024-11-06 03:00:00+00:00,2743.0,32.20500183105469,74.75,5.6325,104.9739990234375
2024-11-06 04:00:00+00:00,2751.0,32.459999084472656,74.55999755859375,5.6375,104.74299621582031
2024-11-06 05:00:00+00:00,2747.800048828125,32.369998931884766,74.19999694824219,5.655,104.85399627685547
2024-11-06 06:00:00+00:00,2716.199951171875,31.729999542236328,74.2699966430664,5.6625,105.12799835205078
2024-11-06 07:00:00+00:00,2734.5,32.154998779296875,74.75,5.64,105.06700134277344
2024-11-06 08:00:00+00:00,2733.300048828125,32.42499923706055,74.30000305175781,5.645,104.74500274658203
2024-11-06 09:00:00+00:00,2733.699951171875,32.42499923706055,74.73999786376953,5.84,104.88999938964844
2024-11-06 10:00:00+00:00,2729.10009765625,32.275001525878906,74.5,5.6675,104.94000244140625
2024-11-06 11:00:00+00:00,2707.800048828125,31.905000686645508,74.66999816894531,5.6475,105.26399993896484
2024-11-06 12:00:00+00:00,2703.800048828125,31.764999389648438,74.11000061035156,5.6425,105.39099884033203
2024-11-06 13:00:00+00:00,2672.199951171875,31.174999237060547,73.6500015258789,5.6525,105.26399993896484
2024-11-06 14:00:00+00:00,2668.39990234375,31.09000015258789,74.7699966430664,5.89,105.23400115966797
2024-11-06 15:00:00+00:00,2684.60009765625,31.520000457763672,75.87999725341797,5.7475,105.05500030517578
2024-11-06 16:00:00+00:00,2674.800048828125,31.325000762939453,75.26000213623047,5.755,105.11199951171875
2024-11-06 17:00:00+00:00,2672.0,31.209999084472656,75.3499984741211,5.9125,105.16000366210938
2024-11-06 18:00:00+00:00,2674.199951171875,31.350000381469727,74.94000244140625,5.7225,104.95700073242188
2024-11-06 19:00:00+00:00,2675.699951171875,31.315000534057617,75.02999877929688,5.7425,105.08799743652344
2024-11-06 20:00:00+00:00,2669.300048828125,31.30500030517578,75.19000244140625,5.7425,105.10600280761719
2024-11-06 21:00:00+00:00,2668.0,31.28499984741211,75.19000244140625,5.7425,105.15699768066406
2024-11-06 22:00:00+00:00,2668.0,31.28499984741211,75.19000244140625,5.7425,105.14700317382812
2024-11-06 23:00:00+00:00,2671.300048828125,31.270000457763672,75.11000061035156,5.7425,105.11900329589844
2024-11-07 00:00:00+00:00,2668.800048828125,31.235000610351562,75.02999877929688,5.7425,105.19999694824219
2024-11-07 01:00:00+00:00,2656.39990234375,31.125,75.41000366210938,5.735,105.197998046875
2024-11-07 02:00:00+00:00,2664.60009765625,31.21500015258789,75.51000213623047,5.735,105.02899932861328
2024-11-07 03:00:00+00:00,2666.199951171875,31.15999984741211,75.55999755859375,5.7275,104.98200225830078
2024-11-07 04:00:00+00:00,2661.199951171875,31.065000534057617,75.33000183105469,5.7275,104.98300170898438
2024-11-07 05:00:00+00:00,2666.699951171875,31.235000610351562,75.41000366210938,5.7275,104.91400146484375
2024-11-07 06:00:00+00:00,2663.89990234375,31.19499969482422,75.22000122070312,5.7475,104.86699676513672
2024-11-07 07:00:00+00:00,2670.10009765625,31.28499984741211,74.94999694824219,5.775,104.86799621582031
2024-11-07 08:00:00+00:00,2664.300048828125,31.149999618530273,74.7300033569336,5.925,104.76599884033203
2024-11-07 09:00:00+00:00,2668.5,31.204999923706055,74.63999938964844,5.7475,104.91500091552734
2024-11-07 10:00:00+00:00,2673.300048828125,31.25,74.41000366210938,5.79,104.86199951171875
2024-11-07 11:00:00+00:00,2673.300048828125,31.15999984741211,74.22000122070312,5.7725,104.86100006103516
2024-11-07 12:00:00+00:00,2681.0,31.424999237060547,74.37000274658203,5.7625,104.66999816894531
2024-11-07 13:00:00+00:00,2692.0,31.729999542236328,74.66999816894531,5.915,104.51599884033203
2024-11-07 14:00:00+00:00,2699.300048828125,31.895000457763672,74.55000305175781,5.665,104.33699798583984
2024-11-07 15:00:00+00:00,2706.10009765625,31.924999237060547,74.88999938964844,5.6675,104.28700256347656
2024-11-07 16:00:00+00:00,2703.10009765625,31.84000015258789,75.16999816894531,5.6975,104.44000244140625
2024-11-07 17:00:00+00:00,2706.800048828125,31.924999237060547,75.83000183105469,5.6975,104.3290023803711
2024-11-07 18:00:00+00:00,2703.0,31.84000015258789,75.83000183105469,5.6975,104.40299987792969
2024-11-07 19:00:00+00:00,2701.60009765625,31.875,75.55999755859375,5.7175,104.50800323486328
2024-11-07 20:00:00+00:00,2711.89990234375,32.06999969482422,75.3499984741211,5.7175,104.33499908447266
2024-11-07 21:00:00+00:00,2714.0,32.13999938964844,75.54000091552734,5.7175,104.33999633789062
2024-11-07 22:00:00+00:00,2714.0,32.13999938964844,75.54000091552734,5.7175,104.33399963378906
2024-11-07 23:00:00+00:00,2714.300048828125,32.125,75.54000091552734,5.7175,104.36000061035156
2024-11-08 00:00:00+00:00,2713.5,31.94499969482422,75.55000305175781,5.7175,104.45700073242188
2024-11-08 01:00:00+00:00,2707.39990234375,31.915000915527344,75.41999816894531,5.725,104.47799682617188
2024-11-08 02:00:00+00:00,2704.800048828125,31.864999771118164,75.29000091552734,5.9,104.52999877929688
2024-11-08 03:00:00+00:00,2702.39990234375,31.790000915527344,75.12000274658203,5.7175,104.52400207519531
2024-11-08 04:00:00+00:00,2700.60009765625,31.815000534057617,75.16999816894531,5.725,104.48400115966797
2024-11-08 05:00:00+00:00,2702.300048828125,31.84000015258789,75.29000091552734,5.7025,104.49099731445312
2024-11-08 06:00:00+00:00,2693.60009765625,31.635000228881836,75.08000183105469,5.6975,104.51499938964844
2024-11-08 07:00:00+00:00,2694.60009765625,31.65999984741211,75.06999969482422,5.7025,104.49700164794922
2024-11-08 08:00:00+00:00,2696.0,31.55500030517578,74.58000183105469,5.685,104.48500061035156
2024-11-08 09:00:00+00:00,2696.699951171875,31.6299991607666,74.61000061035156,5.7175,104.4739990234375
2024-11-08 10:00:00+00:00,2695.60009765625,31.530000686645508,74.5,5.7025,104.46299743652344
2024-11-08 11:00:00+00:00,2699.199951171875,31.655000686645508,74.83000183105469,5.7025,104.45999908447266
2024-11-08 12:00:00+00:00,2699.199951171875,31.594999313354492,74.5,5.72,104.56199645996094
2024-11-08 13:00:00+00:00,2705.300048828125,31.850000381469727,74.79000091552734,5.725,104.7300033569336
2024-11-08 14:00:00+00:00,2699.199951171875,31.69499969482422,74.2300033569336,5.76,104.7229995727539
2024-11-08 15:00:00+00:00,2695.10009765625,31.53499984741211,73.73999786376953,5.735,104.72799682617188
2024-11-08 16:00:00+00:00,2690.800048828125,31.360000610351562,73.52999877929688,5.7475,105.02999877929688
2024-11-08 17:00:00+00:00,2695.60009765625,31.454999923706055,74.02999877929688,5.715,105.05000305175781
2024-11-08 18:00:00+00:00,2692.699951171875,31.385000228881836,73.77999877929688,5.7175,105.05599975585938
2024-11-08 19:00:00+00:00,2694.800048828125,31.40999984741211,73.95999908447266,5.72,104.99700164794922
2024-11-08 20:00:00+00:00,2692.800048828125,31.3700008392334,73.94000244140625,5.72,104.947998046875
2024-11-08 21:00:00+00:00,2691.699951171875,31.424999237060547,73.97000122070312,5.72,104.9540023803711
2024-11-10 22:00:00+00:00,2691.699951171875,31.424999237060547,73.97000122070312,5.72,104.95099639892578
2024-11-10 23:00:00+00:00,2692.60009765625,31.530000686645508,73.79000091552734,5.72,105.01599884033203
2024-11-11 00:00:00+00:00,2691.199951171875,31.5049991607666,73.81999969482422,5.72,105.02200317382812
2024-11-11 01:00:00+00:00,2679.89990234375,31.364999771118164,73.69000244140625,5.6525,105.00900268554688
2024-11-11 02:00:00+00:00,2678.800048828125,31.375,73.69000244140625,5.8125,105.01000213623047
2024-11-11 03:00:00+00:00,2677.199951171875,31.315000534057617,73.62000274658203,5.8125,105.05899810791016
2024-11-11 04:00:00+00:00,2679.0,31.31999969482422,73.5,5.615,105.0979995727539
2024-11-11 05:00:00+00:00,2676.0,31.364999771118164,73.62999725341797,5.6175,105.05999755859375
2024-11-11 06:00:00+00:00,2679.89990234375,31.475000381469727,73.94999694824219,5.7825,105.0199966430664
2024-11-11 07:00:00+00:00,2676.300048828125,31.299999237060547,73.9000015258789,5.63,105.26699829101562
2024-11-11 08:00:00+00:00,2676.300048828125,31.399999618530273,73.98999786376953,5.78,105.2979965209961
2024-11-11 09:00:00+00:00,2673.5,31.450000762939453,73.16999816894531,5.625,105.31300354003906
2024-11-11 10:00:00+00:00,2668.699951171875,31.420000076293945,72.79000091552734,5.6175,105.4020004272461
2024-11-11 11:00:00+00:00,2669.199951171875,31.40999984741211,72.8499984741211,5.625,105.45700073242188
2024-11-11 12:00:00+00:00,2664.10009765625,31.2549991607666,72.41000366210938,5.5825,105.53500366210938
2024-11-11 13:00:00+00:00,2642.0,30.760000228881836,72.22000122070312,5.59,105.58200073242188
2024-11-11 14:00:00+00:00,2629.0,30.709999084472656,72.22000122070312,5.545,105.60399627685547
2024-11-11 15:00:00+00:00,2621.10009765625,30.575000762939453,71.73999786376953,5.5275,105.56900024414062
2024-11-11 16:00:00+00:00,2621.800048828125,30.655000686645508,71.68000030517578,5.565,105.52799987792969
2024-11-11 17:00:00+00:00,2619.199951171875,30.6299991607666,71.86000061035156,5.615,105.55999755859375
2024-11-11 18:00:00+00:00,2625.60009765625,30.71500015258789,71.88999938964844,5.635,105.5459976196289
2024-11-11 19:00:00+00:00,2625.800048828125,30.739999771118164,71.94000244140625,5.6475,105.54299926757812
2024-11-11 20:00:00+00:00,2628.39990234375,30.799999237060547,71.98999786376953,5.6475,105.49800109863281
2024-11-11 21:00:00+00:00,2626.10009765625,30.78499984741211,71.9000015258789,5.6475,105.50299835205078
2024-11-11 22:00:00+00:00,2626.10009765625,30.78499984741211,71.9000015258789,5.6475,105.49600219726562
2024-11-11 23:00:00+00:00,2630.199951171875,30.825000762939453,71.93000030517578,5.6475,105.51899719238281
2024-11-12 00:00:00+00:00,2630.10009765625,30.80500030517578,71.93000030517578,5.6475,105.49400329589844
2024-11-12 01:00:00+00:00,2630.199951171875,30.815000534057617,71.83999633789062,5.655,105.58599853515625
2024-11-12 02:00:00+00:00,2628.0,30.700000762939453,71.69000244140625,5.6575,105.61699676513672
2024-11-12 03:00:00+00:00,2625.0,30.65999984741211,71.70999908447266,5.6475,105.6510009765625
2024-11-12 04:00:00+00:00,2623.89990234375,30.670000076293945,71.75,5.81,105.59700012207031
2024-11-12 05:00:00+00:00,2612.89990234375,30.389999389648438,71.62999725341797,5.6625,105.64600372314453
2024-11-12 06:00:00+00:00,2614.199951171875,30.450000762939453,71.69999694824219,5.67,105.7040023803711
2024-11-12 07:00:00+00:00,2604.60009765625,30.399999618530273,71.91999816894531,5.83,105.73500061035156
2024-11-12 08:00:00+00:00,2606.699951171875,30.459999084472656,72.0,5.6725,105.74199676513672
2024-11-12 09:00:00+00:00,2599.39990234375,30.3700008392334,72.30000305175781,5.81,105.80000305175781
2024-11-12 10:00:00+00:00,2602.300048828125,30.415000915527344,72.26000213623047,5.6425,105.8550033569336
2024-11-12 11:00:00+00:00,2604.10009765625,30.469999313354492,72.3499984741211,5.8075,105.83499908447266
2024-11-12 12:00:00+00:00,2611.89990234375,30.579999923706055,72.37999725341797,5.6575,105.80899810791016
2024-11-12 13:00:00+00:00,2618.10009765625,30.854999542236328,72.54000091552734,5.6675,105.8219985961914
2024-11-12 14:00:00+00:00,2616.89990234375,30.799999237060547,72.58999633789062,5.6075,105.90399932861328
2024-11-12 15:00:00+00:00,2604.800048828125,30.6200008392334,71.87000274658203,5.555,105.9990005493164
2024-11-12 16:00:00+00:00,2607.199951171875,30.729999542236328,72.1500015258789,5.545,106.13099670410156
2024-11-12 17:00:00+00:00,2603.89990234375,30.719999313354492,72.16999816894531,5.5125,106.0770034790039
2024-11-12 18:00:00+00:00,2605.5,30.81999969482422,71.81999969482422,5.65,105.99500274658203
2024-11-12 19:00:00+00:00,2604.699951171875,30.80500030517578,72.02999877929688,5.535,106.02400207519531
2024-11-12 20:00:00+00:00,2606.10009765625,30.905000686645508,71.77999877929688,5.535,105.92500305175781
2024-11-12 21:00:00+00:00,2604.699951171875,30.825000762939453,71.73999786376953,5.535,105.93000030517578
2024-11-12 22:00:00+00:00,2604.699951171875,30.825000762939453,71.73999786376953,5.535,105.93699645996094
2024-11-12 23:00:00+00:00,2604.699951171875,30.80500030517578,71.77999877929688,5.535,105.96299743652344
2024-11-13 00:00:00+00:00,2605.39990234375,30.860000610351562,71.80999755859375,5.535,106.04499816894531
2024-11-13 01:00:00+00:00,2614.10009765625,31.040000915527344,72.05999755859375,5.49,105.9010009765625
2024-11-13 02:00:00+00:00,2617.89990234375,31.1200008392334,72.18000030517578,5.4725,105.9229965209961
2024-11-13 03:00:00+00:00,2617.300048828125,31.09000015258789,72.08000183105469,5.46,105.98600006103516
2024-11-13 04:00:00+00:00,2612.60009765625,31.06999969482422,72.08999633789062,5.465,105.99199676513672
2024-11-13 05:00:00+00:00,2611.60009765625,31.03499984741211,72.02999877929688,5.4675,106.03800201416016
2024-11-13 06:00:00+00:00,2611.10009765625,30.950000762939453,72.04000091552734,5.4625,106.05400085449219
2024-11-13 07:00:00+00:00,2612.0,30.950000762939453,72.0199966430664,5.4675,106.13600158691406
2024-11-13 08:00:00+00:00,2613.60009765625,30.985000610351562,72.08999633789062,5.475,106.052001953125
2024-11-13 09:00:00+00:00,2614.39990234375,31.049999237060547,72.38999938964844,5.495,105.93399810791016
2024-11-13 10:00:00+00:00,2614.800048828125,31.014999389648438,72.47000122070312,5.48,106.04100036621094
2024-11-13 11:00:00+00:00,2616.699951171875,30.989999771118164,72.16999816894531,5.645,105.86299896240234
2024-11-13 12:00:00+00:00,2615.699951171875,30.954999923706055,72.16000366210938,5.465,105.9229965209961
2024-11-13 13:00:00+00:00,2618.60009765625,31.010000228881836,71.72000122070312,5.4425,105.83599853515625
2024-11-13 14:00:00+00:00,2607.800048828125,30.799999237060547,70.83000183105469,5.5975,106.27100372314453
2024-11-13 15:00:00+00:00,2611.300048828125,30.899999618530273,71.7300033569336,5.55,106.23899841308594
2024-11-13 16:00:00+00:00,2591.5,30.610000610351562,71.9800033569336,5.525,106.44000244140625
2024-11-13 17:00:00+00:00,2589.10009765625,30.684999465942383,72.37999725341797,5.555,106.43499755859375
2024-11-13 18:00:00+00:00,2588.60009765625,30.684999465942383,72.4800033569336,5.545,106.5199966430664
2024-11-13 19:00:00+00:00,2586.89990234375,30.639999389648438,72.05000305175781,5.4075,106.48100280761719
2024-11-13 20:00:00+00:00,2579.39990234375,30.399999618530273,71.91000366210938,5.4075,106.51399993896484
2024-11-13 21:00:00+00:00,2578.39990234375,30.405000686645508,71.93000030517578,5.4075,106.48500061035156
2024-11-13 22:00:00+00:00,2578.39990234375,30.405000686645508,71.93000030517578,5.4075,106.48100280761719
2024-11-13 23:00:00+00:00,2575.0,30.360000610351562,71.95999908447266,5.4075,106.48300170898438
2024-11-14 00:00:00+00:00,2576.699951171875,30.510000228881836,72.11000061035156,5.4075,106.49400329589844
2024-11-14 01:00:00+00:00,2567.699951171875,30.270000457763672,72.19000244140625,5.43,106.58599853515625
2024-11-14 02:00:00+00:00,2565.5,30.190000534057617,72.11000061035156,5.5825,106.65799713134766
2024-11-14 03:00:00+00:00,2565.300048828125,30.235000610351562,71.91000366210938,5.575,106.66799926757812
2024-11-14 04:00:00+00:00,2569.800048828125,30.290000915527344,72.04000091552734,5.4125,106.6719970703125
2024-11-14 05:00:00+00:00,2563.199951171875,30.165000915527344,71.8499984741211,5.405,106.67500305175781
2024-11-14 06:00:00+00:00,2559.699951171875,29.96500015258789,71.86000061035156,5.42,106.68399810791016
2024-11-14 07:00:00+00:00,2561.89990234375,29.934999465942383,72.0199966430664,5.575,106.62200164794922
2024-11-14 08:00:00+00:00,2560.800048828125,29.969999313354492,72.38999938964844,5.565,106.74600219726562
2024-11-14 09:00:00+00:00,2548.300048828125,29.895000457763672,72.30999755859375,5.3925,106.88899993896484
2024-11-14 10:00:00+00:00,2552.0,29.93000030517578,72.54000091552734,5.5425,106.96099853515625
2024-11-14 11:00:00+00:00,2558.699951171875,30.059999465942383,72.54000091552734,5.54,106.81500244140625
2024-11-14 12:00:00+00:00,2557.199951171875,29.979999542236328,72.68000030517578,5.375,106.77100372314453
2024-11-14 13:00:00+00:00,2562.10009765625,30.235000610351562,73.0,5.375,106.8239974975586
2024-11-14 14:00:00+00:00,2564.60009765625,30.280000686645508,73.06999969482422,5.3375,106.62899780273438
2024-11-14 15:00:00+00:00,2575.39990234375,30.434999465942383,72.68000030517578,5.5,106.46800231933594
2024-11-14 16:00:00+00:00,2579.10009765625,30.610000610351562,72.55000305175781,5.495,106.56400299072266
2024-11-14 17:00:00+00:00,2578.300048828125,30.600000381469727,72.12999725341797,5.3,106.55899810791016
2024-11-14 18:00:00+00:00,2575.0,30.559999465942383,72.37999725341797,5.2875,106.6760025024414
2024-11-14 19:00:00+00:00,2581.39990234375,30.71500015258789,72.55000305175781,5.3175,106.6729965209961
2024-11-14 20:00:00+00:00,2572.5,30.604999542236328,72.41999816894531,5.3175,106.93499755859375
2024-11-14 21:00:00+00:00,2570.60009765625,30.53499984741211,72.44999694824219,5.3175,106.86499786376953
2024-11-14 22:00:00+00:00,2570.60009765625,30.53499984741211,72.44999694824219,5.3175,106.86100006103516
2024-11-14 23:00:00+00:00,2571.800048828125,30.454999923706055,72.41000366210938,5.3175,106.86699676513672
2024-11-15 00:00:00+00:00,2571.60009765625,30.475000381469727,72.33999633789062,5.3175,106.9000015258789
2024-11-15 01:00:00+00:00,2569.60009765625,30.459999084472656,72.18000030517578,5.325,106.88300323486328
2024-11-15 02:00:00+00:00,2574.89990234375,30.6299991607666,72.0999984741211,5.3225,106.78900146484375
2024-11-15 03:00:00+00:00,2572.5,30.559999465942383,72.16000366210938,5.32,106.80799865722656
2024-11-15 04:00:00+00:00,2571.89990234375,30.594999313354492,71.93000030517578,5.3225,106.77799987792969
2024-11-15 05:00:00+00:00,2564.39990234375,30.424999237060547,71.79000091552734,5.3175,106.80599975585938
2024-11-15 06:00:00+00:00,2565.800048828125,30.415000915527344,71.63999938964844,5.32,106.66699981689453
2024-11-15 07:00:00+00:00,2568.199951171875,30.434999465942383,71.37999725341797,5.5025,106.64299774169922
2024-11-15 08:00:00+00:00,2571.39990234375,30.514999389648438,71.72000122070312,5.3225,106.52899932861328
2024-11-15 09:00:00+00:00,2568.5,30.420000076293945,71.77999877929688,5.5025,106.58499908447266
2024-11-15 10:00:00+00:00,2572.60009765625,30.655000686645508,71.79000091552734,5.3275,106.46700286865234
2024-11-15 11:00:00+00:00,2575.300048828125,30.770000457763672,72.29000091552734,5.5125,106.4520034790039
2024-11-15 12:00:00+00:00,2573.60009765625,30.719999313354492,72.30999755859375,5.3175,106.46199798583984
2024-11-15 13:00:00+00:00,2569.699951171875,30.639999389648438,71.83000183105469,5.5025,106.61000061035156
2024-11-15 14:00:00+00:00,2577.5,30.774999618530273,72.0,5.5425,106.82599639892578
2024-11-15 15:00:00+00:00,2575.60009765625,30.579999923706055,72.25,5.5525,106.75199890136719
2024-11-15 16:00:00+00:00,2566.699951171875,30.385000228881836,71.55000305175781,5.3775,106.61599731445312
2024-11-15 17:00:00+00:00,2567.39990234375,30.389999389648438,71.0999984741211,5.4,106.59600067138672
2024-11-15 18:00:00+00:00,2572.10009765625,30.43000030517578,70.91999816894531,5.3775,106.5469970703125
2024-11-15 19:00:00+00:00,2568.199951171875,30.385000228881836,71.12000274658203,5.37,106.68699645996094
2024-11-15 20:00:00+00:00,2566.699951171875,30.334999084472656,71.05999755859375,5.37,106.76300048828125
2024-11-15 21:00:00+00:00,2567.39990234375,30.34000015258789,71.02999877929688,5.37,106.6719970703125
2024-11-17 22:00:00+00:00,2567.39990234375,30.34000015258789,71.02999877929688,5.37,106.6719970703125
2024-11-17 23:00:00+00:00,2575.89990234375,30.475000381469727,70.87000274658203,5.37,106.73200225830078
2024-11-18 00:00:00+00:00,2581.0,30.545000076293945,71.2300033569336,5.37,106.58000183105469
2024-11-18 01:00:00+00:00,2591.39990234375,30.645000457763672,71.16999816894531,5.4125,106.65699768066406
2024-11-18 02:00:00+00:00,2595.60009765625,30.725000381469727,71.22000122070312,5.3925,106.6760025024414
2024-11-18 03:00:00+00:00,2594.39990234375,30.709999084472656,71.4000015258789,5.5675,106.73200225830078
2024-11-18 04:00:00+00:00,2597.300048828125,30.799999237060547,71.33000183105469,5.5825,106.66500091552734
2024-11-18 05:00:00+00:00,2590.0,30.670000076293945,71.18000030517578,5.4,106.6969985961914
2024-11-18 06:00:00+00:00,2590.699951171875,30.725000381469727,71.27999877929688,5.58,106.65799713134766
2024-11-18 07:00:00+00:00,2587.10009765625,30.68000030517578,71.33999633789062,5.395,106.64700317382812
2024-11-18 08:00:00+00:00,2589.800048828125,30.729999542236328,71.0999984741211,5.3875,106.7030029296875
2024-11-18 09:00:00+00:00,2600.300048828125,30.84000015258789,71.66000366210938,5.585,106.54299926757812
2024-11-18 10:00:00+00:00,2598.5,30.84000015258789,71.62000274658203,5.5825,106.68399810791016
2024-11-18 11:00:00+00:00,2598.800048828125,30.829999923706055,71.4800033569336,5.5825,106.74700164794922
2024-11-18 12:00:00+00:00,2599.699951171875,30.899999618530273,71.41999816894531,5.55,106.7239990234375
2024-11-18 13:00:00+00:00,2608.5,31.0049991607666,71.62999725341797,5.57,106.55000305175781
2024-11-18 14:00:00+00:00,2613.0,31.21500015258789,72.41000366210938,5.6425,106.51300048828125
2024-11-18 15:00:00+00:00,2617.199951171875,31.28499984741211,73.01000213623047,5.49,106.47799682617188
2024-11-18 16:00:00+00:00,2615.89990234375,31.329999923706055,73.05000305175781,5.675,106.34200286865234
2024-11-18 17:00:00+00:00,2614.800048828125,31.25,73.0,5.6775,106.2750015258789
2024-11-18 18:00:00+00:00,2615.39990234375,31.15999984741211,73.26000213623047,5.49,106.20700073242188
2024-11-18 19:00:00+00:00,2614.0,31.174999237060547,73.30999755859375,5.4675,106.2750015258789
2024-11-18 20:00:00+00:00,2614.39990234375,31.21500015258789,73.29000091552734,5.4675,106.23699951171875
2024-11-18 21:00:00+00:00,2616.10009765625,31.260000228881836,73.19999694824219,5.4675,106.20500183105469
2024-11-18 22:00:00+00:00,2616.10009765625,31.260000228881836,73.19999694824219,5.4675,106.20999908447266
2024-11-18 23:00:00+00:00,2616.60009765625,31.25,73.05000305175781,5.4675,106.23400115966797
2024-11-19 00:00:00+00:00,2617.300048828125,31.229999542236328,73.16000366210938,5.4675,106.25399780273438
2024-11-19 01:00:00+00:00,2619.699951171875,31.34000015258789,73.38999938964844,5.6625,106.19400024414062
2024-11-19 02:00:00+00:00,2626.60009765625,31.40999984741211,73.26000213623047,5.645,106.20800018310547
2024-11-19 03:00:00+00:00,2628.5,31.454999923706055,73.4800033569336,5.645,106.16300201416016
2024-11-19 04:00:00+00:00,2627.10009765625,31.399999618530273,73.44999694824219,5.4625,106.26899719238281
2024-11-19 05:00:00+00:00,2626.60009765625,31.405000686645508,73.38999938964844,5.4575,106.29100036621094
2024-11-19 06:00:00+00:00,2629.0,31.375,73.37999725341797,5.4625,106.2249984741211
2024-11-19 07:00:00+00:00,2622.89990234375,31.31999969482422,73.16000366210938,5.6625,106.33699798583984
2024-11-19 08:00:00+00:00,2630.300048828125,31.420000076293945,72.80000305175781,5.66,106.31600189208984
2024-11-19 09:00:00+00:00,2634.10009765625,31.469999313354492,73.05000305175781,5.7075,106.49500274658203
2024-11-19 10:00:00+00:00,2638.89990234375,31.5,73.0,5.52,106.41300201416016
2024-11-19 11:00:00+00:00,2633.199951171875,31.364999771118164,72.87999725341797,5.525,106.44499969482422
2024-11-19 12:00:00+00:00,2643.199951171875,31.514999389648438,72.95999908447266,5.6725,106.3499984741211
2024-11-19 13:00:00+00:00,2639.199951171875,31.389999389648438,73.2300033569336,5.7,106.26000213623047
2024-11-19 14:00:00+00:00,2626.89990234375,31.165000915527344,73.68000030517578,5.725,106.33999633789062
2024-11-19 15:00:00+00:00,2628.199951171875,31.18000030517578,73.38999938964844,5.5675,106.2030029296875
2024-11-19 16:00:00+00:00,2630.199951171875,31.239999771118164,73.18000030517578,5.6975,106.29499816894531
2024-11-19 17:00:00+00:00,2631.699951171875,31.264999389648438,73.4000015258789,5.6875,106.302001953125
2024-11-19 18:00:00+00:00,2633.89990234375,31.31999969482422,73.33000183105469,5.5125,106.22599792480469
2024-11-19 19:00:00+00:00,2634.5,31.34000015258789,73.41999816894531,5.4975,106.20600128173828
2024-11-19 20:00:00+00:00,2637.39990234375,31.354999542236328,73.4000015258789,5.4975,106.2020034790039
2024-11-19 21:00:00+00:00,2635.699951171875,31.295000076293945,73.29000091552734,5.4975,106.177001953125
2024-11-19 22:00:00+00:00,2635.699951171875,31.295000076293945,73.29000091552734,5.4975,106.18299865722656
2024-11-19 23:00:00+00:00,2638.0,31.375,73.33000183105469,5.4975,106.1520004272461
2024-11-20 00:00:00+00:00,2640.89990234375,31.354999542236328,73.3499984741211,5.4975,106.17900085449219
2024-11-20 01:00:00+00:00,2642.800048828125,31.264999389648438,73.20999908447266,5.4675,106.16100311279297
2024-11-20 02:00:00+00:00,2643.39990234375,31.28499984741211,73.33000183105469,5.655,106.19599914550781
2024-11-20 03:00:00+00:00,2641.199951171875,31.2549991607666,73.25,5.4575,106.25499725341797
2024-11-20 04:00:00+00:00,2639.800048828125,31.264999389648438,73.22000122070312,5.465,106.23200225830078
2024-11-20 05:00:00+00:00,2640.199951171875,31.21500015258789,73.23999786376953,5.64,106.28700256347656
2024-11-20 06:00:00+00:00,2632.800048828125,31.1200008392334,73.33000183105469,5.635,106.29499816894531
2024-11-20 07:00:00+00:00,2624.60009765625,30.985000610351562,73.52999877929688,5.65,106.38400268554688
2024-11-20 08:00:00+00:00,2627.39990234375,31.024999618530273,73.79000091552734,5.645,106.49400329589844
2024-11-20 09:00:00+00:00,2625.0,30.940000534057617,73.61000061035156,5.4875,106.5790023803711
2024-11-20 10:00:00+00:00,2628.300048828125,30.975000381469727,73.5199966430664,5.64,106.6449966430664
2024-11-20 11:00:00+00:00,2631.39990234375,30.94499969482422,73.63999938964844,5.6475,106.61599731445312
2024-11-20 12:00:00+00:00,2635.199951171875,31.100000381469727,73.83000183105469,5.4575,106.55999755859375
2024-11-20 13:00:00+00:00,2639.60009765625,31.204999923706055,73.8499984741211,5.665,106.5790023803711
2024-11-20 14:00:00+00:00,2646.699951171875,31.149999618530273,73.54000091552734,5.6875,106.81300354003906
2024-11-20 15:00:00+00:00,2652.39990234375,31.174999237060547,73.5,5.6825,106.81999969482422
2024-11-20 16:00:00+00:00,2654.10009765625,31.170000076293945,73.19000244140625,5.5275,106.81900024414062
2024-11-20 17:00:00+00:00,2655.300048828125,31.125,72.9000015258789,5.735,106.70500183105469
2024-11-20 18:00:00+00:00,2651.89990234375,30.989999771118164,72.87999725341797,5.71,106.6989974975586
2024-11-20 19:00:00+00:00,2654.39990234375,30.989999771118164,72.94000244140625,5.7175,106.68000030517578
2024-11-20 20:00:00+00:00,2652.300048828125,30.93000030517578,73.11000061035156,5.7175,106.69100189208984
2024-11-20 21:00:00+00:00,2654.10009765625,30.940000534057617,73.08000183105469,5.7175,106.64800262451172
2024-11-20 22:00:00+00:00,2654.10009765625,30.940000534057617,73.08000183105469,5.7175,106.64600372314453
2024-11-20 23:00:00+00:00,2654.60009765625,30.989999771118164,73.0999984741211,5.7175,106.63500213623047
2024-11-21 00:00:00+00:00,2660.89990234375,31.09000015258789,73.08999633789062,5.7175,106.59100341796875
2024-11-21 01:00:00+00:00,2656.0,31.114999771118164,73.13999938964844,5.7375,106.58799743652344
2024-11-21 02:00:00+00:00,2656.300048828125,31.145000457763672,73.08000183105469,5.735,106.55500030517578
2024-11-21 03:00:00+00:00,2659.39990234375,31.225000381469727,72.94999694824219,5.74,106.52100372314453
2024-11-21 04:00:00+00:00,2659.800048828125,31.21500015258789,72.9800033569336,5.74,106.54499816894531
2024-11-21 05:00:00+00:00,2659.39990234375,31.2549991607666,72.97000122070312,5.74,106.59700012207031
2024-11-21 06:00:00+00:00,2663.800048828125,31.31999969482422,73.19999694824219,5.535,106.55899810791016
2024-11-21 07:00:00+00:00,2665.5,31.344999313354492,73.41000366210938,5.5525,106.63800048828125
2024-11-21 08:00:00+00:00,2671.199951171875,31.270000457763672,73.66000366210938,5.76,106.55400085449219
2024-11-21 09:00:00+00:00,2671.5,31.204999923706055,73.7699966430664,5.7575,106.72899627685547
2024-11-21 10:00:00+00:00,2672.39990234375,31.114999771118164,73.97000122070312,5.5625,106.7040023803711
2024-11-21 11:00:00+00:00,2674.10009765625,31.1299991607666,74.27999877929688,5.7625,106.70800018310547
2024-11-21 12:00:00+00:00,2666.0,31.094999313354492,74.12999725341797,5.7425,106.6500015258789
2024-11-21 13:00:00+00:00,2667.89990234375,31.084999084472656,74.13999938964844,5.765,106.58599853515625
2024-11-21 14:00:00+00:00,2667.39990234375,30.834999084472656,73.95999908447266,5.7225,106.56199645996094
2024-11-21 15:00:00+00:00,2670.39990234375,30.905000686645508,74.04000091552734,5.5175,106.75700378417969
2024-11-21 16:00:00+00:00,2667.199951171875,30.78499984741211,73.75,5.7075,107.06900024414062
2024-11-21 17:00:00+00:00,2674.60009765625,30.96500015258789,73.62000274658203,5.5075,106.94400024414062
2024-11-21 18:00:00+00:00,2675.10009765625,30.96500015258789,73.9000015258789,5.7,106.95999908447266
2024-11-21 19:00:00+00:00,2672.300048828125,30.844999313354492,74.2699966430664,5.685,106.97200012207031
2024-11-21 20:00:00+00:00,2674.10009765625,30.864999771118164,74.36000061035156,5.685,107.0199966430664
2024-11-21 21:00:00+00:00,2672.199951171875,30.8700008392334,74.26000213623047,5.685,107.05899810791016
2024-11-21 22:00:00+00:00,2672.199951171875,30.8700008392334,74.26000213623047,5.685,107.04499816894531
2024-11-21 23:00:00+00:00,2671.10009765625,30.809999465942383,74.27999877929688,5.685,107.03199768066406
2024-11-22 00:00:00+00:00,2675.199951171875,30.8799991607666,74.33999633789062,5.685,107.02799987792969
2024-11-22 01:00:00+00:00,2680.10009765625,30.915000915527344,74.5199966430664,5.6975,107.05999755859375
2024-11-22 02:00:00+00:00,2688.5,31.020000457763672,74.55999755859375,5.7025,107.0510025024414
2024-11-22 03:00:00+00:00,2688.60009765625,30.985000610351562,74.37000274658203,5.6975,107.02799987792969
2024-11-22 04:00:00+00:00,2690.199951171875,31.010000228881836,74.33999633789062,5.69,107.05000305175781
2024-11-22 05:00:00+00:00,2688.5,30.950000762939453,74.22000122070312,5.6825,107.16899871826172
2024-11-22 06:00:00+00:00,2695.300048828125,31.145000457763672,74.25,5.68,107.1500015258789
2024-11-22 07:00:00+00:00,2699.10009765625,31.395000457763672,74.69999694824219,5.685,107.01300048828125
2024-11-22 08:00:00+00:00,2699.89990234375,31.424999237060547,74.66000366210938,5.6825,107.28299713134766
2024-11-22 09:00:00+00:00,2705.699951171875,31.309999465942383,74.47000122070312,5.6625,107.61100006103516
2024-11-22 10:00:00+00:00,2710.0,31.43000030517578,74.3499984741211,5.6875,107.36900329589844
2024-11-22 11:00:00+00:00,2701.10009765625,31.315000534057617,73.33999633789062,5.6825,107.49299621582031
2024-11-22 12:00:00+00:00,2705.39990234375,31.420000076293945,73.33999633789062,5.7025,107.57099914550781
2024-11-22 13:00:00+00:00,2695.10009765625,31.15999984741211,73.80999755859375,5.6925,107.39900207519531
2024-11-22 14:00:00+00:00,2696.800048828125,31.295000076293945,74.61000061035156,5.445,107.63800048828125
2024-11-22 15:00:00+00:00,2706.0,31.315000534057617,74.44000244140625,5.655,107.56500244140625
2024-11-22 16:00:00+00:00,2707.300048828125,31.299999237060547,74.91000366210938,5.65,107.64700317382812
2024-11-22 17:00:00+00:00,2709.0,31.329999923706055,75.19999694824219,5.6525,107.48799896240234
2024-11-22 18:00:00+00:00,2713.10009765625,31.34000015258789,75.30000305175781,5.6525,107.51100158691406
2024-11-22 19:00:00+00:00,2710.300048828125,31.329999923706055,74.66999816894531,5.645,107.55400085449219
2024-11-22 20:00:00+00:00,2707.800048828125,31.295000076293945,74.51000213623047,5.645,107.5270004272461
2024-11-22 21:00:00+00:00,2718.199951171875,31.415000915527344,74.54000091552734,5.645,107.48999786376953
2024-11-24 22:00:00+00:00,2718.199951171875,31.415000915527344,74.54000091552734,5.645,107.48999786376953
2024-11-24 23:00:00+00:00,2721.60009765625,31.469999313354492,74.66000366210938,5.645,106.98400115966797
2024-11-25 00:00:00+00:00,2712.39990234375,31.280000686645508,74.5999984741211,5.645,106.92400360107422
2024-11-25 01:00:00+00:00,2703.199951171875,31.139999389648438,74.48999786376953,5.6675,106.91400146484375
2024-11-25 02:00:00+00:00,2697.0,31.0049991607666,74.31999969482422,5.665,106.8479995727539
2024-11-25 03:00:00+00:00,2674.0,30.885000228881836,74.4000015258789,5.6475,106.93499755859375
2024-11-25 04:00:00+00:00,2674.39990234375,30.850000381469727,74.80000305175781,5.6375,106.95500183105469
2024-11-25 05:00:00+00:00,2666.60009765625,30.704999923706055,74.0999984741211,5.6325,106.96700286865234
2024-11-25 06:00:00+00:00,2668.699951171875,30.764999389648438,74.18000030517578,5.6325,106.9219970703125
2024-11-25 07:00:00+00:00,2669.39990234375,30.735000610351562,73.94999694824219,5.6125,107.20800018310547
2024-11-25 08:00:00+00:00,2673.60009765625,30.844999313354492,74.05999755859375,5.4,107.14199829101562
2024-11-25 09:00:00+00:00,2675.5,30.860000610351562,74.0999984741211,5.5875,106.93900299072266
2024-11-25 10:00:00+00:00,2679.39990234375,30.850000381469727,74.8499984741211,5.375,106.9540023803711
2024-11-25 11:00:00+00:00,2688.39990234375,30.8700008392334,75.16999816894531,5.5625,107.03399658203125
2024-11-25 12:00:00+00:00,2682.39990234375,30.795000076293945,74.55999755859375,5.57,106.9229965209961
2024-11-25 13:00:00+00:00,2679.699951171875,30.81999969482422,74.19000244140625,5.5575,106.59500122070312
2024-11-25 14:00:00+00:00,2642.60009765625,30.405000686645508,73.79000091552734,5.5475,106.7490005493164
2024-11-25 15:00:00+00:00,2629.60009765625,30.15999984741211,73.12999725341797,5.5225,106.98600006103516
2024-11-25 16:00:00+00:00,2633.300048828125,30.209999084472656,72.5199966430664,5.5275,107.0479965209961
2024-11-25 17:00:00+00:00,2629.199951171875,30.21500015258789,73.05000305175781,5.5325,106.98999786376953
2024-11-25 18:00:00+00:00,2620.199951171875,30.309999465942383,73.0199966430664,5.5375,106.79900360107422
2024-11-25 19:00:00+00:00,2626.89990234375,30.424999237060547,72.4800033569336,5.565,106.81700134277344
2024-11-25 20:00:00+00:00,2627.300048828125,30.3799991607666,72.5999984741211,5.565,106.91100311279297
2024-11-25 21:00:00+00:00,2626.39990234375,30.350000381469727,73.18000030517578,5.565,106.89700317382812
2024-11-25 22:00:00+00:00,2626.39990234375,30.350000381469727,73.18000030517578,5.565,106.88899993896484
2024-11-25 23:00:00+00:00,2610.5,30.155000686645508,72.20999908447266,5.565,106.83200073242188
2024-11-26 00:00:00+00:00,2619.89990234375,30.139999389648438,72.80999755859375,5.565,107.45899963378906
2024-11-26 01:00:00+00:00,2628.39990234375,30.280000686645508,72.91000366210938,5.54,107.31099700927734
2024-11-26 02:00:00+00:00,2625.60009765625,30.31999969482422,73.1500015258789,5.545,107.23100280761719
2024-11-26 03:00:00+00:00,2630.5,30.415000915527344,72.68000030517578,5.5375,107.06900024414062
2024-11-26 04:00:00+00:00,2626.699951171875,30.385000228881836,72.63999938964844,5.5525,107.06999969482422
2024-11-26 05:00:00+00:00,2624.699951171875,30.389999389648438,73.25,5.35,107.09100341796875
2024-11-26 06:00:00+00:00,2622.300048828125,30.28499984741211,73.1500015258789,5.555,107.12100219726562
2024-11-26 07:00:00+00:00,2614.199951171875,30.184999465942383,72.51000213623047,5.56,107.15399932861328
2024-11-26 08:00:00+00:00,2613.699951171875,30.260000228881836,72.8499984741211,5.345,107.0199966430664
2024-11-26 09:00:00+00:00,2626.39990234375,30.485000610351562,73.58000183105469,5.5675,106.87699890136719
2024-11-26 10:00:00+00:00,2631.800048828125,30.524999618530273,73.62999725341797,5.61,106.76699829101562
2024-11-26 11:00:00+00:00,2633.5,30.59000015258789,73.6500015258789,5.63,106.7969970703125
2024-11-26 12:00:00+00:00,2631.199951171875,30.604999542236328,72.77999877929688,5.615,106.65899658203125
2024-11-26 13:00:00+00:00,2629.89990234375,30.575000762939453,73.04000091552734,5.6325,106.86000061035156
2024-11-26 14:00:00+00:00,2623.0,30.434999465942383,73.0999984741211,5.595,106.84600067138672
2024-11-26 15:00:00+00:00,2629.89990234375,30.514999389648438,73.66000366210938,5.5875,106.99500274658203
2024-11-26 16:00:00+00:00,2628.89990234375,30.540000915527344,72.69999694824219,5.56,107.01000213623047
2024-11-26 17:00:00+00:00,2625.199951171875,30.5,71.81999969482422,5.535,107.0770034790039
2024-11-26 18:00:00+00:00,2623.800048828125,30.40999984741211,71.97000122070312,5.5775,107.11499786376953
2024-11-26 19:00:00+00:00,2628.699951171875,30.524999618530273,72.19999694824219,5.57,107.01300048828125
2024-11-26 20:00:00+00:00,2632.10009765625,30.540000915527344,72.68000030517578,5.57,106.9489974975586
2024-11-26 21:00:00+00:00,2633.800048828125,30.479999542236328,72.4800033569336,5.57,106.88099670410156
2024-11-26 22:00:00+00:00,2633.800048828125,30.479999542236328,72.4800033569336,5.57,106.88999938964844
2024-11-26 23:00:00+00:00,2632.0,30.459999084472656,72.37999725341797,5.57,106.875
2024-11-27 00:00:00+00:00,2628.199951171875,30.420000076293945,72.9000015258789,5.57,106.84600067138672
2024-11-27 01:00:00+00:00,2632.10009765625,30.40999984741211,72.19999694824219,5.5425,106.83499908447266
2024-11-27 02:00:00+00:00,2637.800048828125,30.520000457763672,72.79000091552734,5.5475,106.85199737548828
2024-11-27 03:00:00+00:00,2638.300048828125,30.55500030517578,72.94000244140625,5.5475,106.85399627685547
2024-11-27 04:00:00+00:00,2639.199951171875,30.524999618530273,72.30999755859375,5.5475,106.87000274658203
2024-11-27 05:00:00+00:00,2642.39990234375,30.600000381469727,72.37000274658203,5.5425,106.90699768066406
2024-11-27 06:00:00+00:00,2647.89990234375,30.690000534057617,72.5,5.55,106.83499908447266
2024-11-27 07:00:00+00:00,2647.39990234375,30.700000762939453,72.56999969482422,5.555,106.67900085449219
2024-11-27 08:00:00+00:00,2678.5,31.075000762939453,72.62000274658203,5.555,106.55699920654297
2024-11-27 09:00:00+00:00,2673.199951171875,30.989999771118164,72.62000274658203,5.53,106.49500274658203
2024-11-27 10:00:00+00:00,2648.300048828125,30.489999771118164,72.5199966430664,5.5275,106.39700317382812
2024-11-27 11:00:00+00:00,2650.699951171875,30.969999313354492,73.02999877929688,5.5275,106.4280014038086
2024-11-27 12:00:00+00:00,2675.89990234375,30.889999389648438,72.73999786376953,5.5375,106.41200256347656
2024-11-27 13:00:00+00:00,2681.39990234375,30.594999313354492,72.70999908447266,5.5525,106.06500244140625
2024-11-27 14:00:00+00:00,2676.5,30.90999984741211,72.66999816894531,5.5325,106.20600128173828
2024-11-27 15:00:00+00:00,2668.0,30.575000762939453,72.91999816894531,5.505,106.02300262451172
2024-11-27 16:00:00+00:00,2664.199951171875,30.079999923706055,72.47000122070312,5.495,105.9729995727539
2024-11-27 17:00:00+00:00,2662.60009765625,30.530000686645508,71.7699966430664,5.4875,105.96600341796875
2024-11-27 18:00:00+00:00,2664.10009765625,30.549999237060547,71.87000274658203,5.4925,106.03900146484375
2024-11-27 19:00:00+00:00,2659.89990234375,30.5049991607666,72.36000061035156,5.4825,106.08399963378906
2024-11-27 20:00:00+00:00,2662.199951171875,30.579999923706055,72.33999633789062,5.4825,106.06400299072266
2024-11-27 21:00:00+00:00,2661.10009765625,30.559999465942383,72.36000061035156,5.4825,106.06099700927734
2024-11-27 22:00:00+00:00,2661.10009765625,30.559999465942383,72.36000061035156,5.4825,106.04199981689453
2024-11-27 23:00:00+00:00,2661.39990234375,30.56999969482422,72.87999725341797,5.4825,106.02300262451172
2024-11-28 00:00:00+00:00,2659.89990234375,30.565000534057617,72.91999816894531,5.4825,106.20800018310547
2024-11-28 01:00:00+00:00,2652.60009765625,30.329999923706055,72.20999908447266,5.4825,106.14900207519531
2024-11-28 02:00:00+00:00,2652.10009765625,30.274999618530273,72.2699966430664,5.4825,106.15299987792969
2024-11-28 03:00:00+00:00,2654.0,30.2549991607666,72.16999816894531,5.4825,106.21900177001953
2024-11-28 04:00:00+00:00,2655.300048828125,30.334999084472656,72.05000305175781,5.4825,106.20899963378906
2024-11-29 14:30:00+00:00,2677.39990234375,31.084999084472656,73.12000274658203,5.4675,106.0009994506836
2024-11-29 15:30:00+00:00,2682.800048828125,31.149999618530273,73.13999938964844,5.5075,105.95999908447266
2024-11-29 16:30:00+00:00,2686.199951171875,31.15999984741211,72.5199966430664,5.49,106.08899688720703
2024-11-29 17:30:00+00:00,2684.89990234375,31.1200008392334,72.37999725341797,5.485,105.83499908447266
2024-12-01 22:00:00+00:00,2684.89990234375,31.1200008392334,72.37999725341797,5.485,105.78199768066406
2024-12-01 23:00:00+00:00,2668.5,30.94499969482422,72.11000061035156,5.485,106.02300262451172
2024-12-02 00:00:00+00:00,2660.10009765625,30.8700008392334,72.01000213623047,5.485,106.1510009765625
2024-12-02 01:00:00+00:00,2658.60009765625,30.8799991607666,72.01000213623047,5.4575,106.22599792480469
2024-12-02 02:00:00+00:00,2649.300048828125,30.635000228881836,72.30999755859375,5.4525,106.27300262451172
2024-12-02 03:00:00+00:00,2652.199951171875,30.68000030517578,72.23999786376953,5.445,106.2750015258789
2024-12-02 04:00:00+00:00,2651.199951171875,30.6299991607666,72.16999816894531,5.4425,106.27999877929688
2024-12-02 05:00:00+00:00,2646.10009765625,30.559999465942383,72.25,5.44,106.30799865722656
2024-12-02 06:00:00+00:00,2648.699951171875,30.635000228881836,72.37000274658203,5.435,106.16799926757812
2024-12-02 07:00:00+00:00,2652.300048828125,30.625,72.33000183105469,5.43,106.39099884033203
2024-12-02 08:00:00+00:00,2652.199951171875,30.639999389648438,72.41000366210938,5.445,106.38300323486328
2024-12-02 09:00:00+00:00,2656.39990234375,30.684999465942383,72.56999969482422,5.445,106.30899810791016
2024-12-02 10:00:00+00:00,2658.800048828125,30.719999313354492,72.55999755859375,5.4425,106.24800109863281
2024-12-02 11:00:00+00:00,2664.699951171875,30.924999237060547,72.69999694824219,5.4525,106.22699737548828
2024-12-02 12:00:00+00:00,2664.0,30.81999969482422,72.62000274658203,5.4425,106.41600036621094
2024-12-02 13:00:00+00:00,2670.39990234375,31.05500030517578,72.7300033569336,5.4375,106.36199951171875
2024-12-02 14:00:00+00:00,2669.0,30.954999923706055,72.05000305175781,5.4675,106.62699890136719
2024-12-02 15:00:00+00:00,2665.39990234375,30.81999969482422,72.29000091552734,5.4975,106.66999816894531
2024-12-02 16:00:00+00:00,2664.39990234375,30.93000030517578,71.58000183105469,5.4725,106.5009994506836
2024-12-02 17:00:00+00:00,2661.89990234375,30.885000228881836,71.80000305175781,5.4825,106.48999786376953
2024-12-02 18:00:00+00:00,2659.89990234375,30.885000228881836,71.75,5.47,106.47000122070312
2024-12-02 19:00:00+00:00,2660.60009765625,30.864999771118164,71.8499984741211,5.4775,106.44599914550781
2024-12-02 20:00:00+00:00,2660.10009765625,30.96500015258789,71.80000305175781,5.4775,106.38600158691406
2024-12-02 21:00:00+00:00,2661.800048828125,30.975000381469727,71.93000030517578,5.4775,106.4000015258789
2024-12-02 22:00:00+00:00,2661.800048828125,30.975000381469727,71.93000030517578,5.4775,106.40399932861328
2024-12-02 23:00:00+00:00,2664.699951171875,31.05500030517578,71.87000274658203,5.4775,106.38200378417969
2024-12-03 00:00:00+00:00,2663.800048828125,30.985000610351562,71.9000015258789,5.4775,106.4800033569336
2024-12-03 01:00:00+00:00,2659.199951171875,31.0049991607666,71.80999755859375,5.4875,106.51599884033203
2024-12-03 02:00:00+00:00,2659.699951171875,30.9950008392334,71.73999786376953,5.5075,106.51100158691406
2024-12-03 03:00:00+00:00,2663.199951171875,31.059999465942383,71.88999938964844,5.5175,106.51899719238281
2024-12-03 04:00:00+00:00,2662.199951171875,31.040000915527344,71.9800033569336,5.5075,106.56800079345703
2024-12-03 05:00:00+00:00,2663.5,31.125,72.0199966430664,5.505,106.4990005493164
2024-12-03 06:00:00+00:00,2669.699951171875,31.360000610351562,72.12999725341797,5.51,106.5260009765625
2024-12-03 07:00:00+00:00,2667.300048828125,31.385000228881836,72.12000274658203,5.5125,106.43800354003906
2024-12-03 08:00:00+00:00,2668.199951171875,31.43000030517578,72.62999725341797,5.505,106.20600128173828
2024-12-03 09:00:00+00:00,2666.5,31.469999313354492,72.61000061035156,5.5425,106.24500274658203
2024-12-03 10:00:00+00:00,2665.199951171875,31.420000076293945,72.41000366210938,5.515,106.33000183105469
2024-12-03 11:00:00+00:00,2666.199951171875,31.375,72.58999633789062,5.5375,106.25199890136719
2024-12-03 12:00:00+00:00,2662.300048828125,31.280000686645508,72.94000244140625,5.54,106.37100219726562
2024-12-03 13:00:00+00:00,2675.60009765625,31.485000610351562,72.91999816894531,5.5575,106.14900207519531
2024-12-03 14:00:00+00:00,2669.199951171875,31.350000381469727,72.70999908447266,5.535,106.18800354003906
2024-12-03 15:00:00+00:00,2663.10009765625,31.350000381469727,73.37999725341797,5.505,106.25599670410156
2024-12-03 16:00:00+00:00,2671.0,31.510000228881836,73.68000030517578,5.4925,106.23899841308594
2024-12-03 17:00:00+00:00,2669.39990234375,31.489999771118164,73.61000061035156,5.465,106.14299774169922
2024-12-03 18:00:00+00:00,2668.199951171875,31.559999465942383,73.80000305175781,5.485,106.12699890136719
2024-12-03 19:00:00+00:00,2663.300048828125,31.4950008392334,73.69000244140625,5.4825,106.36499786376953
2024-12-03 20:00:00+00:00,2664.39990234375,31.5049991607666,73.63999938964844,5.4825,106.33000183105469
2024-12-03 21:00:00+00:00,2666.0,31.514999389648438,73.66000366210938,5.4825,106.33999633789062
2024-12-03 22:00:00+00:00,2666.0,31.514999389648438,73.66000366210938,5.4825,106.34200286865234
2024-12-03 23:00:00+00:00,2664.699951171875,31.469999313354492,73.69999694824219,5.4825,106.34200286865234
2024-12-04 00:00:00+00:00,2662.39990234375,31.434999465942383,73.66000366210938,5.4825,106.4489974975586
2024-12-04 01:00:00+00:00,2664.39990234375,31.489999771118164,73.58999633789062,5.495,106.40399932861328
2024-12-04 02:00:00+00:00,2668.10009765625,31.5049991607666,73.6500015258789,5.4825,106.43699645996094
2024-12-04 03:00:00+00:00,2666.699951171875,31.459999084472656,73.66999816894531,5.4825,106.50199890136719
2024-12-04 04:00:00+00:00,2670.0,31.520000457763672,73.81999969482422,5.49,106.3499984741211
2024-12-04 05:00:00+00:00,2671.699951171875,31.559999465942383,73.83999633789062,5.4925,106.33000183105469
2024-12-04 06:00:00+00:00,2671.300048828125,31.530000686645508,73.81999969482422,5.49,106.26200103759766
2024-12-04 07:00:00+00:00,2663.60009765625,31.450000762939453,73.80000305175781,5.4875,106.4020004272461
2024-12-04 08:00:00+00:00,2663.5,31.3799991607666,73.70999908447266,5.46,106.54199981689453
2024-12-04 09:00:00+00:00,2662.800048828125,31.31999969482422,74.08000183105469,5.4475,106.47899627685547
2024-12-04 10:00:00+00:00,2666.10009765625,31.34000015258789,74.0199966430664,5.445,106.52799987792969
2024-12-04 11:00:00+00:00,2668.10009765625,31.375,73.87999725341797,5.4375,106.46499633789062
2024-12-04 12:00:00+00:00,2659.199951171875,31.145000457763672,73.77999877929688,5.4325,106.60900115966797
2024-12-04 13:00:00+00:00,2671.199951171875,31.389999389648438,74.0,5.4325,106.63099670410156
2024-12-04 14:00:00+00:00,2672.60009765625,31.760000228881836,73.77999877929688,5.4575,106.54299926757812
2024-12-04 15:00:00+00:00,2679.699951171875,31.975000381469727,73.58000183105469,5.4125,106.23100280761719
2024-12-04 16:00:00+00:00,2674.199951171875,31.864999771118164,73.22000122070312,5.4425,106.21199798583984
2024-12-04 17:00:00+00:00,2675.89990234375,31.920000076293945,72.58000183105469,5.4575,106.13200378417969
2024-12-04 18:00:00+00:00,2673.5,31.809999465942383,72.36000061035156,5.4775,106.26499938964844
2024-12-04 19:00:00+00:00,2676.199951171875,31.850000381469727,72.51000213623047,5.4725,106.32099914550781
2024-12-04 20:00:00+00:00,2674.5,31.829999923706055,72.55000305175781,5.4725,106.3280029296875
2024-12-04 21:00:00+00:00,2674.300048828125,31.834999084472656,72.44000244140625,5.4725,106.36599731445312
2024-12-04 22:00:00+00:00,2674.300048828125,31.834999084472656,72.44000244140625,5.4725,106.3489990234375
2024-12-04 23:00:00+00:00,2673.89990234375,31.854999542236328,72.48999786376953,5.4725,106.35399627685547
2024-12-05 00:00:00+00:00,2672.10009765625,31.854999542236328,72.4800033569336,5.4725,106.30500030517578
2024-12-05 01:00:00+00:00,2670.800048828125,31.770000457763672,72.38999938964844,5.475,106.35099792480469
2024-12-05 02:00:00+00:00,2670.5,31.684999465942383,72.30999755859375,5.475,106.2699966430664
2024-12-05 03:00:00+00:00,2672.800048828125,31.795000076293945,72.38999938964844,5.48,106.24500274658203
2024-12-05 04:00:00+00:00,2670.60009765625,31.7450008392334,72.33999633789062,5.48,106.30000305175781
2024-12-05 05:00:00+00:00,2677.5,31.84000015258789,72.26000213623047,5.4925,106.17900085449219
2024-12-05 06:00:00+00:00,2671.699951171875,31.760000228881836,72.33000183105469,5.5075,106.16999816894531
2024-12-05 07:00:00+00:00,2673.5,31.780000686645508,72.31999969482422,5.5025,106.09700012207031
2024-12-05 08:00:00+00:00,2667.60009765625,31.790000915527344,72.48999786376953,5.505,106.16999816894531
2024-12-05 09:00:00+00:00,2668.60009765625,31.84000015258789,72.6500015258789,5.5175,106.20700073242188
2024-12-05 10:00:00+00:00,2672.39990234375,31.860000610351562,72.58000183105469,5.515,106.19200134277344
2024-12-05 11:00:00+00:00,2674.800048828125,31.860000610351562,71.9000015258789,5.525,106.125
2024-12-05 12:00:00+00:00,2676.5,31.8799991607666,72.30000305175781,5.53,106.14600372314453
2024-12-05 13:00:00+00:00,2672.5,31.895000457763672,72.76000213623047,5.515,105.93399810791016
2024-12-05 14:00:00+00:00,2663.5,31.71500015258789,72.8499984741211,5.5375,105.84500122070312
2024-12-05 15:00:00+00:00,2663.5,31.68000030517578,72.62999725341797,5.5475,105.8489990234375
2024-12-05 16:00:00+00:00,2658.39990234375,31.68000030517578,72.31999969482422,5.5525,105.85600280761719
2024-12-05 17:00:00+00:00,2651.0,31.584999084472656,72.04000091552734,5.575,105.88400268554688
2024-12-05 18:00:00+00:00,2652.60009765625,31.6200008392334,72.3499984741211,5.59,105.88500213623047
2024-12-05 19:00:00+00:00,2652.800048828125,31.739999771118164,72.30999755859375,5.5825,105.71399688720703
2024-12-05 20:00:00+00:00,2654.5,31.825000762939453,72.22000122070312,5.5825,105.74400329589844
2024-12-05 21:00:00+00:00,2655.0,31.825000762939453,72.16999816894531,5.5825,105.72000122070312
2024-12-05 22:00:00+00:00,2655.0,31.825000762939453,72.16999816894531,5.5825,105.72000122070312
2024-12-05 23:00:00+00:00,2656.699951171875,31.84000015258789,72.18000030517578,5.5825,105.7249984741211
2024-12-06 00:00:00+00:00,2651.800048828125,31.719999313354492,72.11000061035156,5.5825,105.8030014038086
2024-12-06 01:00:00+00:00,2640.5,31.46500015258789,71.7699966430664,5.58,105.86299896240234
2024-12-06 02:00:00+00:00,2647.89990234375,31.655000686645508,71.94000244140625,5.5825,105.77899932861328
2024-12-06 03:00:00+00:00,2662.89990234375,31.8700008392334,72.05000305175781,5.585,105.77899932861328
2024-12-06 04:00:00+00:00,2664.199951171875,31.905000686645508,72.06999969482422,5.5875,105.80500030517578
2024-12-06 05:00:00+00:00,2659.800048828125,31.815000534057617,72.08999633789062,5.59,105.822998046875
2024-12-06 06:00:00+00:00,2661.300048828125,31.799999237060547,72.0,5.5875,105.80699920654297
2024-12-06 07:00:00+00:00,2661.800048828125,31.760000228881836,71.8499984741211,5.58,105.74199676513672
2024-12-06 08:00:00+00:00,2666.199951171875,31.850000381469727,71.81999969482422,5.595,105.78500366210938
2024-12-06 09:00:00+00:00,2662.5,31.825000762939453,71.83000183105469,5.57,105.83699798583984
2024-12-06 10:00:00+00:00,2655.60009765625,31.684999465942383,71.51000213623047,5.5575,105.80999755859375
2024-12-06 11:00:00+00:00,2659.89990234375,31.65999984741211,71.33999633789062,5.575,105.76399993896484
2024-12-06 12:00:00+00:00,2660.10009765625,31.674999237060547,71.30999755859375,5.5925,105.80699920654297
2024-12-06 13:00:00+00:00,2657.39990234375,31.75,71.2300033569336,5.595,105.5770034790039
2024-12-06 14:00:00+00:00,2657.10009765625,31.545000076293945,71.08999633789062,5.55,105.80699920654297
2024-12-06 15:00:00+00:00,2659.5,31.600000381469727,71.16999816894531,5.565,105.9540023803711
2024-12-06 16:00:00+00:00,2662.39990234375,31.674999237060547,71.3499984741211,5.575,105.96700286865234
2024-12-06 17:00:00+00:00,2656.800048828125,31.55500030517578,71.30999755859375,5.59,106.08000183105469
2024-12-06 18:00:00+00:00,2659.10009765625,31.545000076293945,71.45999908447266,5.5775,106.09400177001953
2024-12-06 19:00:00+00:00,2656.800048828125,31.5,71.0,5.5625,106.05500030517578
2024-12-06 20:00:00+00:00,2653.89990234375,31.5,71.05999755859375,5.5625,105.98600006103516
2024-12-06 21:00:00+00:00,2654.89990234375,31.485000610351562,71.05999755859375,5.5625,105.97000122070312
2024-12-08 22:00:00+00:00,2654.89990234375,31.485000610351562,71.05999755859375,5.5625,105.97000122070312
2024-12-08 23:00:00+00:00,2662.39990234375,31.59000015258789,71.19999694824219,5.5625,105.95800018310547
2024-12-09 00:00:00+00:00,2653.300048828125,31.489999771118164,71.06999969482422,5.5625,105.99800109863281
2024-12-09 01:00:00+00:00,2668.300048828125,31.735000610351562,71.43000030517578,5.5825,106.05799865722656
2024-12-09 02:00:00+00:00,2667.699951171875,31.610000610351562,71.37999725341797,5.5825,106.03600311279297
2024-12-09 03:00:00+00:00,2660.60009765625,31.475000381469727,71.38999938964844,5.585,106.18299865722656
2024-12-09 04:00:00+00:00,2658.300048828125,31.440000534057617,71.38999938964844,5.5875,106.19200134277344
2024-12-09 05:00:00+00:00,2660.0,31.479999542236328,71.5199966430664,5.6,106.19499969482422
2024-12-09 06:00:00+00:00,2665.300048828125,31.639999389648438,71.5199966430664,5.5975,106.1510009765625
2024-12-09 07:00:00+00:00,2672.300048828125,31.829999923706055,71.80999755859375,5.6125,105.99700164794922
2024-12-09 08:00:00+00:00,2671.0,31.860000610351562,72.04000091552734,5.63,105.97699737548828
2024-12-09 09:00:00+00:00,2677.10009765625,31.93000030517578,71.7699966430664,5.63,105.9739990234375
2024-12-09 10:00:00+00:00,2679.39990234375,32.185001373291016,71.80999755859375,5.6075,105.8759994506836
2024-12-09 11:00:00+00:00,2678.300048828125,32.22999954223633,71.94999694824219,5.625,105.96299743652344
2024-12-09 12:00:00+00:00,2678.699951171875,32.349998474121094,71.8499984741211,5.6375,106.00399780273438
2024-12-09 13:00:00+00:00,2688.699951171875,32.724998474121094,72.08999633789062,5.635,105.91300201416016
2024-12-09 14:00:00+00:00,2697.5,32.880001068115234,72.26000213623047,5.625,105.91400146484375
2024-12-09 15:00:00+00:00,2691.199951171875,32.75,72.44000244140625,5.5975,105.81500244140625
2024-12-09 16:00:00+00:00,2690.5,32.73500061035156,72.33000183105469,5.6175,105.99099731445312
2024-12-09 17:00:00+00:00,2687.39990234375,32.65999984741211,72.3499984741211,5.585,106.04199981689453
2024-12-09 18:00:00+00:00,2685.800048828125,32.525001525878906,72.26000213623047,5.5925,106.06500244140625
2024-12-09 19:00:00+00:00,2682.89990234375,32.470001220703125,72.08999633789062,5.5825,106.1449966430664
2024-12-09 20:00:00+00:00,2680.800048828125,32.40999984741211,71.91999816894531,5.5825,106.18199920654297
2024-12-09 21:00:00+00:00,2683.0,32.45000076293945,71.91999816894531,5.5825,106.15899658203125
2024-12-09 22:00:00+00:00,2683.0,32.45000076293945,71.91999816894531,5.5825,106.15399932861328
2024-12-09 23:00:00+00:00,2683.0,32.525001525878906,71.94000244140625,5.5825,106.1719970703125
2024-12-10 00:00:00+00:00,2687.699951171875,32.58000183105469,71.87999725341797,5.5825,106.18900299072266
2024-12-10 01:00:00+00:00,2690.300048828125,32.54499816894531,71.98999786376953,5.575,106.177001953125
2024-12-10 02:00:00+00:00,2691.60009765625,32.61000061035156,71.88999938964844,5.585,106.1729965209961
2024-12-10 03:00:00+00:00,2692.699951171875,32.6150016784668,71.86000061035156,5.57,106.13899993896484
2024-12-10 04:00:00+00:00,2693.5,32.59000015258789,71.80999755859375,5.5675,106.13300323486328
2024-12-10 05:00:00+00:00,2691.300048828125,32.55500030517578,71.77999877929688,5.56,106.0739974975586
2024-12-10 06:00:00+00:00,2692.5,32.529998779296875,71.86000061035156,5.5625,106.06500244140625
2024-12-10 07:00:00+00:00,2686.60009765625,32.3650016784668,71.8499984741211,5.56,106.25700378417969
2024-12-10 08:00:00+00:00,2685.60009765625,32.415000915527344,72.16999816894531,5.5425,106.32499694824219
2024-12-10 09:00:00+00:00,2687.60009765625,32.415000915527344,72.02999877929688,5.5475,106.3479995727539
2024-12-10 10:00:00+00:00,2698.10009765625,32.5,71.66999816894531,5.5675,106.3479995727539
2024-12-10 11:00:00+00:00,2697.0,32.54499816894531,71.7300033569336,5.5525,106.34200286865234
2024-12-10 12:00:00+00:00,2701.10009765625,32.59000015258789,71.94999694824219,5.565,106.3550033569336
2024-12-10 13:00:00+00:00,2704.39990234375,32.599998474121094,72.04000091552734,5.57,106.40399932861328
2024-12-10 14:00:00+00:00,2713.800048828125,32.75,72.08999633789062,5.6125,106.45099639892578
2024-12-10 15:00:00+00:00,2712.39990234375,32.64500045776367,72.55000305175781,5.6,106.59200286865234
2024-12-10 16:00:00+00:00,2717.89990234375,32.68000030517578,72.68000030517578,5.5975,106.51699829101562
2024-12-10 17:00:00+00:00,2719.699951171875,32.72999954223633,72.55000305175781,5.62,106.55000305175781
2024-12-10 18:00:00+00:00,2718.0,32.70500183105469,72.38999938964844,5.6175,106.40299987792969
2024-12-10 19:00:00+00:00,2718.300048828125,32.6150016784668,72.0,5.615,106.39900207519531
2024-12-10 20:00:00+00:00,2718.199951171875,32.55500030517578,71.98999786376953,5.615,106.40699768066406
2024-12-10 21:00:00+00:00,2721.5,32.650001525878906,72.06999969482422,5.615,106.41000366210938
2024-12-10 22:00:00+00:00,2721.5,32.650001525878906,72.06999969482422,5.615,106.39700317382812
2024-12-10 23:00:00+00:00,2723.800048828125,32.654998779296875,72.0999984741211,5.615,106.37899780273438
2024-12-11 00:00:00+00:00,2731.699951171875,32.755001068115234,72.12000274658203,5.615,106.36799621582031
2024-12-11 01:00:00+00:00,2732.39990234375,32.78499984741211,72.48999786376953,5.635,106.32099914550781
2024-12-11 02:00:00+00:00,2736.10009765625,32.79499816894531,72.5999984741211,5.6375,106.27999877929688
2024-12-11 03:00:00+00:00,2737.60009765625,32.71500015258789,72.58999633789062,5.64,106.35099792480469
2024-12-11 04:00:00+00:00,2736.300048828125,32.71500015258789,72.58000183105469,5.645,106.37899780273438
2024-12-11 05:00:00+00:00,2727.800048828125,32.599998474121094,72.63999938964844,5.6525,106.40699768066406
2024-12-11 06:00:00+00:00,2731.800048828125,32.650001525878906,72.73999786376953,5.64,106.39600372314453
2024-12-11 07:00:00+00:00,2726.199951171875,32.459999084472656,72.3499984741211,5.635,106.66799926757812
2024-12-11 08:00:00+00:00,2728.0,32.6349983215332,72.51000213623047,5.64,106.54199981689453
2024-12-11 09:00:00+00:00,2727.199951171875,32.584999084472656,72.83999633789062,5.6275,106.69400024414062
2024-12-11 10:00:00+00:00,2725.60009765625,32.55500030517578,72.87000274658203,5.6275,106.73100280761719
2024-12-11 11:00:00+00:00,2727.300048828125,32.59000015258789,73.0,5.6275,106.64600372314453
2024-12-11 12:00:00+00:00,2725.5,32.584999084472656,72.98999786376953,5.6175,106.6510009765625
2024-12-11 13:00:00+00:00,2732.10009765625,32.564998626708984,72.93000030517578,5.6475,106.43099975585938
2024-12-11 14:00:00+00:00,2742.199951171875,32.849998474121094,72.94999694824219,5.6675,106.56400299072266
2024-12-11 15:00:00+00:00,2754.699951171875,33.029998779296875,72.91999816894531,5.66,106.68199920654297
2024-12-11 16:00:00+00:00,2753.10009765625,33.029998779296875,73.2699966430664,5.6775,106.52899932861328
2024-12-11 17:00:00+00:00,2757.10009765625,32.93000030517578,73.3499984741211,5.655,106.72200012207031
2024-12-11 18:00:00+00:00,2750.60009765625,32.755001068115234,73.41000366210938,5.65,106.7760009765625
2024-12-11 19:00:00+00:00,2753.0,32.814998626708984,73.66999816894531,5.6225,106.70999908447266
2024-12-11 20:00:00+00:00,2752.699951171875,32.7599983215332,73.55999755859375,5.6225,106.69400024414062
2024-12-11 21:00:00+00:00,2753.800048828125,32.790000915527344,73.61000061035156,5.6225,106.65399932861328
2024-12-11 22:00:00+00:00,2753.800048828125,32.790000915527344,73.61000061035156,5.6225,106.63999938964844
2024-12-11 23:00:00+00:00,2753.89990234375,32.845001220703125,73.63999938964844,5.6225,106.62000274658203
2024-12-12 00:00:00+00:00,2758.39990234375,32.97999954223633,73.63999938964844,5.6225,106.53800201416016
2024-12-12 01:00:00+00:00,2751.5,32.8650016784668,73.5,5.6,106.51300048828125
2024-12-12 02:00:00+00:00,2746.0,32.86000061035156,73.55999755859375,5.6,106.56800079345703
2024-12-12 03:00:00+00:00,2748.300048828125,32.95000076293945,73.58000183105469,5.6125,106.55500030517578
2024-12-12 04:00:00+00:00,2748.199951171875,32.97999954223633,73.62999725341797,5.6125,106.51899719238281
2024-12-12 05:00:00+00:00,2748.5,33.08000183105469,73.73999786376953,5.605,106.55899810791016
2024-12-12 06:00:00+00:00,2751.89990234375,33.07500076293945,73.69000244140625,5.615,106.50399780273438
2024-12-12 07:00:00+00:00,2749.0,33.05500030517578,73.81999969482422,5.6175,106.50399780273438
2024-12-12 08:00:00+00:00,2753.699951171875,33.255001068115234,73.91999816894531,5.62,106.55999755859375
2024-12-12 09:00:00+00:00,2748.39990234375,33.185001373291016,73.7699966430664,5.6225,106.55799865722656
2024-12-12 10:00:00+00:00,2744.800048828125,32.959999084472656,73.47000122070312,5.62,106.64199829101562
2024-12-12 11:00:00+00:00,2742.5,32.834999084472656,73.61000061035156,5.625,106.5999984741211
2024-12-12 12:00:00+00:00,2736.39990234375,32.67499923706055,73.52999877929688,5.6575,106.71800231933594
2024-12-12 13:00:00+00:00,2726.199951171875,32.54999923706055,73.47000122070312,5.6375,106.71800231933594
2024-12-12 14:00:00+00:00,2711.0,32.040000915527344,72.95999908447266,5.6225,106.5250015258789
2024-12-12 15:00:00+00:00,2701.5,31.594999313354492,72.5999984741211,5.5975,106.87699890136719
2024-12-12 16:00:00+00:00,2707.199951171875,31.700000762939453,73.01000213623047,5.58,106.58100128173828
2024-12-12 17:00:00+00:00,2711.199951171875,31.700000762939453,73.63999938964844,5.5675,106.70600128173828
2024-12-12 18:00:00+00:00,2707.89990234375,31.665000915527344,73.5,5.575,106.86100006103516
2024-12-12 19:00:00+00:00,2706.39990234375,31.604999542236328,73.56999969482422,5.5875,106.95600128173828
2024-12-12 20:00:00+00:00,2704.10009765625,31.56999969482422,73.5199966430664,5.5875,107.02400207519531
2024-12-12 21:00:00+00:00,2705.199951171875,31.565000534057617,73.37000274658203,5.5875,107.01200103759766
2024-12-12 22:00:00+00:00,2705.199951171875,31.565000534057617,73.37000274658203,5.5875,106.98100280761719
2024-12-12 23:00:00+00:00,2704.89990234375,31.475000381469727,73.33999633789062,5.5875,107.00599670410156
2024-12-13 00:00:00+00:00,2708.89990234375,31.530000686645508,73.30999755859375,5.5875,106.94499969482422
2024-12-13 01:00:00+00:00,2714.0,31.510000228881836,73.31999969482422,5.5675,107.05699920654297
2024-12-13 02:00:00+00:00,2709.300048828125,31.434999465942383,73.36000061035156,5.575,107.10600280761719
2024-12-13 03:00:00+00:00,2710.300048828125,31.424999237060547,73.4000015258789,5.5775,107.11199951171875
2024-12-13 04:00:00+00:00,2709.60009765625,31.450000762939453,73.4800033569336,5.5775,107.09100341796875
2024-12-13 05:00:00+00:00,2709.10009765625,31.469999313354492,73.41000366210938,5.575,107.06900024414062
2024-12-13 06:00:00+00:00,2710.0,31.440000534057617,73.51000213623047,5.575,107.04499816894531
2024-12-13 07:00:00+00:00,2705.300048828125,31.3799991607666,73.66999816894531,5.585,107.13200378417969
2024-12-13 08:00:00+00:00,2695.10009765625,31.295000076293945,73.4000015258789,5.5625,107.10199737548828
2024-12-13 09:00:00+00:00,2689.199951171875,31.21500015258789,73.79000091552734,5.5725,107.00599670410156
2024-12-13 10:00:00+00:00,2686.699951171875,31.30500030517578,74.18000030517578,5.58,106.99500274658203
2024-12-13 11:00:00+00:00,2685.39990234375,31.25,74.08000183105469,5.595,106.98999786376953
2024-12-13 12:00:00+00:00,2693.60009765625,31.350000381469727,73.8499984741211,5.605,106.78600311279297
2024-12-13 13:00:00+00:00,2681.10009765625,31.040000915527344,73.70999908447266,5.5775,106.79299926757812
2024-12-13 14:00:00+00:00,2679.39990234375,31.010000228881836,73.94999694824219,5.5625,106.99500274658203
2024-12-13 15:00:00+00:00,2679.199951171875,31.010000228881836,74.08000183105469,5.535,107.04100036621094
2024-12-13 16:00:00+00:00,2681.5,30.975000381469727,74.36000061035156,5.52,106.98500061035156
2024-12-13 17:00:00+00:00,2676.199951171875,30.9950008392334,74.36000061035156,5.5225,106.98500061035156
2024-12-13 18:00:00+00:00,2674.39990234375,31.0049991607666,74.44999694824219,5.5275,106.98699951171875
2024-12-13 19:00:00+00:00,2672.800048828125,30.959999084472656,74.47000122070312,5.52,107.00299835205078
2024-12-13 20:00:00+00:00,2665.699951171875,30.959999084472656,74.37000274658203,5.52,106.98600006103516
2024-12-13 21:00:00+00:00,2665.89990234375,31.010000228881836,74.3499984741211,5.52,106.94499969482422
2024-12-15 22:00:00+00:00,2665.89990234375,31.010000228881836,74.3499984741211,5.52,106.94499969482422
2024-12-15 23:00:00+00:00,2669.300048828125,31.059999465942383,74.4000015258789,5.52,106.88300323486328
2024-12-16 00:00:00+00:00,2665.199951171875,31.014999389648438,74.31999969482422,5.52,106.87100219726562
2024-12-16 01:00:00+00:00,2672.10009765625,31.045000076293945,74.37999725341797,5.52,106.84100341796875
2024-12-16 02:00:00+00:00,2670.300048828125,30.959999084472656,74.2300033569336,5.5175,106.88800048828125
2024-12-16 03:00:00+00:00,2671.699951171875,30.985000610351562,74.2300033569336,5.5175,106.88500213623047
2024-12-16 04:00:00+00:00,2670.39990234375,30.985000610351562,74.2300033569336,5.515,106.84300231933594
2024-12-16 05:00:00+00:00,2671.0,31.049999237060547,74.12999725341797,5.5125,106.81199645996094
2024-12-16 06:00:00+00:00,2671.60009765625,31.05500030517578,74.20999908447266,5.52,106.8550033569336
2024-12-16 07:00:00+00:00,2672.199951171875,31.100000381469727,74.22000122070312,5.5175,106.8949966430664
2024-12-16 08:00:00+00:00,2676.10009765625,31.114999771118164,73.91000366210938,5.5375,106.88300323486328
2024-12-16 09:00:00+00:00,2676.60009765625,31.125,73.86000061035156,5.5375,106.9010009765625
2024-12-16 10:00:00+00:00,2677.5,31.09000015258789,73.8499984741211,5.55,107.02300262451172
2024-12-16 11:00:00+00:00,2682.5,31.145000457763672,73.81999969482422,5.5575,106.9990005493164
2024-12-16 12:00:00+00:00,2679.10009765625,31.1200008392334,73.98999786376953,5.5625,107.00800323486328
2024-12-16 13:00:00+00:00,2681.300048828125,31.204999923706055,74.05000305175781,5.575,106.89399719238281
2024-12-16 14:00:00+00:00,2673.5,31.079999923706055,74.0199966430664,5.5575,107.0999984741211
2024-12-16 15:00:00+00:00,2672.800048828125,31.09000015258789,74.1500015258789,5.535,106.86599731445312
2024-12-16 16:00:00+00:00,2670.10009765625,31.079999923706055,73.79000091552734,5.525,106.84700012207031
2024-12-16 17:00:00+00:00,2669.39990234375,31.065000534057617,74.11000061035156,5.5025,106.84500122070312
2024-12-16 18:00:00+00:00,2672.5,31.110000610351562,73.9000015258789,5.505,106.76599884033203
2024-12-16 19:00:00+00:00,2669.89990234375,31.065000534057617,73.80000305175781,5.4925,106.85800170898438
2024-12-16 20:00:00+00:00,2670.10009765625,31.045000076293945,73.79000091552734,5.4925,106.875
2024-12-16 21:00:00+00:00,2670.199951171875,31.040000915527344,73.87000274658203,5.4925,106.85299682617188
2024-12-16 22:00:00+00:00,2670.199951171875,31.040000915527344,73.87000274658203,5.4925,106.86000061035156
2024-12-16 23:00:00+00:00,2668.39990234375,31.024999618530273,73.87999725341797,5.4925,106.86100006103516
2024-12-17 00:00:00+00:00,2672.199951171875,31.06999969482422,73.9000015258789,5.4925,106.72799682617188
2024-12-17 01:00:00+00:00,2675.199951171875,31.100000381469727,73.94000244140625,5.5075,106.77400207519531
2024-12-17 02:00:00+00:00,2672.0,30.975000381469727,73.87999725341797,5.5,106.80400085449219
2024-12-17 03:00:00+00:00,2670.800048828125,30.979999542236328,73.83000183105469,5.5,106.85199737548828
2024-12-17 04:00:00+00:00,2668.39990234375,30.920000076293945,73.86000061035156,5.5025,106.88899993896484
2024-12-17 05:00:00+00:00,2670.60009765625,30.950000762939453,74.02999877929688,5.5075,106.92500305175781
2024-12-17 06:00:00+00:00,2666.199951171875,30.895000457763672,74.12000274658203,5.5075,106.94599914550781
2024-12-17 07:00:00+00:00,2670.39990234375,30.975000381469727,73.91000366210938,5.4975,106.9520034790039
2024-12-17 08:00:00+00:00,2659.5,30.739999771118164,73.31999969482422,5.4775,106.99700164794922
2024-12-17 09:00:00+00:00,2654.60009765625,30.7549991607666,73.5,5.475,107.0250015258789
2024-12-17 10:00:00+00:00,2653.199951171875,30.665000915527344,73.37000274658203,5.49,107.00700378417969
2024-12-17 11:00:00+00:00,2657.199951171875,30.7549991607666,73.19999694824219,5.515,106.98699951171875
2024-12-17 12:00:00+00:00,2657.60009765625,30.729999542236328,73.12999725341797,5.5175,106.91899871826172
2024-12-17 13:00:00+00:00,2650.10009765625,30.665000915527344,73.05000305175781,5.51,106.88200378417969
2024-12-17 14:00:00+00:00,2649.89990234375,30.65999984741211,72.79000091552734,5.45,106.89700317382812
2024-12-17 15:00:00+00:00,2654.39990234375,30.850000381469727,72.52999877929688,5.4475,106.91100311279297
2024-12-17 16:00:00+00:00,2653.89990234375,30.905000686645508,72.8499984741211,5.455,106.8499984741211
2024-12-17 17:00:00+00:00,2662.199951171875,30.959999084472656,73.08000183105469,5.44,106.86000061035156
2024-12-17 18:00:00+00:00,2663.5,30.9950008392334,73.23999786376953,5.4425,106.91400146484375
2024-12-17 19:00:00+00:00,2662.0,30.950000762939453,73.27999877929688,5.4475,106.95600128173828
2024-12-17 20:00:00+00:00,2660.5,30.969999313354492,73.27999877929688,5.4475,106.97799682617188
2024-12-17 21:00:00+00:00,2663.5,31.0,73.33999633789062,5.4475,106.9540023803711
2024-12-17 22:00:00+00:00,2663.5,31.0,73.33999633789062,5.4475,106.93499755859375
2024-12-17 23:00:00+00:00,2663.60009765625,30.969999313354492,73.30999755859375,5.4475,106.93900299072266
2024-12-18 00:00:00+00:00,2666.300048828125,30.9950008392334,73.27999877929688,5.4475,106.91999816894531
2024-12-18 01:00:00+00:00,2666.39990234375,31.020000457763672,73.37000274658203,5.46,106.89299774169922
2024-12-18 02:00:00+00:00,2662.5,30.920000076293945,73.23999786376953,5.4525,106.9260025024414
2024-12-18 03:00:00+00:00,2660.5,30.844999313354492,73.20999908447266,5.4375,106.93900299072266
2024-12-18 04:00:00+00:00,2660.10009765625,30.850000381469727,73.27999877929688,5.4425,106.89299774169922
2024-12-18 05:00:00+00:00,2662.89990234375,30.905000686645508,73.19000244140625,5.45,106.89099884033203
2024-12-18 06:00:00+00:00,2661.699951171875,30.8799991607666,73.29000091552734,5.4425,106.8290023803711
2024-12-18 07:00:00+00:00,2659.89990234375,30.854999542236328,73.54000091552734,5.435,106.95600128173828
2024-12-18 08:00:00+00:00,2663.199951171875,30.860000610351562,73.58999633789062,5.4475,106.97799682617188
2024-12-18 09:00:00+00:00,2662.300048828125,30.885000228881836,73.66999816894531,5.4425,106.98699951171875
2024-12-18 10:00:00+00:00,2664.300048828125,30.895000457763672,73.52999877929688,5.4675,106.91699981689453
2024-12-18 11:00:00+00:00,2661.800048828125,30.84000015258789,73.58999633789062,5.4675,106.9540023803711
2024-12-18 12:00:00+00:00,2659.800048828125,30.834999084472656,73.83000183105469,5.4575,106.99700164794922
2024-12-18 13:00:00+00:00,2659.800048828125,30.84000015258789,73.73999786376953,5.4725,107.00199890136719
2024-12-18 14:00:00+00:00,2654.0,30.725000381469727,73.69000244140625,5.5125,106.9540023803711
2024-12-18 15:00:00+00:00,2654.800048828125,30.71500015258789,73.94000244140625,5.4825,107.13700103759766
2024-12-18 16:00:00+00:00,2651.39990234375,30.635000228881836,74.05999755859375,5.4425,107.1780014038086
2024-12-18 17:00:00+00:00,2652.0,30.700000762939453,73.58999633789062,5.42,107.10299682617188
2024-12-18 18:00:00+00:00,2652.5,30.709999084472656,73.48999786376953,5.435,107.00399780273438
2024-12-18 19:00:00+00:00,2619.5,30.264999389648438,73.13999938964844,5.4125,108.0270004272461
2024-12-18 20:00:00+00:00,2606.89990234375,29.934999465942383,72.83000183105469,5.4125,108.13500213623047
2024-12-18 21:00:00+00:00,2599.60009765625,29.80500030517578,72.81999969482422,5.4125,108.2490005493164
2024-12-18 22:00:00+00:00,2599.60009765625,29.80500030517578,72.81999969482422,5.4125,108.25199890136719
2024-12-18 23:00:00+00:00,2601.5,29.764999389648438,72.87999725341797,5.4125,108.2020034790039
2024-12-19 00:00:00+00:00,2608.300048828125,30.03499984741211,72.86000061035156,5.4125,108.10399627685547
2024-12-19 01:00:00+00:00,2624.199951171875,29.93000030517578,73.0,5.38,108.02799987792969
2024-12-19 02:00:00+00:00,2624.699951171875,29.934999465942383,73.01000213623047,5.3725,107.99099731445312
2024-12-19 03:00:00+00:00,2623.10009765625,29.889999389648438,73.08999633789062,5.3675,108.08799743652344
2024-12-19 04:00:00+00:00,2622.10009765625,29.854999542236328,72.98999786376953,5.3725,108.09600067138672
2024-12-19 05:00:00+00:00,2620.10009765625,29.8700008392334,72.94999694824219,5.3625,108.06400299072266
2024-12-19 06:00:00+00:00,2625.300048828125,29.985000610351562,73.16999816894531,5.365,108.10700225830078
2024-12-19 07:00:00+00:00,2630.10009765625,29.9950008392334,72.95999908447266,5.3575,108.03800201416016
2024-12-19 08:00:00+00:00,2632.699951171875,30.024999618530273,73.04000091552734,5.3575,107.94400024414062
2024-12-19 09:00:00+00:00,2633.800048828125,29.989999771118164,73.37999725341797,5.3475,107.90399932861328
2024-12-19 10:00:00+00:00,2633.300048828125,29.969999313354492,73.33999633789062,5.325,107.95600128173828
2024-12-19 11:00:00+00:00,2630.89990234375,29.96500015258789,73.16999816894531,5.3175,107.9469985961914
2024-12-19 12:00:00+00:00,2620.699951171875,29.764999389648438,73.12000274658203,5.3175,108.04399871826172
2024-12-19 13:00:00+00:00,2610.0,29.540000915527344,73.69999694824219,5.35,108.02799987792969
2024-12-19 14:00:00+00:00,2606.5,29.3700008392334,73.62000274658203,5.325,108.07099914550781
2024-12-19 15:00:00+00:00,2603.10009765625,29.219999313354492,73.0,5.335,108.25499725341797
2024-12-19 16:00:00+00:00,2606.60009765625,29.270000457763672,72.72000122070312,5.325,108.43900299072266
2024-12-19 17:00:00+00:00,2607.5,29.344999313354492,72.80000305175781,5.32,108.43499755859375
2024-12-19 18:00:00+00:00,2614.5,29.489999771118164,72.9000015258789,5.33,108.3010025024414
2024-12-19 19:00:00+00:00,2611.39990234375,29.469999313354492,72.69999694824219,5.3225,108.40799713134766
2024-12-19 20:00:00+00:00,2612.300048828125,29.540000915527344,72.55000305175781,5.3225,108.36100006103516
2024-12-19 21:00:00+00:00,2610.0,29.475000381469727,72.62999725341797,5.3225,108.41200256347656
2024-12-19 22:00:00+00:00,2610.0,29.475000381469727,72.62999725341797,5.3225,108.39399719238281
2024-12-19 23:00:00+00:00,2608.800048828125,29.459999084472656,72.63999938964844,5.3225,108.42500305175781
2024-12-20 00:00:00+00:00,2604.89990234375,29.375,72.54000091552734,5.3225,108.45600128173828
2024-12-20 01:00:00+00:00,2617.699951171875,29.475000381469727,72.56999969482422,5.3375,108.42400360107422
2024-12-20 02:00:00+00:00,2611.39990234375,29.364999771118164,72.4800033569336,5.3475,108.4000015258789
2024-12-20 03:00:00+00:00,2612.300048828125,29.34000015258789,72.37999725341797,5.345,108.43699645996094
2024-12-20 04:00:00+00:00,2612.699951171875,29.389999389648438,72.44000244140625,5.345,108.47200012207031
2024-12-20 05:00:00+00:00,2614.0,29.415000915527344,72.5,5.355,108.38300323486328
2024-12-20 06:00:00+00:00,2618.60009765625,29.489999771118164,72.54000091552734,5.3575,108.29000091552734
2024-12-20 07:00:00+00:00,2620.0,29.43000030517578,72.43000030517578,5.3625,108.21800231933594
2024-12-20 08:00:00+00:00,2620.0,29.364999771118164,72.38999938964844,5.3675,108.16799926757812
2024-12-20 09:00:00+00:00,2619.800048828125,29.30500030517578,72.22000122070312,5.365,108.21099853515625
2024-12-20 10:00:00+00:00,2619.199951171875,29.235000610351562,72.11000061035156,5.35,108.14099884033203
2024-12-20 11:00:00+00:00,2618.39990234375,29.2549991607666,72.02999877929688,5.3425,108.15499877929688
2024-12-20 12:00:00+00:00,2617.800048828125,29.28499984741211,72.62999725341797,5.34,108.15599822998047
2024-12-20 13:00:00+00:00,2625.199951171875,29.405000686645508,72.26000213623047,5.3275,107.98600006103516
2024-12-20 14:00:00+00:00,2634.10009765625,29.635000228881836,72.08000183105469,5.3225,108.07099914550781
2024-12-20 15:00:00+00:00,2652.10009765625,30.0,72.58000183105469,5.3175,108.0469970703125
2024-12-20 16:00:00+00:00,2643.699951171875,29.940000534057617,72.79000091552734,5.3525,107.74299621582031
2024-12-20 17:00:00+00:00,2644.800048828125,29.96500015258789,73.04000091552734,5.3475,107.71499633789062
2024-12-20 18:00:00+00:00,2647.300048828125,30.149999618530273,73.08000183105469,5.3375,107.68800354003906
2024-12-20 19:00:00+00:00,2648.0,30.15999984741211,72.94000244140625,5.3275,107.62100219726562
2024-12-20 20:00:00+00:00,2642.89990234375,30.125,72.91999816894531,5.3275,107.7959976196289
2024-12-20 21:00:00+00:00,2640.800048828125,30.075000762939453,72.98999786376953,5.3275,107.81500244140625
2024-12-22 22:00:00+00:00,2640.800048828125,30.075000762939453,72.98999786376953,5.3275,107.81500244140625
2024-12-22 23:00:00+00:00,2641.39990234375,30.165000915527344,72.98999786376953,5.3275,107.79299926757812
2024-12-23 00:00:00+00:00,2637.699951171875,30.06999969482422,72.70999908447266,5.3275,107.8010025024414
2024-12-23 01:00:00+00:00,2638.10009765625,30.110000610351562,72.88999938964844,5.365,107.74700164794922
2024-12-23 02:00:00+00:00,2641.5,30.21500015258789,72.94999694824219,5.3675,107.71499633789062
2024-12-23 03:00:00+00:00,2639.10009765625,30.149999618530273,73.30000305175781,5.3725,107.73600006103516
2024-12-23 04:00:00+00:00,2640.60009765625,30.15999984741211,72.88999938964844,5.3775,107.70999908447266
2024-12-23 05:00:00+00:00,2641.5,30.165000915527344,72.83000183105469,5.3675,107.74600219726562
2024-12-23 06:00:00+00:00,2645.300048828125,30.25,72.8499984741211,5.3675,107.7969970703125
2024-12-23 07:00:00+00:00,2643.89990234375,30.274999618530273,73.13999938964844,5.3625,107.9800033569336
2024-12-23 08:00:00+00:00,2644.10009765625,30.270000457763672,73.26000213623047,5.3725,107.89600372314453
2024-12-23 09:00:00+00:00,2640.60009765625,30.219999313354492,72.93000030517578,5.3875,107.98300170898438
2024-12-23 10:00:00+00:00,2634.10009765625,30.155000686645508,72.68000030517578,5.3725,108.14800262451172
2024-12-23 11:00:00+00:00,2630.0,30.139999389648438,72.25,5.38,108.10299682617188
2024-12-23 12:00:00+00:00,2629.199951171875,30.15999984741211,72.52999877929688,5.3525,108.1780014038086
2024-12-23 13:00:00+00:00,2631.300048828125,30.135000228881836,72.47000122070312,5.3525,108.16699981689453
2024-12-23 14:00:00+00:00,2629.699951171875,30.1200008392334,72.05000305175781,5.365,108.21199798583984
2024-12-23 15:00:00+00:00,2624.699951171875,30.1299991607666,71.76000213623047,5.3925,108.22599792480469
2024-12-23 16:00:00+00:00,2632.0,30.274999618530273,72.05000305175781,5.41,108.0790023803711
2024-12-23 17:00:00+00:00,2628.199951171875,30.204999923706055,72.08000183105469,5.4225,108.15599822998047
2024-12-23 18:00:00+00:00,2627.199951171875,30.225000381469727,72.70999908447266,5.4175,108.06900024414062
2024-12-23 19:00:00+00:00,2626.800048828125,30.239999771118164,72.83000183105469,5.4025,108.03700256347656
2024-12-23 20:00:00+00:00,2626.5,30.225000381469727,72.55999755859375,5.4025,108.08200073242188
2024-12-23 21:00:00+00:00,2629.300048828125,30.225000381469727,72.98999786376953,5.4025,108.08300018310547
2024-12-23 22:00:00+00:00,2629.300048828125,30.225000381469727,72.98999786376953,5.4025,108.08599853515625
2024-12-23 23:00:00+00:00,2629.89990234375,30.2450008392334,72.52999877929688,5.4025,108.08100128173828
2024-12-24 00:00:00+00:00,2630.60009765625,30.219999313354492,72.55999755859375,5.4025,108.14900207519531
2024-12-24 01:00:00+00:00,2632.10009765625,30.274999618530273,72.52999877929688,5.3825,108.10900115966797
2024-12-24 02:00:00+00:00,2630.699951171875,30.280000686645508,72.9000015258789,5.3775,108.12999725341797
2024-12-24 03:00:00+00:00,2632.0,30.28499984741211,72.48999786376953,5.375,108.18900299072266
2024-12-24 04:00:00+00:00,2633.39990234375,30.329999923706055,72.62999725341797,5.38,108.13899993896484
2024-12-24 14:30:00+00:00,2625.0,30.18000030517578,73.05000305175781,5.3475,108.10299682617188
2024-12-24 15:30:00+00:00,2626.60009765625,30.149999618530273,73.18000030517578,5.3625,108.22599792480469
2024-12-24 16:30:00+00:00,2631.5,30.235000610351562,73.29000091552734,5.3475,108.26799774169922
2024-12-24 17:30:00+00:00,2634.199951171875,30.264999389648438,73.48999786376953,5.3475,108.25700378417969
2024-12-26 05:00:00+00:00,2642.0,30.25,73.25,5.3475,108.15899658203125
2024-12-26 06:00:00+00:00,2641.300048828125,30.229999542236328,73.25,5.3475,108.1719970703125
2024-12-26 07:00:00+00:00,2640.0,30.204999923706055,73.33999633789062,5.3475,108.19300079345703
2024-12-26 08:00:00+00:00,2641.800048828125,30.229999542236328,73.44000244140625,5.3475,108.21800231933594
2024-12-26 09:00:00+00:00,2642.0,30.280000686645508,73.55000305175781,5.3475,108.18599700927734
2024-12-26 10:00:00+00:00,2644.199951171875,30.329999923706055,73.55999755859375,5.3475,108.15599822998047
2024-12-26 11:00:00+00:00,2643.800048828125,30.309999465942383,73.55999755859375,5.3475,108.17500305175781
2024-12-26 12:00:00+00:00,2642.10009765625,30.329999923706055,73.56999969482422,5.3475,108.22200012207031
2024-12-26 13:00:00+00:00,2638.89990234375,30.364999771118164,73.55000305175781,5.3475,108.21399688720703
2024-12-26 14:00:00+00:00,2646.199951171875,30.40999984741211,73.44999694824219,5.3725,108.2490005493164
2024-12-26 15:00:00+00:00,2652.800048828125,30.43000030517578,73.22000122070312,5.3925,108.21499633789062
2024-12-26 16:00:00+00:00,2648.800048828125,30.334999084472656,73.54000091552734,5.4225,108.10800170898438
2024-12-26 17:00:00+00:00,2647.0,30.260000228881836,73.43000030517578,5.425,108.19200134277344
2024-12-26 18:00:00+00:00,2653.5,30.309999465942383,72.94999694824219,5.4175,108.10600280761719
2024-12-26 19:00:00+00:00,2653.39990234375,30.375,72.77999877929688,5.4175,108.12899780273438
2024-12-26 20:00:00+00:00,2654.800048828125,30.405000686645508,73.16000366210938,5.4175,108.11599731445312
2024-12-26 21:00:00+00:00,2653.300048828125,30.40999984741211,72.83000183105469,5.4175,108.09700012207031
2024-12-26 22:00:00+00:00,2653.300048828125,30.40999984741211,72.83000183105469,5.4175,108.07599639892578
2024-12-26 23:00:00+00:00,2652.800048828125,30.405000686645508,72.8499984741211,5.4175,108.0790023803711
2024-12-27 00:00:00+00:00,2651.300048828125,30.360000610351562,72.72000122070312,5.4175,108.11900329589844
2024-12-27 01:00:00+00:00,2650.60009765625,30.3700008392334,72.83000183105469,5.4175,108.14399719238281
2024-12-27 02:00:00+00:00,2651.10009765625,30.44499969482422,72.87999725341797,5.415,108.15299987792969
2024-12-27 03:00:00+00:00,2652.5,30.44499969482422,72.91000366210938,5.4175,108.13300323486328
2024-12-27 04:00:00+00:00,2650.39990234375,30.3700008392334,72.83000183105469,5.4125,108.15399932861328
2024-12-27 05:00:00+00:00,2647.5,30.360000610351562,72.80999755859375,5.41,108.1719970703125
2024-12-27 06:00:00+00:00,2649.699951171875,30.360000610351562,72.77999877929688,5.405,108.1449966430664
2024-12-27 07:00:00+00:00,2648.800048828125,30.315000534057617,73.0199966430664,5.39,108.08499908447266
2024-12-27 08:00:00+00:00,2640.800048828125,30.2450008392334,73.0,5.3875,108.14199829101562
2024-12-27 09:00:00+00:00,2638.699951171875,30.18000030517578,73.04000091552734,5.3775,108.12799835205078
2024-12-27 10:00:00+00:00,2641.699951171875,30.139999389648438,73.36000061035156,5.38,108.07599639892578
2024-12-27 11:00:00+00:00,2644.199951171875,30.21500015258789,73.36000061035156,5.3875,107.91000366210938
2024-12-27 12:00:00+00:00,2641.60009765625,30.110000610351562,73.47000122070312,5.4025,107.9530029296875
2024-12-27 13:00:00+00:00,2633.39990234375,29.9950008392334,73.52999877929688,5.415,107.91699981689453
2024-12-27 14:00:00+00:00,2629.699951171875,30.024999618530273,73.56999969482422,5.4,108.01000213623047
2024-12-27 15:00:00+00:00,2633.800048828125,30.024999618530273,73.44000244140625,5.4025,108.02300262451172
2024-12-27 16:00:00+00:00,2633.60009765625,29.979999542236328,73.5199966430664,5.4475,108.04000091552734
2024-12-27 17:00:00+00:00,2630.800048828125,29.950000762939453,73.5,5.465,108.0780029296875
2024-12-27 18:00:00+00:00,2634.10009765625,30.010000228881836,73.81999969482422,5.46,108.02400207519531
2024-12-27 19:00:00+00:00,2636.300048828125,30.049999237060547,73.62000274658203,5.475,107.99800109863281
2024-12-27 20:00:00+00:00,2631.60009765625,29.959999084472656,73.41999816894531,5.475,108.01699829101562
2024-12-27 21:00:00+00:00,2636.5,29.975000381469727,73.41999816894531,5.475,108.00599670410156
2024-12-29 22:00:00+00:00,2636.5,29.975000381469727,73.41999816894531,5.475,108.00599670410156
2024-12-29 23:00:00+00:00,2638.699951171875,30.020000457763672,73.66000366210938,5.475,107.98699951171875
2024-12-30 00:00:00+00:00,2636.60009765625,29.985000610351562,73.66000366210938,5.475,107.99700164794922
2024-12-30 01:00:00+00:00,2637.699951171875,30.014999389648438,73.9000015258789,5.4875,107.99400329589844
2024-12-30 02:00:00+00:00,2636.699951171875,29.979999542236328,73.81999969482422,5.49,107.99700164794922
2024-12-30 03:00:00+00:00,2639.89990234375,30.05500030517578,73.81999969482422,5.485,107.9990005493164
2024-12-30 04:00:00+00:00,2634.699951171875,30.020000457763672,73.87000274658203,5.4875,107.98999786376953
2024-12-30 05:00:00+00:00,2635.39990234375,30.03499984741211,73.83000183105469,5.4825,107.99600219726562
2024-12-30 06:00:00+00:00,2631.199951171875,30.0,73.70999908447266,5.49,107.96800231933594
2024-12-30 07:00:00+00:00,2628.89990234375,30.0049991607666,73.72000122070312,5.495,107.99099731445312
2024-12-30 08:00:00+00:00,2623.60009765625,29.889999389648438,73.41000366210938,5.4925,108.11100006103516
2024-12-30 09:00:00+00:00,2624.89990234375,29.959999084472656,73.70999908447266,5.4825,107.94300079345703
2024-12-30 10:00:00+00:00,2623.10009765625,29.924999237060547,73.62000274658203,5.475,107.89800262451172
2024-12-30 11:00:00+00:00,2629.5,30.03499984741211,73.87000274658203,5.47,107.81099700927734
2024-12-30 12:00:00+00:00,2635.10009765625,30.03499984741211,73.97000122070312,5.52,107.81199645996094
2024-12-30 13:00:00+00:00,2618.300048828125,29.635000228881836,74.05999755859375,5.5175,108.26899719238281
2024-12-30 14:00:00+00:00,2623.699951171875,29.68000030517578,74.2699966430664,5.525,108.10700225830078
2024-12-30 15:00:00+00:00,2613.60009765625,29.364999771118164,74.29000091552734,5.465,108.3030014038086
2024-12-30 16:00:00+00:00,2612.0,29.375,74.25,5.475,108.26200103759766
2024-12-30 17:00:00+00:00,2618.39990234375,29.43000030517578,74.30999755859375,5.47,108.15699768066406
2024-12-30 18:00:00+00:00,2619.0,29.43000030517578,74.11000061035156,5.4725,108.05000305175781
2024-12-30 19:00:00+00:00,2620.300048828125,29.43000030517578,74.02999877929688,5.4875,108.12999725341797
2024-12-30 20:00:00+00:00,2621.89990234375,29.434999465942383,74.08000183105469,5.4875,108.08699798583984
2024-12-30 21:00:00+00:00,2620.0,29.375,74.0999984741211,5.4875,108.03500366210938
2024-12-30 22:00:00+00:00,2620.0,29.375,74.0999984741211,5.4875,108.05400085449219
2024-12-30 23:00:00+00:00,2620.199951171875,29.3700008392334,74.18000030517578,5.4875,108.07599639892578
2024-12-31 00:00:00+00:00,2620.89990234375,29.3799991607666,74.22000122070312,5.4875,108.0469970703125
2024-12-31 01:00:00+00:00,2620.699951171875,29.389999389648438,74.4800033569336,5.485,107.94400024414062
2024-12-31 02:00:00+00:00,2619.39990234375,29.350000381469727,74.37999725341797,5.4675,107.93399810791016
2024-12-31 03:00:00+00:00,2616.60009765625,29.299999237060547,74.29000091552734,5.4775,107.9749984741211
2024-12-31 04:00:00+00:00,2619.10009765625,29.325000762939453,74.62000274658203,5.485,107.99099731445312
2024-12-31 05:00:00+00:00,2616.0,29.270000457763672,74.58999633789062,5.4725,107.98799896240234
2024-12-31 06:00:00+00:00,2619.300048828125,29.295000076293945,74.69999694824219,5.4875,108.00499725341797
2024-12-31 07:00:00+00:00,2625.89990234375,29.389999389648438,74.54000091552734,5.49,107.93199920654297
2024-12-31 08:00:00+00:00,2628.699951171875,29.415000915527344,74.4800033569336,5.4775,107.88700103759766
2024-12-31 09:00:00+00:00,2627.5,29.440000534057617,74.33999633789062,5.475,107.93800354003906
2024-12-31 10:00:00+00:00,2624.0,29.420000076293945,74.44000244140625,5.49,108.00399780273438
2024-12-31 11:00:00+00:00,2623.39990234375,29.3700008392334,74.52999877929688,5.5075,108.03700256347656
2024-12-31 12:00:00+00:00,2623.89990234375,29.344999313354492,73.94000244140625,5.515,108.1729965209961
2024-12-31 13:00:00+00:00,2625.60009765625,29.329999923706055,74.06999969482422,5.515,108.19000244140625
2024-12-31 14:00:00+00:00,2626.699951171875,29.350000381469727,74.48999786376953,5.51,108.26599884033203
2024-12-31 15:00:00+00:00,2640.199951171875,29.34000015258789,74.62000274658203,5.51,108.43800354003906
2024-12-31 16:00:00+00:00,2639.300048828125,29.290000915527344,74.6500015258789,5.49,108.52400207519531
2024-12-31 17:00:00+00:00,2638.60009765625,29.2549991607666,74.72000122070312,5.4875,108.52200317382812
2024-12-31 18:00:00+00:00,2638.60009765625,29.21500015258789,74.70999908447266,5.5025,108.4990005493164
2024-12-31 19:00:00+00:00,2637.89990234375,29.264999389648438,74.83000183105469,5.51,108.48699951171875
2024-12-31 20:00:00+00:00,2637.800048828125,29.280000686645508,74.75,5.51,108.4530029296875
2024-12-31 21:00:00+00:00,2639.300048828125,29.290000915527344,74.80000305175781,5.51,108.48100280761719
2024-12-31 22:00:00+00:00,2639.300048828125,29.290000915527344,74.80000305175781,5.51,108.48100280761719
2025-01-02 05:00:00+00:00,2646.0,29.735000610351562,74.83000183105469,5.51,108.37300109863281
2025-01-02 06:00:00+00:00,2646.5,29.780000686645508,74.87000274658203,5.51,108.33100128173828
2025-01-02 07:00:00+00:00,2647.89990234375,29.719999313354492,74.87999725341797,5.51,108.36799621582031
2025-01-02 08:00:00+00:00,2648.800048828125,29.690000534057617,74.87999725341797,5.51,108.40399932861328
2025-01-02 09:00:00+00:00,2649.0,29.709999084472656,75.33999633789062,5.51,108.48600006103516
2025-01-02 10:00:00+00:00,2654.699951171875,29.799999237060547,75.68000030517578,5.51,108.8010025024414
2025-01-02 11:00:00+00:00,2654.60009765625,29.81999969482422,75.73999786376953,5.51,108.7030029296875
2025-01-02 12:00:00+00:00,2656.39990234375,29.834999084472656,75.72000122070312,5.51,108.81999969482422
2025-01-02 13:00:00+00:00,2656.300048828125,29.71500015258789,75.75,5.51,108.83599853515625
2025-01-02 14:00:00+00:00,2660.699951171875,29.799999237060547,76.25,5.46,108.9219970703125
2025-01-02 15:00:00+00:00,2667.699951171875,29.899999618530273,76.30000305175781,5.4475,109.16699981689453
2025-01-02 16:00:00+00:00,2673.0,30.024999618530273,76.38999938964844,5.4625,109.30599975585938
2025-01-02 17:00:00+00:00,2670.5,29.954999923706055,76.13999938964844,5.475,109.26699829101562
2025-01-02 18:00:00+00:00,2669.199951171875,29.8700008392334,75.9800033569336,5.46,109.3290023803711
2025-01-02 19:00:00+00:00,2668.199951171875,29.860000610351562,76.01000213623047,5.455,109.39399719238281
2025-01-02 20:00:00+00:00,2672.60009765625,29.985000610351562,75.88999938964844,5.455,109.28700256347656
2025-01-02 21:00:00+00:00,2671.199951171875,29.985000610351562,75.9000015258789,5.455,109.24299621582031
2025-01-02 22:00:00+00:00,2671.199951171875,29.985000610351562,75.9000015258789,5.455,109.24800109863281
2025-01-02 23:00:00+00:00,2671.10009765625,29.954999923706055,75.91000366210938,5.455,109.25399780273438
2025-01-03 00:00:00+00:00,2674.5,30.014999389648438,75.97000122070312,5.455,109.15899658203125
2025-01-03 01:00:00+00:00,2673.60009765625,29.979999542236328,76.05000305175781,5.46,109.20099639892578
2025-01-03 02:00:00+00:00,2676.800048828125,30.03499984741211,76.06999969482422,5.46,109.15799713134766
2025-01-03 03:00:00+00:00,2677.39990234375,30.030000686645508,76.16000366210938,5.46,109.16899871826172
2025-01-03 04:00:00+00:00,2677.800048828125,30.045000076293945,76.12000274658203,5.4675,109.1760025024414
2025-01-03 05:00:00+00:00,2674.300048828125,29.9950008392334,76.02999877929688,5.455,109.16300201416016
2025-01-03 06:00:00+00:00,2674.800048828125,30.030000686645508,75.94000244140625,5.4475,109.08699798583984
2025-01-03 07:00:00+00:00,2669.60009765625,30.05500030517578,75.88999938964844,5.445,109.08100128173828
2025-01-03 08:00:00+00:00,2667.10009765625,30.045000076293945,75.7699966430664,5.4425,109.11199951171875
2025-01-03 09:00:00+00:00,2667.699951171875,30.135000228881836,75.62999725341797,5.4425,109.0250015258789
2025-01-03 10:00:00+00:00,2672.0,30.15999984741211,75.5999984741211,5.445,109.11799621582031
2025-01-03 11:00:00+00:00,2672.10009765625,30.2450008392334,75.80999755859375,5.425,108.96800231933594
2025-01-03 12:00:00+00:00,2669.300048828125,30.229999542236328,75.86000061035156,5.4075,108.97599792480469
2025-01-03 13:00:00+00:00,2664.10009765625,30.31999969482422,76.18000030517578,5.4075,109.01300048828125
2025-01-03 14:00:00+00:00,2661.5,30.30500030517578,76.16000366210938,5.3775,108.93900299072266
2025-01-03 15:00:00+00:00,2657.89990234375,30.229999542236328,76.4000015258789,5.31,109.0770034790039
2025-01-03 16:00:00+00:00,2653.39990234375,30.165000915527344,76.52999877929688,5.29,109.0469970703125
2025-01-03 17:00:00+00:00,2655.5,30.040000915527344,76.68000030517578,5.2875,108.99099731445312
2025-01-03 18:00:00+00:00,2656.10009765625,30.145000457763672,76.55999755859375,5.2975,108.99400329589844
2025-01-03 19:00:00+00:00,2653.300048828125,30.110000610351562,76.63999938964844,5.285,108.9520034790039
2025-01-03 20:00:00+00:00,2651.89990234375,30.09000015258789,76.58000183105469,5.285,108.93499755859375
2025-01-03 21:00:00+00:00,2652.699951171875,30.100000381469727,76.58999633789062,5.285,108.9219970703125
2025-01-05 22:00:00+00:00,2652.699951171875,30.100000381469727,76.58999633789062,5.285,108.9219970703125
2025-01-05 23:00:00+00:00,2653.60009765625,30.094999313354492,76.66999816894531,5.285,108.95899963378906
2025-01-06 00:00:00+00:00,2655.800048828125,30.145000457763672,76.44999694824219,5.285,108.96499633789062
2025-01-06 01:00:00+00:00,2654.199951171875,30.094999313354492,76.68000030517578,5.3325,108.88400268554688
2025-01-06 02:00:00+00:00,2657.199951171875,30.174999237060547,76.48999786376953,5.325,108.86399841308594
2025-01-06 03:00:00+00:00,2652.199951171875,30.05500030517578,76.33999633789062,5.325,108.87000274658203
2025-01-06 04:00:00+00:00,2647.10009765625,30.030000686645508,76.19000244140625,5.3275,108.8759994506836
2025-01-06 05:00:00+00:00,2645.199951171875,29.969999313354492,76.22000122070312,5.3175,108.91300201416016
2025-01-06 06:00:00+00:00,2643.60009765625,30.024999618530273,76.27999877929688,5.3175,108.875
2025-01-06 07:00:00+00:00,2638.699951171875,30.079999923706055,76.2300033569336,5.3175,108.75599670410156
2025-01-06 08:00:00+00:00,2643.60009765625,30.260000228881836,76.2300033569336,5.3275,108.55599975585938
2025-01-06 09:00:00+00:00,2644.89990234375,30.264999389648438,76.31999969482422,5.3325,108.5459976196289
2025-01-06 10:00:00+00:00,2645.800048828125,30.229999542236328,76.48999786376953,5.3325,108.70700073242188
2025-01-06 11:00:00+00:00,2659.39990234375,30.8799991607666,76.77999877929688,5.3575,107.93800354003906
2025-01-06 12:00:00+00:00,2658.10009765625,30.8799991607666,76.98999786376953,5.36,107.97899627685547
2025-01-06 13:00:00+00:00,2634.5,30.44499969482422,76.83000183105469,5.375,107.92500305175781
2025-01-06 14:00:00+00:00,2643.199951171875,30.5049991607666,77.36000061035156,5.4175,108.19400024414062
2025-01-06 15:00:00+00:00,2645.199951171875,30.625,76.72000122070312,5.4175,108.23300170898438
2025-01-06 16:00:00+00:00,2652.199951171875,30.690000534057617,76.81999969482422,5.4125,108.197998046875
2025-01-06 17:00:00+00:00,2647.89990234375,30.604999542236328,76.29000091552734,5.4225,108.26399993896484
2025-01-06 18:00:00+00:00,2645.699951171875,30.4950008392334,76.0999984741211,5.4125,108.31999969482422
2025-01-06 19:00:00+00:00,2645.60009765625,30.475000381469727,76.26000213623047,5.4,108.25700378417969
2025-01-06 20:00:00+00:00,2645.199951171875,30.440000534057617,76.22000122070312,5.4,108.25599670410156
2025-01-06 21:00:00+00:00,2647.0,30.485000610351562,76.20999908447266,5.4,108.23699951171875
2025-01-06 22:00:00+00:00,2647.0,30.485000610351562,76.20999908447266,5.4,108.23999786376953
2025-01-06 23:00:00+00:00,2645.10009765625,30.469999313354492,76.11000061035156,5.4,108.27899932861328
2025-01-07 00:00:00+00:00,2646.300048828125,30.469999313354492,76.12999725341797,5.4,108.33300018310547
2025-01-07 01:00:00+00:00,2650.10009765625,30.55500030517578,76.18000030517578,5.37,108.36599731445312
2025-01-07 02:00:00+00:00,2648.800048828125,30.5,76.20999908447266,5.3725,108.35099792480469
2025-01-07 03:00:00+00:00,2650.699951171875,30.584999084472656,76.18000030517578,5.365,108.24500274658203
2025-01-07 04:00:00+00:00,2648.89990234375,30.55500030517578,76.2300033569336,5.3675,108.24600219726562
2025-01-07 05:00:00+00:00,2654.89990234375,30.674999237060547,76.30999755859375,5.3625,108.18199920654297
2025-01-07 06:00:00+00:00,2652.10009765625,30.6299991607666,76.23999786376953,5.36,108.1709976196289
2025-01-07 07:00:00+00:00,2652.199951171875,30.729999542236328,76.06999969482422,5.36,108.01499938964844
2025-01-07 08:00:00+00:00,2653.800048828125,30.78499984741211,75.93000030517578,5.3525,107.93299865722656
2025-01-07 09:00:00+00:00,2652.89990234375,30.790000915527344,76.37000274658203,5.375,107.91799926757812
2025-01-07 10:00:00+00:00,2655.39990234375,30.815000534057617,76.69999694824219,5.395,107.9489974975586
2025-01-07 11:00:00+00:00,2659.60009765625,30.84000015258789,77.05000305175781,5.4,108.06500244140625
2025-01-07 12:00:00+00:00,2663.89990234375,30.860000610351562,76.93000030517578,5.405,108.24600219726562
2025-01-07 13:00:00+00:00,2676.5,31.0049991607666,76.88999938964844,5.39,108.1780014038086
2025-01-07 14:00:00+00:00,2672.5,30.905000686645508,77.04000091552734,5.4225,108.24099731445312
2025-01-07 15:00:00+00:00,2661.0,30.690000534057617,77.05000305175781,5.43,108.43699645996094
2025-01-07 16:00:00+00:00,2665.699951171875,30.670000076293945,76.88999938964844,5.4175,108.45099639892578
2025-01-07 17:00:00+00:00,2666.699951171875,30.719999313354492,77.11000061035156,5.4275,108.43699645996094
2025-01-07 18:00:00+00:00,2663.5,30.670000076293945,77.05999755859375,5.435,108.56099700927734
2025-01-07 19:00:00+00:00,2663.699951171875,30.704999923706055,77.19999694824219,5.4275,108.54199981689453
2025-01-07 20:00:00+00:00,2664.800048828125,30.655000686645508,77.05999755859375,5.4275,108.6449966430664
2025-01-07 21:00:00+00:00,2663.10009765625,30.665000915527344,77.1500015258789,5.4275,108.69999694824219
2025-01-07 22:00:00+00:00,2663.10009765625,30.665000915527344,77.1500015258789,5.4275,108.68199920654297
2025-01-07 23:00:00+00:00,2663.800048828125,30.69499969482422,77.38999938964844,5.4275,108.68099975585938
2025-01-08 00:00:00+00:00,2664.5,30.71500015258789,77.3499984741211,5.4275,108.65799713134766
2025-01-08 01:00:00+00:00,2662.89990234375,30.725000381469727,77.4000015258789,5.4275,108.58899688720703
2025-01-08 02:00:00+00:00,2662.89990234375,30.735000610351562,77.30000305175781,5.4325,108.58899688720703
2025-01-08 03:00:00+00:00,2660.10009765625,30.625,77.27999877929688,5.4275,108.6449966430664
2025-01-08 04:00:00+00:00,2659.800048828125,30.635000228881836,77.31999969482422,5.4325,108.6259994506836
2025-01-08 05:00:00+00:00,2664.0,30.719999313354492,77.56999969482422,5.4425,108.58300018310547
2025-01-08 06:00:00+00:00,2666.0,30.739999771118164,77.38999938964844,5.4175,108.5979995727539
2025-01-08 07:00:00+00:00,2666.39990234375,30.639999389648438,77.52999877929688,5.405,108.7770004272461
2025-01-08 08:00:00+00:00,2665.60009765625,30.700000762939453,77.86000061035156,5.4175,108.91200256347656
2025-01-08 09:00:00+00:00,2667.5,30.809999465942383,77.73999786376953,5.4475,108.88300323486328
2025-01-08 10:00:00+00:00,2666.60009765625,30.81999969482422,77.06999969482422,5.4025,108.90799713134766
2025-01-08 11:00:00+00:00,2664.10009765625,30.735000610351562,77.31999969482422,5.3975,109.14800262451172
2025-01-08 12:00:00+00:00,2665.699951171875,30.670000076293945,77.38999938964844,5.3775,109.29499816894531
2025-01-08 13:00:00+00:00,2674.800048828125,30.790000915527344,77.25,5.36,109.10600280761719
2025-01-08 14:00:00+00:00,2677.199951171875,30.860000610351562,77.16999816894531,5.3675,109.23600006103516
2025-01-08 15:00:00+00:00,2681.5,30.825000762939453,76.77999877929688,5.38,109.14800262451172
2025-01-08 16:00:00+00:00,2686.199951171875,30.905000686645508,76.19000244140625,5.3525,109.03500366210938
2025-01-08 17:00:00+00:00,2671.800048828125,30.645000457763672,76.16999816894531,5.355,109.12300109863281
2025-01-08 18:00:00+00:00,2669.800048828125,30.625,76.08000183105469,5.3575,109.0719985961914
2025-01-08 19:00:00+00:00,2674.60009765625,30.704999923706055,76.2699966430664,5.355,109.08999633789062
2025-01-08 20:00:00+00:00,2680.60009765625,30.764999389648438,76.2300033569336,5.355,109.02300262451172
2025-01-08 21:00:00+00:00,2680.10009765625,30.7450008392334,76.18000030517578,5.355,109.0
2025-01-08 22:00:00+00:00,2680.10009765625,30.7450008392334,76.18000030517578,5.355,108.99400329589844
2025-01-08 23:00:00+00:00,2679.199951171875,30.760000228881836,76.12000274658203,5.355,109.00800323486328
2025-01-09 00:00:00+00:00,2677.5,30.69499969482422,76.16000366210938,5.355,109.03700256347656
2025-01-09 01:00:00+00:00,2676.39990234375,30.725000381469727,75.79000091552734,5.37,109.01200103759766
2025-01-09 02:00:00+00:00,2677.0,30.729999542236328,75.95999908447266,5.365,108.98999786376953
2025-01-09 03:00:00+00:00,2678.0,30.725000381469727,76.06999969482422,5.375,109.03500366210938
2025-01-09 04:00:00+00:00,2677.300048828125,30.7450008392334,76.05000305175781,5.385,109.05899810791016
2025-01-09 05:00:00+00:00,2676.0,30.75,76.19999694824219,5.38,109.08399963378906
2025-01-09 06:00:00+00:00,2683.60009765625,30.80500030517578,76.25,5.3775,109.1760025024414
2025-01-09 07:00:00+00:00,2678.89990234375,30.700000762939453,75.98999786376953,5.37,109.30400085449219
2025-01-09 08:00:00+00:00,2681.39990234375,30.889999389648438,76.0199966430664,5.3875,109.13700103759766
2025-01-09 09:00:00+00:00,2681.10009765625,30.895000457763672,76.16000366210938,5.3625,109.14600372314453
2025-01-09 10:00:00+00:00,2683.300048828125,30.934999465942383,76.29000091552734,5.3525,109.15699768066406
2025-01-09 11:00:00+00:00,2687.300048828125,31.0049991607666,76.36000061035156,5.345,109.16500091552734
2025-01-09 12:00:00+00:00,2691.800048828125,31.084999084472656,76.55000305175781,5.34,109.12799835205078
2025-01-09 13:00:00+00:00,2691.39990234375,31.104999542236328,76.54000091552734,5.3475,109.08300018310547
2025-01-09 14:00:00+00:00,2691.89990234375,31.15999984741211,76.58000183105469,5.3125,109.08899688720703
2025-01-09 15:00:00+00:00,2687.5,31.010000228881836,76.93000030517578,5.3,109.16999816894531
2025-01-09 16:00:00+00:00,2686.699951171875,30.989999771118164,77.05000305175781,5.325,109.18599700927734
2025-01-09 17:00:00+00:00,2685.60009765625,30.979999542236328,77.0999984741211,5.3375,109.19499969482422
2025-01-09 18:00:00+00:00,2692.300048828125,30.9950008392334,76.98999786376953,5.3225,109.16300201416016
2025-01-09 19:00:00+00:00,2691.300048828125,30.985000610351562,77.20999908447266,5.3225,109.17900085449219
2025-01-09 20:00:00+00:00,2691.199951171875,31.0049991607666,77.20999908447266,5.3225,109.15399932861328
2025-01-09 21:00:00+00:00,2692.60009765625,31.030000686645508,77.23999786376953,5.3225,109.1729965209961
2025-01-09 22:00:00+00:00,2692.60009765625,31.030000686645508,77.23999786376953,5.3225,109.16899871826172
2025-01-09 23:00:00+00:00,2693.300048828125,31.014999389648438,77.22000122070312,5.3225,109.16200256347656
2025-01-10 00:00:00+00:00,2695.0,31.059999465942383,77.23999786376953,5.3225,109.20600128173828
2025-01-10 01:00:00+00:00,2694.60009765625,31.084999084472656,77.08999633789062,5.335,109.16699981689453
2025-01-10 02:00:00+00:00,2696.800048828125,31.145000457763672,77.11000061035156,5.34,109.18399810791016
2025-01-10 03:00:00+00:00,2697.699951171875,31.15999984741211,77.08999633789062,5.3425,109.20999908447266
2025-01-10 04:00:00+00:00,2695.699951171875,31.114999771118164,77.23999786376953,5.33,109.25800323486328
2025-01-10 05:00:00+00:00,2699.699951171875,31.135000228881836,77.33999633789062,5.33,109.34600067138672
2025-01-10 06:00:00+00:00,2702.39990234375,31.149999618530273,77.37000274658203,5.3275,109.37300109863281
2025-01-10 07:00:00+00:00,2700.10009765625,31.094999313354492,77.56999969482422,5.3325,109.23799896240234
2025-01-10 08:00:00+00:00,2706.89990234375,31.155000686645508,77.9800033569336,5.35,109.15299987792969
2025-01-10 09:00:00+00:00,2704.10009765625,31.145000457763672,78.7300033569336,5.3475,109.1709976196289
2025-01-10 10:00:00+00:00,2709.199951171875,31.200000762939453,78.80999755859375,5.3425,109.17900085449219
2025-01-10 11:00:00+00:00,2708.699951171875,31.21500015258789,79.5,5.3475,109.1719970703125
2025-01-10 12:00:00+00:00,2704.89990234375,31.149999618530273,79.69999694824219,5.335,109.13099670410156
2025-01-10 13:00:00+00:00,2713.0,31.19499969482422,79.86000061035156,5.31,109.59700012207031
2025-01-10 14:00:00+00:00,2723.39990234375,31.559999465942383,80.05000305175781,5.3125,109.5530014038086
2025-01-10 15:00:00+00:00,2720.60009765625,31.325000762939453,78.87999725341797,5.3,109.56600189208984
2025-01-10 16:00:00+00:00,2727.10009765625,31.415000915527344,79.20999908447266,5.27,109.697998046875
2025-01-10 17:00:00+00:00,2726.39990234375,31.3799991607666,79.44000244140625,5.335,109.61299896240234
2025-01-10 18:00:00+00:00,2717.39990234375,31.354999542236328,79.58000183105469,5.3025,109.6729965209961
2025-01-10 19:00:00+00:00,2716.300048828125,31.31999969482422,79.6500015258789,5.2975,109.6500015258789
2025-01-10 20:00:00+00:00,2716.699951171875,31.270000457763672,79.69999694824219,5.2975,109.65699768066406
2025-01-10 21:00:00+00:00,2717.39990234375,31.299999237060547,79.68000030517578,5.2975,109.63999938964844
2025-01-12 22:00:00+00:00,2717.39990234375,31.299999237060547,79.68000030517578,5.2975,109.63999938964844
2025-01-12 23:00:00+00:00,2721.10009765625,31.3799991607666,81.18000030517578,5.2975,109.67400360107422
2025-01-13 00:00:00+00:00,2720.199951171875,31.354999542236328,81.33999633789062,5.2975,109.66999816894531
2025-01-13 01:00:00+00:00,2716.39990234375,31.25,81.18000030517578,5.3325,109.6510009765625
2025-01-13 02:00:00+00:00,2717.5,31.30500030517578,81.04000091552734,5.345,109.68299865722656
2025-01-13 03:00:00+00:00,2715.39990234375,31.209999084472656,80.98999786376953,5.35,109.8949966430664
2025-01-13 04:00:00+00:00,2713.89990234375,31.18000030517578,81.23999786376953,5.3475,109.93599700927734
2025-01-13 05:00:00+00:00,2714.39990234375,31.18000030517578,81.30000305175781,5.355,109.85800170898438
2025-01-13 06:00:00+00:00,2716.10009765625,31.2450008392334,81.2300033569336,5.3475,109.87899780273438
2025-01-13 07:00:00+00:00,2708.300048828125,31.184999465942383,80.94000244140625,5.355,109.89700317382812
2025-01-13 08:00:00+00:00,2712.5,31.209999084472656,81.48999786376953,5.38,109.86499786376953
2025-01-13 09:00:00+00:00,2707.199951171875,30.8799991607666,80.5999984741211,5.3875,110.05400085449219
2025-01-13 10:00:00+00:00,2706.0,30.864999771118164,81.08999633789062,5.3825,109.99500274658203
2025-01-13 11:00:00+00:00,2699.89990234375,30.690000534057617,81.1500015258789,5.385,110.04100036621094
2025-01-13 12:00:00+00:00,2691.89990234375,30.549999237060547,81.13999938964844,5.38,109.94599914550781
2025-01-13 13:00:00+00:00,2689.5,30.389999389648438,80.76000213623047,5.3625,109.89900207519531
2025-01-13 14:00:00+00:00,2690.10009765625,30.5,80.6500015258789,5.4,109.91400146484375
2025-01-13 15:00:00+00:00,2680.89990234375,30.264999389648438,81.05999755859375,5.3875,110.02400207519531
2025-01-13 16:00:00+00:00,2681.5,30.28499984741211,81.27999877929688,5.4175,109.93499755859375
2025-01-13 17:00:00+00:00,2682.199951171875,30.350000381469727,81.19000244140625,5.4275,109.8290023803711
2025-01-13 18:00:00+00:00,2678.60009765625,30.28499984741211,80.87999725341797,5.45,109.8479995727539
2025-01-13 19:00:00+00:00,2677.39990234375,30.28499984741211,81.08999633789062,5.4525,109.95600128173828
2025-01-13 20:00:00+00:00,2680.199951171875,30.264999389648438,80.83000183105469,5.4525,109.85900115966797
2025-01-13 21:00:00+00:00,2681.199951171875,30.295000076293945,80.87000274658203,5.4525,109.60600280761719
2025-01-13 22:00:00+00:00,2681.199951171875,30.295000076293945,80.87000274658203,5.4525,109.43099975585938
2025-01-13 23:00:00+00:00,2686.0,30.325000762939453,80.94999694824219,5.4525,109.50399780273438
2025-01-14 00:00:00+00:00,2687.300048828125,30.31999969482422,80.88999938964844,5.4525,109.58000183105469
2025-01-14 01:00:00+00:00,2686.60009765625,30.295000076293945,80.77999877929688,5.455,109.55899810791016
2025-01-14 02:00:00+00:00,2686.10009765625,30.264999389648438,80.58999633789062,5.4525,109.62699890136719
2025-01-14 03:00:00+00:00,2686.300048828125,30.30500030517578,80.75,5.455,109.57599639892578
2025-01-14 04:00:00+00:00,2688.60009765625,30.354999542236328,80.56999969482422,5.4425,109.552001953125
2025-01-14 05:00:00+00:00,2684.10009765625,30.264999389648438,80.55999755859375,5.44,109.61900329589844
2025-01-14 06:00:00+00:00,2684.0,30.31999969482422,80.4800033569336,5.4375,109.53600311279297
2025-01-14 07:00:00+00:00,2683.300048828125,30.360000610351562,80.41000366210938,5.435,109.52400207519531
2025-01-14 08:00:00+00:00,2684.800048828125,30.354999542236328,80.73999786376953,5.45,109.48799896240234
2025-01-14 09:00:00+00:00,2682.300048828125,30.31999969482422,81.08000183105469,5.435,109.56400299072266
2025-01-14 10:00:00+00:00,2679.89990234375,30.31999969482422,80.36000061035156,5.4375,109.5469970703125
2025-01-14 11:00:00+00:00,2682.300048828125,30.3700008392334,80.86000061035156,5.4475,109.61000061035156
2025-01-14 12:00:00+00:00,2680.800048828125,30.309999465942383,80.5199966430664,5.4425,109.67400360107422
2025-01-14 13:00:00+00:00,2675.300048828125,30.334999084472656,80.52999877929688,5.4625,109.64199829101562
2025-01-14 14:00:00+00:00,2678.199951171875,30.354999542236328,80.08999633789062,5.4925,109.5270004272461
2025-01-14 15:00:00+00:00,2684.89990234375,30.530000686645508,80.36000061035156,5.4825,109.29000091552734
2025-01-14 16:00:00+00:00,2685.60009765625,30.43000030517578,80.22000122070312,5.4975,109.34200286865234
2025-01-14 17:00:00+00:00,2683.0,30.405000686645508,80.19999694824219,5.465,109.37899780273438
2025-01-14 18:00:00+00:00,2685.89990234375,30.489999771118164,80.05000305175781,5.4475,109.25700378417969
2025-01-14 19:00:00+00:00,2687.800048828125,30.454999923706055,79.97000122070312,5.4675,109.27300262451172
2025-01-14 20:00:00+00:00,2690.199951171875,30.540000915527344,80.16000366210938,5.4675,109.24099731445312
2025-01-14 21:00:00+00:00,2693.10009765625,30.55500030517578,80.36000061035156,5.4675,109.18099975585938
2025-01-14 22:00:00+00:00,2693.10009765625,30.55500030517578,80.36000061035156,5.4675,109.19300079345703
2025-01-14 23:00:00+00:00,2691.89990234375,30.514999389648438,80.25,5.4675,109.19000244140625
2025-01-15 00:00:00+00:00,2689.300048828125,30.44499969482422,80.22000122070312,5.4675,109.24500274658203
2025-01-15 01:00:00+00:00,2686.0,30.389999389648438,79.9800033569336,5.465,109.24800109863281
2025-01-15 02:00:00+00:00,2689.800048828125,30.450000762939453,79.87000274658203,5.4475,109.2770004272461
2025-01-15 03:00:00+00:00,2691.39990234375,30.454999923706055,79.91000366210938,5.45,109.22699737548828
2025-01-15 04:00:00+00:00,2690.5,30.385000228881836,80.12999725341797,5.44,109.20099639892578
2025-01-15 05:00:00+00:00,2693.199951171875,30.43000030517578,80.19000244140625,5.445,109.24500274658203
2025-01-15 06:00:00+00:00,2695.699951171875,30.530000686645508,80.37999725341797,5.4375,109.22599792480469
2025-01-15 07:00:00+00:00,2697.89990234375,30.584999084472656,80.33999633789062,5.45,109.06300354003906
2025-01-15 08:00:00+00:00,2702.0,30.665000915527344,79.94000244140625,5.435,109.18299865722656
2025-01-15 09:00:00+00:00,2707.699951171875,30.780000686645508,80.06999969482422,5.445,109.04399871826172
2025-01-15 10:00:00+00:00,2711.0,30.7549991607666,80.0,5.4475,109.04900360107422
2025-01-15 11:00:00+00:00,2708.10009765625,30.739999771118164,80.0999984741211,5.4475,109.11000061035156
2025-01-15 12:00:00+00:00,2706.0,30.6299991607666,80.20999908447266,5.4525,109.14199829101562
2025-01-15 13:00:00+00:00,2716.39990234375,31.075000762939453,80.4800033569336,5.4825,108.64600372314453
2025-01-15 14:00:00+00:00,2704.300048828125,31.09000015258789,81.05000305175781,5.51,108.8010025024414
2025-01-15 15:00:00+00:00,2699.800048828125,31.05500030517578,80.73999786376953,5.4775,108.96099853515625
2025-01-15 16:00:00+00:00,2712.0,31.334999084472656,81.44999694824219,5.475,109.21499633789062
2025-01-15 17:00:00+00:00,2715.89990234375,31.489999771118164,81.62999725341797,5.4775,109.18299865722656
2025-01-15 18:00:00+00:00,2718.199951171875,31.549999237060547,81.81999969482422,5.455,109.10700225830078
2025-01-15 19:00:00+00:00,2718.199951171875,31.604999542236328,82.37999725341797,5.4725,109.08999633789062
2025-01-15 20:00:00+00:00,2719.60009765625,31.600000381469727,82.48999786376953,5.4725,109.06400299072266
2025-01-15 21:00:00+00:00,2722.60009765625,31.600000381469727,82.51000213623047,5.4725,109.10700225830078
2025-01-15 22:00:00+00:00,2722.60009765625,31.600000381469727,82.51000213623047,5.4725,109.08200073242188
2025-01-15 23:00:00+00:00,2723.60009765625,31.600000381469727,82.41000366210938,5.4725,109.08000183105469
2025-01-16 00:00:00+00:00,2723.199951171875,31.55500030517578,82.38999938964844,5.4725,109.00599670410156
2025-01-16 01:00:00+00:00,2727.39990234375,31.725000381469727,82.12999725341797,5.44,109.04399871826172
2025-01-16 02:00:00+00:00,2726.5,31.639999389648438,82.30000305175781,5.455,109.08899688720703
2025-01-16 03:00:00+00:00,2727.800048828125,31.645000457763672,82.37999725341797,5.4475,109.07599639892578
2025-01-16 04:00:00+00:00,2728.0,31.645000457763672,82.25,5.435,109.11799621582031
2025-01-16 05:00:00+00:00,2724.800048828125,31.559999465942383,82.05000305175781,5.44,109.18499755859375
2025-01-16 06:00:00+00:00,2724.10009765625,31.65999984741211,82.23999786376953,5.4425,109.12100219726562
2025-01-16 07:00:00+00:00,2727.199951171875,31.8700008392334,82.16000366210938,5.4275,109.06800079345703
2025-01-16 08:00:00+00:00,2730.0,31.84000015258789,81.87999725341797,5.415,109.07599639892578
2025-01-16 09:00:00+00:00,2736.39990234375,31.905000686645508,81.93000030517578,5.4175,109.1259994506836
2025-01-16 10:00:00+00:00,2737.89990234375,31.860000610351562,81.66999816894531,5.41,109.12699890136719
2025-01-16 11:00:00+00:00,2732.60009765625,31.854999542236328,81.13999938964844,5.4025,109.0979995727539
2025-01-16 12:00:00+00:00,2730.800048828125,31.665000915527344,81.4000015258789,5.3925,109.2750015258789
2025-01-16 13:00:00+00:00,2744.10009765625,31.844999313354492,81.88999938964844,5.3925,109.197998046875
2025-01-16 14:00:00+00:00,2749.0,31.764999389648438,81.68000030517578,5.4175,109.23100280761719
2025-01-16 15:00:00+00:00,2752.10009765625,31.809999465942383,81.30999755859375,5.3975,108.97699737548828
2025-01-16 16:00:00+00:00,2752.89990234375,31.84000015258789,80.97000122070312,5.43,108.9530029296875
2025-01-16 17:00:00+00:00,2754.10009765625,31.780000686645508,81.44000244140625,5.4125,108.9800033569336
2025-01-16 18:00:00+00:00,2748.10009765625,31.635000228881836,81.0199966430664,5.3775,108.97699737548828
2025-01-16 19:00:00+00:00,2748.10009765625,31.655000686645508,81.38999938964844,5.375,108.95700073242188
2025-01-16 20:00:00+00:00,2747.0,31.604999542236328,81.33000183105469,5.375,108.9739990234375
2025-01-16 21:00:00+00:00,2746.89990234375,31.610000610351562,81.33000183105469,5.375,108.9469985961914
2025-01-16 22:00:00+00:00,2746.89990234375,31.610000610351562,81.33000183105469,5.375,108.9469985961914
2025-01-16 23:00:00+00:00,2745.0,31.53499984741211,81.37000274658203,5.375,108.95600128173828
2025-01-17 00:00:00+00:00,2747.60009765625,31.625,81.43000030517578,5.375,108.92900085449219
2025-01-17 01:00:00+00:00,2746.300048828125,31.59000015258789,81.55999755859375,5.3825,108.93599700927734
2025-01-17 02:00:00+00:00,2746.60009765625,31.575000762939453,81.61000061035156,5.39,108.96900177001953
2025-01-17 03:00:00+00:00,2747.0,31.584999084472656,81.62000274658203,5.3925,108.98100280761719
2025-01-17 04:00:00+00:00,2745.10009765625,31.524999618530273,81.7699966430664,5.3875,109.03900146484375
2025-01-17 05:00:00+00:00,2741.10009765625,31.415000915527344,81.6500015258789,5.39,109.06800079345703
2025-01-17 06:00:00+00:00,2741.300048828125,31.459999084472656,81.58999633789062,5.385,109.0979995727539
2025-01-17 07:00:00+00:00,2740.699951171875,31.389999389648438,81.76000213623047,5.4025,109.18499755859375
2025-01-17 08:00:00+00:00,2739.699951171875,31.354999542236328,81.62999725341797,5.3925,109.08399963378906
2025-01-17 09:00:00+00:00,2731.10009765625,31.225000381469727,81.55000305175781,5.39,109.09600067138672
2025-01-17 10:00:00+00:00,2729.60009765625,31.260000228881836,81.52999877929688,5.365,109.0510025024414
2025-01-17 11:00:00+00:00,2736.39990234375,31.405000686645508,81.29000091552734,5.3625,109.04199981689453
2025-01-17 12:00:00+00:00,2741.89990234375,31.34000015258789,81.12999725341797,5.35,109.1500015258789
2025-01-17 13:00:00+00:00,2736.89990234375,30.975000381469727,80.83000183105469,5.3525,109.1780014038086
2025-01-17 14:00:00+00:00,2745.0,31.155000686645508,81.02999877929688,5.355,109.11399841308594
2025-01-17 15:00:00+00:00,2749.10009765625,31.125,80.63999938964844,5.4075,109.09600067138672
2025-01-17 16:00:00+00:00,2758.300048828125,31.280000686645508,81.2300033569336,5.4075,109.25499725341797
2025-01-17 17:00:00+00:00,2753.39990234375,31.18000030517578,80.9800033569336,5.38,109.30400085449219
2025-01-17 18:00:00+00:00,2744.199951171875,31.09000015258789,80.91000366210938,5.395,109.30799865722656
2025-01-17 19:00:00+00:00,2742.0,30.989999771118164,80.69999694824219,5.3925,109.34700012207031
2025-01-17 20:00:00+00:00,2739.0,31.040000915527344,80.76000213623047,5.3925,109.35800170898438
2025-01-17 21:00:00+00:00,2739.800048828125,31.045000076293945,80.75,5.3925,109.40499877929688
2025-01-19 22:00:00+00:00,2739.800048828125,31.045000076293945,80.75,5.3925,109.40499877929688
2025-01-19 23:00:00+00:00,2736.300048828125,31.024999618530273,81.01000213623047,5.3925,109.33599853515625
2025-01-20 00:00:00+00:00,2737.5,31.05500030517578,81.02999877929688,5.3925,109.24199676513672
2025-01-20 01:00:00+00:00,2737.5,30.989999771118164,80.8499984741211,5.3925,109.19599914550781
2025-01-20 02:00:00+00:00,2739.60009765625,31.0,80.68000030517578,5.3925,109.19000244140625
2025-01-20 03:00:00+00:00,2744.89990234375,31.184999465942383,80.76000213623047,5.3925,109.05000305175781
2025-01-20 04:00:00+00:00,2747.5,31.25,80.62999725341797,5.3925,109.09200286865234
2025-01-21 05:00:00+00:00,2743.800048828125,31.415000915527344,80.08999633789062,5.49,108.43000030517578
2025-01-21 06:00:00+00:00,2739.89990234375,31.274999618530273,79.8499984741211,5.485,108.53500366210938
2025-01-21 07:00:00+00:00,2741.60009765625,31.2549991607666,79.80999755859375,5.4675,108.52400207519531
2025-01-21 08:00:00+00:00,2735.39990234375,31.075000762939453,79.44000244140625,5.4625,108.61100006103516
2025-01-21 09:00:00+00:00,2731.39990234375,31.094999313354492,79.33999633789062,5.4575,108.69100189208984
2025-01-21 10:00:00+00:00,2732.5,31.094999313354492,78.94000244140625,5.475,108.70099639892578
2025-01-21 11:00:00+00:00,2734.5,31.165000915527344,78.5999984741211,5.46,108.71499633789062
2025-01-21 12:00:00+00:00,2737.60009765625,31.204999923706055,78.97000122070312,5.455,108.69200134277344
2025-01-21 13:00:00+00:00,2737.60009765625,31.149999618530273,78.48999786376953,5.485,108.46800231933594
2025-01-21 14:00:00+00:00,2753.89990234375,31.385000228881836,79.11000061035156,5.525,108.38099670410156
2025-01-21 15:00:00+00:00,2753.10009765625,31.360000610351562,79.37000274658203,5.5375,108.22899627685547
2025-01-21 16:00:00+00:00,2758.10009765625,31.514999389648438,79.2699966430664,5.5825,108.02799987792969
2025-01-21 17:00:00+00:00,2755.60009765625,31.454999923706055,79.11000061035156,5.59,108.05000305175781
2025-01-21 18:00:00+00:00,2760.60009765625,31.559999465942383,79.1500015258789,5.6,107.97799682617188
2025-01-21 19:00:00+00:00,2757.5,31.489999771118164,79.5,5.58,108.06199645996094
2025-01-21 20:00:00+00:00,2755.800048828125,31.5049991607666,79.5199966430664,5.58,108.03500366210938
2025-01-21 21:00:00+00:00,2758.699951171875,31.55500030517578,79.38999938964844,5.58,107.95999908447266
2025-01-21 22:00:00+00:00,2758.699951171875,31.55500030517578,79.38999938964844,5.58,107.95999908447266
2025-01-21 23:00:00+00:00,2758.39990234375,31.469999313354492,79.23999786376953,5.58,108.0770034790039
2025-01-22 00:00:00+00:00,2763.10009765625,31.549999237060547,79.33999633789062,5.58,107.97599792480469
2025-01-22 01:00:00+00:00,2762.699951171875,31.520000457763672,79.29000091552734,5.5675,108.1240005493164
2025-01-22 02:00:00+00:00,2764.300048828125,31.55500030517578,79.25,5.56,108.09500122070312
2025-01-22 03:00:00+00:00,2766.39990234375,31.600000381469727,79.26000213623047,5.5625,108.13500213623047
2025-01-22 04:00:00+00:00,2768.0,31.6299991607666,79.36000061035156,5.5575,108.07599639892578
2025-01-22 05:00:00+00:00,2772.0,31.68000030517578,79.23999786376953,5.575,108.08899688720703
2025-01-22 06:00:00+00:00,2762.800048828125,31.514999389648438,78.95999908447266,5.5475,108.2040023803711
2025-01-22 07:00:00+00:00,2761.60009765625,31.489999771118164,79.01000213623047,5.56,108.16200256347656
2025-01-22 08:00:00+00:00,2766.89990234375,31.55500030517578,79.30000305175781,5.585,108.02999877929688
2025-01-22 09:00:00+00:00,2771.0,31.610000610351562,79.66000366210938,5.6,107.84300231933594
2025-01-22 10:00:00+00:00,2771.300048828125,31.579999923706055,79.80000305175781,5.5825,107.82099914550781
2025-01-22 11:00:00+00:00,2768.199951171875,31.5049991607666,78.58000183105469,5.58,107.89900207519531
2025-01-22 12:00:00+00:00,2770.10009765625,31.459999084472656,78.41000366210938,5.5925,107.92900085449219
2025-01-22 13:00:00+00:00,2767.800048828125,31.405000686645508,79.37999725341797,5.6175,108.0
2025-01-22 14:00:00+00:00,2763.60009765625,31.235000610351562,78.88999938964844,5.5875,108.10299682617188
2025-01-22 15:00:00+00:00,2770.5,31.299999237060547,79.1500015258789,5.615,108.1780014038086
2025-01-22 16:00:00+00:00,2769.60009765625,31.364999771118164,79.31999969482422,5.605,108.18299865722656
2025-01-22 17:00:00+00:00,2768.199951171875,31.385000228881836,78.54000091552734,5.54,108.19999694824219
2025-01-22 18:00:00+00:00,2769.60009765625,31.46500015258789,79.11000061035156,5.535,108.19599914550781
2025-01-22 19:00:00+00:00,2767.0,31.434999465942383,78.98999786376953,5.5375,108.16699981689453
2025-01-22 20:00:00+00:00,2766.60009765625,31.389999389648438,78.97000122070312,5.5375,108.24500274658203
2025-01-22 21:00:00+00:00,2766.300048828125,31.389999389648438,78.94000244140625,5.5375,108.25299835205078
2025-01-22 22:00:00+00:00,2766.300048828125,31.389999389648438,78.94000244140625,5.5375,108.25299835205078
2025-01-22 23:00:00+00:00,2763.39990234375,31.31999969482422,78.73999786376953,5.5375,108.2770004272461
2025-01-23 00:00:00+00:00,2765.199951171875,31.364999771118164,77.94999694824219,5.5375,108.23899841308594
2025-01-23 01:00:00+00:00,2761.39990234375,31.225000381469727,77.94000244140625,5.525,108.31199645996094
2025-01-23 02:00:00+00:00,2762.10009765625,31.219999313354492,78.77999877929688,5.5275,108.30400085449219
2025-01-23 03:00:00+00:00,2760.10009765625,31.135000228881836,78.73999786376953,5.5225,108.26399993896484
2025-01-23 04:00:00+00:00,2760.10009765625,31.200000762939453,78.69999694824219,5.525,108.25599670410156
2025-01-23 05:00:00+00:00,2760.699951171875,31.204999923706055,77.88999938964844,5.5225,108.30999755859375
2025-01-23 06:00:00+00:00,2761.699951171875,31.184999465942383,77.79000091552734,5.5125,108.31900024414062
2025-01-23 07:00:00+00:00,2760.800048828125,31.165000915527344,78.86000061035156,5.5125,108.33999633789062
2025-01-23 08:00:00+00:00,2759.699951171875,31.059999465942383,79.11000061035156,5.4825,108.39099884033203
2025-01-23 09:00:00+00:00,2753.5,31.065000534057617,78.08999633789062,5.485,108.24500274658203
2025-01-23 10:00:00+00:00,2757.699951171875,31.1200008392334,79.06999969482422,5.505,108.24099731445312
2025-01-23 11:00:00+00:00,2758.699951171875,31.040000915527344,79.38999938964844,5.52,108.3270034790039
2025-01-23 12:00:00+00:00,2751.89990234375,30.84000015258789,79.31999969482422,5.5175,108.30000305175781
2025-01-23 13:00:00+00:00,2748.10009765625,30.639999389648438,78.37999725341797,5.5125,108.22799682617188
2025-01-23 14:00:00+00:00,2752.39990234375,30.625,78.73999786376953,5.525,108.22899627685547
2025-01-23 15:00:00+00:00,2751.800048828125,30.520000457763672,78.5199966430664,5.5575,108.2979965209961
2025-01-23 16:00:00+00:00,2760.699951171875,30.704999923706055,77.66000366210938,5.55,108.1050033569336
2025-01-23 17:00:00+00:00,2765.10009765625,30.84000015258789,78.72000122070312,5.5725,107.94300079345703
2025-01-23 18:00:00+00:00,2764.0,30.84000015258789,78.36000061035156,5.545,108.05799865722656
2025-01-23 19:00:00+00:00,2763.0,30.825000762939453,77.41999816894531,5.545,108.0469970703125
2025-01-23 20:00:00+00:00,2762.0,30.864999771118164,77.19999694824219,5.545,108.11299896240234
2025-01-23 21:00:00+00:00,2762.10009765625,30.844999313354492,77.19999694824219,5.545,108.1449966430664
2025-01-23 22:00:00+00:00,2762.10009765625,30.844999313354492,77.19999694824219,5.545,108.13600158691406
2025-01-23 23:00:00+00:00,2762.199951171875,30.850000381469727,77.8499984741211,5.545,108.11499786376953
2025-01-24 00:00:00+00:00,2767.699951171875,30.864999771118164,77.87999725341797,5.545,108.12699890136719
2025-01-24 01:00:00+00:00,2770.699951171875,31.09000015258789,78.02999877929688,5.4925,108.1520004272461
2025-01-24 02:00:00+00:00,2781.300048828125,31.260000228881836,78.27999877929688,5.4975,107.83000183105469
2025-01-24 03:00:00+00:00,2780.39990234375,31.25,77.41999816894531,5.505,107.802001953125
2025-01-24 04:00:00+00:00,2779.60009765625,31.270000457763672,77.5,5.5025,107.76899719238281
2025-01-24 05:00:00+00:00,2782.199951171875,31.299999237060547,78.25,5.4925,107.75299835205078
2025-01-24 06:00:00+00:00,2779.60009765625,31.28499984741211,77.47000122070312,5.4925,107.7040023803711
2025-01-24 07:00:00+00:00,2779.699951171875,31.270000457763672,78.36000061035156,5.495,107.72000122070312
2025-01-24 08:00:00+00:00,2780.89990234375,31.360000610351562,77.52999877929688,5.5,107.47000122070312
2025-01-24 09:00:00+00:00,2779.0,31.325000762939453,77.75,5.5075,107.45999908447266
2025-01-24 10:00:00+00:00,2783.10009765625,31.389999389648438,77.9000015258789,5.4925,107.52899932861328
2025-01-24 11:00:00+00:00,2782.89990234375,31.354999542236328,77.79000091552734,5.475,107.58599853515625
2025-01-24 12:00:00+00:00,2785.89990234375,31.385000228881836,77.87999725341797,5.47,107.71299743652344
2025-01-24 13:00:00+00:00,2790.0,31.520000457763672,78.55999755859375,5.49,107.71399688720703
2025-01-24 14:00:00+00:00,2785.699951171875,31.18000030517578,78.22000122070312,5.445,107.5479965209961
2025-01-24 15:00:00+00:00,2782.60009765625,31.184999465942383,78.04000091552734,5.46,107.27899932861328
2025-01-24 16:00:00+00:00,2778.39990234375,31.209999084472656,78.05000305175781,5.4275,107.27799987792969
2025-01-24 17:00:00+00:00,2779.300048828125,31.174999237060547,78.19999694824219,5.4225,107.3239974975586
2025-01-24 18:00:00+00:00,2780.300048828125,31.184999465942383,77.66000366210938,5.4375,107.45899963378906
2025-01-24 19:00:00+00:00,2782.0,31.18000030517578,77.52999877929688,5.4375,107.44300079345703
2025-01-24 20:00:00+00:00,2777.699951171875,31.114999771118164,77.47000122070312,5.4375,107.45500183105469
2025-01-24 21:00:00+00:00,2777.5,31.049999237060547,77.45999908447266,5.4375,107.46499633789062
2025-01-26 22:00:00+00:00,2777.5,31.049999237060547,77.45999908447266,5.4375,107.46499633789062
2025-01-26 23:00:00+00:00,2772.60009765625,30.920000076293945,77.02999877929688,5.4375,107.64800262451172
2025-01-27 00:00:00+00:00,2774.89990234375,30.93000030517578,77.69000244140625,5.4375,107.61100006103516
2025-01-27 01:00:00+00:00,2767.800048828125,30.770000457763672,77.62999725341797,5.3875,107.68499755859375
2025-01-27 02:00:00+00:00,2761.5,30.65999984741211,77.91999816894531,5.3925,107.68099975585938
2025-01-27 03:00:00+00:00,2766.199951171875,30.7549991607666,77.06999969482422,5.4125,107.66899871826172
2025-01-27 04:00:00+00:00,2763.10009765625,30.704999923706055,77.93000030517578,5.4025,107.7249984741211
2025-01-27 05:00:00+00:00,2758.60009765625,30.649999618530273,76.83000183105469,5.4025,107.74099731445312
2025-01-27 06:00:00+00:00,2760.89990234375,30.674999237060547,78.02999877929688,5.3975,107.75399780273438
2025-01-27 07:00:00+00:00,2753.800048828125,30.530000686645508,77.05000305175781,5.3875,107.79499816894531
2025-01-27 08:00:00+00:00,2761.60009765625,30.635000228881836,77.38999938964844,5.395,107.4729995727539
2025-01-27 09:00:00+00:00,2768.10009765625,30.80500030517578,78.61000061035156,5.3975,107.38300323486328
2025-01-27 10:00:00+00:00,2772.300048828125,30.860000610351562,77.58000183105469,5.4125,107.19000244140625
2025-01-27 11:00:00+00:00,2776.0,30.959999084472656,77.12999725341797,5.405,107.14199829101562
2025-01-27 12:00:00+00:00,2766.39990234375,30.899999618530273,76.93000030517578,5.4,107.05799865722656
2025-01-27 13:00:00+00:00,2761.300048828125,30.815000534057617,78.22000122070312,5.3875,107.10399627685547
2025-01-27 14:00:00+00:00,2754.60009765625,30.774999618530273,78.33999633789062,5.3475,107.21600341796875
2025-01-27 15:00:00+00:00,2745.0,30.75,76.48999786376953,5.33,107.3030014038086
2025-01-27 16:00:00+00:00,2736.800048828125,30.209999084472656,75.73999786376953,5.3325,107.34400177001953
2025-01-27 17:00:00+00:00,2735.60009765625,30.360000610351562,76.47000122070312,5.3425,107.37200164794922
2025-01-27 18:00:00+00:00,2739.0,30.450000762939453,76.0199966430664,5.3425,107.39800262451172
2025-01-27 19:00:00+00:00,2741.699951171875,30.530000686645508,76.02999877929688,5.3575,107.34100341796875
2025-01-27 20:00:00+00:00,2743.39990234375,30.545000076293945,76.08000183105469,5.3575,107.36900329589844
2025-01-27 21:00:00+00:00,2743.10009765625,30.575000762939453,76.95999908447266,5.3575,107.33100128173828
2025-01-27 22:00:00+00:00,2743.10009765625,30.575000762939453,76.95999908447266,5.3575,107.3550033569336
2025-01-27 23:00:00+00:00,2745.39990234375,30.575000762939453,76.12999725341797,5.3575,107.427001953125
2025-01-28 00:00:00+00:00,2744.699951171875,30.545000076293945,76.9800033569336,5.3575,107.75499725341797
2025-01-28 01:00:00+00:00,2744.800048828125,30.520000457763672,77.16000366210938,5.36,107.83300018310547
2025-01-28 02:00:00+00:00,2742.800048828125,30.44499969482422,76.2699966430664,5.3575,107.87999725341797
2025-01-28 03:00:00+00:00,2741.699951171875,30.440000534057617,76.22000122070312,5.3575,107.93800354003906
2025-01-28 04:00:00+00:00,2744.800048828125,30.4950008392334,77.30000305175781,5.36,107.90699768066406
2025-01-28 05:00:00+00:00,2744.89990234375,30.4950008392334,77.44999694824219,5.3625,107.88400268554688
2025-01-28 06:00:00+00:00,2742.89990234375,30.3799991607666,76.5,5.3575,107.88999938964844
2025-01-28 07:00:00+00:00,2742.10009765625,30.315000534057617,77.83999633789062,5.35,107.93499755859375
2025-01-28 08:00:00+00:00,2744.89990234375,30.389999389648438,77.61000061035156,5.345,107.98600006103516
2025-01-28 09:00:00+00:00,2747.300048828125,30.510000228881836,76.43000030517578,5.3675,107.86499786376953
2025-01-28 10:00:00+00:00,2747.300048828125,30.549999237060547,77.66000366210938,5.3625,107.95700073242188
2025-01-28 11:00:00+00:00,2746.699951171875,30.549999237060547,77.68000030517578,5.3925,107.9800033569336
2025-01-28 12:00:00+00:00,2749.300048828125,30.575000762939453,76.66000366210938,5.395,107.98400115966797
2025-01-28 13:00:00+00:00,2753.60009765625,30.575000762939453,76.75,5.3975,107.96299743652344
2025-01-28 14:00:00+00:00,2758.39990234375,30.56999969482422,77.41000366210938,5.405,107.88200378417969
2025-01-28 15:00:00+00:00,2759.89990234375,30.78499984741211,76.19000244140625,5.4425,107.97699737548828
2025-01-28 16:00:00+00:00,2766.300048828125,30.844999313354492,76.97000122070312,5.47,107.95800018310547
2025-01-28 17:00:00+00:00,2767.10009765625,30.84000015258789,75.98999786376953,5.48,107.94100189208984
2025-01-28 18:00:00+00:00,2772.199951171875,30.924999237060547,76.5,5.48,107.95899963378906
2025-01-28 19:00:00+00:00,2773.199951171875,30.950000762939453,76.51000213623047,5.45,107.86599731445312
2025-01-28 20:00:00+00:00,2771.89990234375,30.90999984741211,76.55000305175781,5.45,107.89199829101562
2025-01-28 21:00:00+00:00,2771.5,30.940000534057617,76.58000183105469,5.45,107.9020004272461
2025-01-28 22:00:00+00:00,2771.5,30.940000534057617,76.58000183105469,5.45,107.91400146484375
2025-01-28 23:00:00+00:00,2769.800048828125,30.905000686645508,76.4800033569336,5.45,107.91500091552734
2025-01-29 00:00:00+00:00,2771.0,30.915000915527344,77.58000183105469,5.45,107.92400360107422
2025-01-29 01:00:00+00:00,2772.10009765625,30.8799991607666,76.41999816894531,5.4925,107.9489974975586
2025-01-29 02:00:00+00:00,2771.89990234375,30.90999984741211,76.33000183105469,5.495,107.88400268554688
2025-01-29 03:00:00+00:00,2770.0,30.864999771118164,76.33999633789062,5.495,107.83699798583984
2025-01-29 04:00:00+00:00,2770.300048828125,30.905000686645508,76.29000091552734,5.5025,107.81300354003906
2025-01-29 05:00:00+00:00,2768.0,30.850000381469727,76.25,5.5025,107.7750015258789
2025-01-29 06:00:00+00:00,2766.199951171875,30.844999313354492,76.37000274658203,5.505,107.81300354003906
2025-01-29 07:00:00+00:00,2765.5,30.84000015258789,76.45999908447266,5.4975,107.98999786376953
2025-01-29 08:00:00+00:00,2772.89990234375,30.959999084472656,76.13999938964844,5.5025,107.93199920654297
2025-01-29 09:00:00+00:00,2770.5,30.905000686645508,75.77999877929688,5.485,108.10700225830078
2025-01-29 10:00:00+00:00,2766.699951171875,30.950000762939453,75.72000122070312,5.485,108.11100006103516
2025-01-29 11:00:00+00:00,2769.0,31.020000457763672,76.81999969482422,5.4975,108.125
2025-01-29 12:00:00+00:00,2769.300048828125,31.09000015258789,76.22000122070312,5.5025,108.0999984741211
2025-01-29 13:00:00+00:00,2772.0,31.135000228881836,76.05999755859375,5.515,108.27200317382812
2025-01-29 14:00:00+00:00,2776.699951171875,31.700000762939453,76.12999725341797,5.54,108.13200378417969
2025-01-29 15:00:00+00:00,2772.60009765625,31.690000534057617,76.33000183105469,5.595,107.96700286865234
2025-01-29 16:00:00+00:00,2770.60009765625,31.559999465942383,76.31999969482422,5.6025,108.01000213623047
2025-01-29 17:00:00+00:00,2769.10009765625,31.44499969482422,75.56999969482422,5.6125,107.94100189208984
2025-01-29 18:00:00+00:00,2768.89990234375,31.385000228881836,76.8499984741211,5.64,107.9540023803711
2025-01-29 19:00:00+00:00,2773.300048828125,31.4950008392334,75.80000305175781,5.6075,108.0
2025-01-29 20:00:00+00:00,2769.699951171875,31.5049991607666,75.81999969482422,5.6075,108.0459976196289
2025-01-29 21:00:00+00:00,2772.699951171875,31.575000762939453,75.86000061035156,5.6075,107.94999694824219
2025-01-29 22:00:00+00:00,2772.699951171875,31.575000762939453,75.86000061035156,5.6075,107.94300079345703
2025-01-29 23:00:00+00:00,2773.60009765625,31.6299991607666,76.77999877929688,5.6075,107.94300079345703
2025-01-30 00:00:00+00:00,2773.60009765625,31.65999984741211,75.7300033569336,5.6075,107.85299682617188
2025-01-30 01:00:00+00:00,2771.300048828125,31.614999771118164,75.77999877929688,5.6275,107.89299774169922
2025-01-30 02:00:00+00:00,2771.89990234375,31.610000610351562,75.55000305175781,5.6175,107.85399627685547
2025-01-30 03:00:00+00:00,2773.39990234375,31.665000915527344,75.56999969482422,5.615,107.8499984741211
2025-01-30 04:00:00+00:00,2770.699951171875,31.614999771118164,75.41999816894531,5.6075,107.90699768066406
2025-01-30 05:00:00+00:00,2771.699951171875,31.625,75.52999877929688,5.6,107.8740005493164
2025-01-30 06:00:00+00:00,2778.300048828125,31.704999923706055,75.56999969482422,5.6,107.93099975585938
2025-01-30 07:00:00+00:00,2782.800048828125,31.8799991607666,75.4800033569336,5.6075,107.85800170898438
2025-01-30 08:00:00+00:00,2813.300048828125,32.0,75.29000091552734,5.6325,107.8550033569336
2025-01-30 09:00:00+00:00,2811.60009765625,32.0,75.06999969482422,5.6025,107.96600341796875
2025-01-30 10:00:00+00:00,2794.300048828125,32.005001068115234,75.4800033569336,5.61,108.03199768066406
2025-01-30 11:00:00+00:00,2817.300048828125,32.005001068115234,75.56999969482422,5.6425,108.1050033569336
2025-01-30 12:00:00+00:00,2820.699951171875,32.02000045776367,75.69000244140625,5.6275,107.97699737548828
2025-01-30 13:00:00+00:00,2830.0,32.349998474121094,75.37000274658203,5.6325,107.58100128173828
2025-01-30 14:00:00+00:00,2834.39990234375,32.525001525878906,75.88999938964844,5.64,107.7699966430664
2025-01-30 15:00:00+00:00,2849.5,32.68000030517578,76.33999633789062,5.6575,107.76599884033203
2025-01-30 16:00:00+00:00,2840.39990234375,32.3849983215332,75.87999725341797,5.675,107.89299774169922
2025-01-30 17:00:00+00:00,2844.89990234375,32.48500061035156,75.8499984741211,5.6725,107.90499877929688
2025-01-30 18:00:00+00:00,2845.199951171875,32.5099983215332,75.91000366210938,5.6675,107.83799743652344
2025-01-30 19:00:00+00:00,2844.699951171875,32.53499984741211,75.97000122070312,5.6625,107.7969970703125
2025-01-30 20:00:00+00:00,2847.10009765625,32.57500076293945,75.91000366210938,5.6625,108.0250015258789
2025-01-30 21:00:00+00:00,2851.89990234375,32.77000045776367,76.16999816894531,5.6625,108.1500015258789
2025-01-30 22:00:00+00:00,2851.89990234375,32.77000045776367,76.16999816894531,5.6625,108.1719970703125
2025-01-30 23:00:00+00:00,2856.60009765625,32.81999969482422,76.05999755859375,5.6625,108.18399810791016
2025-01-31 00:00:00+00:00,2852.60009765625,32.7400016784668,76.1500015258789,5.6625,108.19000244140625
2025-01-31 01:00:00+00:00,2849.300048828125,32.724998474121094,76.18000030517578,5.625,108.1449966430664
2025-01-31 02:00:00+00:00,2848.39990234375,32.65999984741211,76.33999633789062,5.6225,108.13700103759766
2025-01-31 03:00:00+00:00,2851.199951171875,32.834999084472656,76.4000015258789,5.62,108.1969985961914
2025-01-31 04:00:00+00:00,2849.300048828125,32.75,76.36000061035156,5.6275,108.1780014038086
2025-01-31 05:00:00+00:00,2847.10009765625,32.71500015258789,76.30000305175781,5.625,108.19999694824219
2025-01-31 06:00:00+00:00,2845.800048828125,32.709999084472656,76.2699966430664,5.625,108.13700103759766
2025-01-31 07:00:00+00:00,2849.800048828125,32.69499969482422,75.9800033569336,5.6325,108.04499816894531
2025-01-31 08:00:00+00:00,2844.89990234375,32.63999938964844,76.06999969482422,5.63,108.22100067138672
2025-01-31 09:00:00+00:00,2845.699951171875,32.69499969482422,75.72000122070312,5.6,108.22899627685547
2025-01-31 10:00:00+00:00,2844.39990234375,32.64500045776367,75.66000366210938,5.575,108.28700256347656
2025-01-31 11:00:00+00:00,2843.0,32.65999984741211,75.69000244140625,5.565,108.31400299072266
2025-01-31 12:00:00+00:00,2846.10009765625,32.65999984741211,75.97000122070312,5.5575,108.24600219726562
2025-01-31 13:00:00+00:00,2849.5,32.70000076293945,75.94999694824219,5.5425,108.26300048828125
2025-01-31 14:00:00+00:00,2856.39990234375,32.64500045776367,75.2300033569336,5.5475,108.3759994506836
2025-01-31 15:00:00+00:00,2855.10009765625,32.540000915527344,75.69000244140625,5.62,108.15799713134766
2025-01-31 16:00:00+00:00,2849.699951171875,32.459999084472656,75.97000122070312,5.6125,108.11199951171875
2025-01-31 17:00:00+00:00,2843.10009765625,32.29999923706055,75.51000213623047,5.605,107.90899658203125
2025-01-31 18:00:00+00:00,2834.199951171875,32.25,76.23999786376953,5.5775,108.41600036621094
2025-01-31 19:00:00+00:00,2828.60009765625,32.185001373291016,75.5,5.6075,108.37000274658203
2025-01-31 20:00:00+00:00,2830.39990234375,32.23500061035156,76.12999725341797,5.6075,108.4000015258789
2025-01-31 21:00:00+00:00,2831.5,32.23500061035156,76.4000015258789,5.6075,108.5009994506836
2025-02-02 22:00:00+00:00,2831.5,32.23500061035156,76.4000015258789,5.6075,108.5009994506836
2025-02-02 23:00:00+00:00,2834.10009765625,32.290000915527344,76.37000274658203,5.6075,109.41600036621094
2025-02-03 00:00:00+00:00,2834.199951171875,32.255001068115234,76.08000183105469,5.6075,109.68599700927734
2025-02-03 01:00:00+00:00,2821.10009765625,31.9950008392334,76.0999984741211,5.555,109.63500213623047
2025-02-03 02:00:00+00:00,2811.5,31.770000457763672,75.97000122070312,5.5375,109.76200103759766
2025-02-03 03:00:00+00:00,2808.199951171875,31.725000381469727,76.19000244140625,5.5375,109.78900146484375
2025-02-03 04:00:00+00:00,2811.800048828125,31.780000686645508,76.37000274658203,5.545,109.74099731445312
2025-02-03 05:00:00+00:00,2814.10009765625,31.81999969482422,76.44000244140625,5.5475,109.60299682617188
2025-02-03 06:00:00+00:00,2819.0,32.02000045776367,76.38999938964844,5.535,109.5479965209961
2025-02-03 07:00:00+00:00,2823.60009765625,31.924999237060547,76.45999908447266,5.665,109.70899963378906
2025-02-03 08:00:00+00:00,2830.0,32.01499938964844,76.47000122070312,5.6675,109.5199966430664
2025-02-03 09:00:00+00:00,2828.89990234375,32.060001373291016,76.5999984741211,5.6775,109.57599639892578
2025-02-03 10:00:00+00:00,2830.39990234375,32.1349983215332,76.62000274658203,5.5375,109.44999694824219
2025-02-03 11:00:00+00:00,2835.300048828125,32.21500015258789,77.0199966430664,5.5425,109.34700012207031
2025-02-03 12:00:00+00:00,2847.5,32.31999969482422,76.94999694824219,5.5625,109.28199768066406
2025-02-03 13:00:00+00:00,2851.60009765625,32.29499816894531,77.04000091552734,5.5775,109.21399688720703
2025-02-03 14:00:00+00:00,2848.0,32.63999938964844,75.93000030517578,5.6125,109.2969970703125
2025-02-03 15:00:00+00:00,2854.800048828125,32.30500030517578,75.41999816894531,5.8125,108.74199676513672
2025-02-03 16:00:00+00:00,2852.89990234375,32.42499923706055,75.5,5.685,109.05500030517578
2025-02-03 17:00:00+00:00,2857.199951171875,32.4900016784668,75.4800033569336,5.79,108.99500274658203
2025-02-03 18:00:00+00:00,2857.300048828125,32.529998779296875,75.7699966430664,5.7975,109.03700256347656
2025-02-03 19:00:00+00:00,2858.0,32.595001220703125,75.94999694824219,5.6675,108.98999786376953
2025-02-03 20:00:00+00:00,2857.10009765625,32.505001068115234,75.80000305175781,5.6675,108.88800048828125
2025-02-03 21:00:00+00:00,2850.699951171875,32.54999923706055,75.51000213623047,5.6675,108.41699981689453
2025-02-03 22:00:00+00:00,2850.699951171875,32.54999923706055,75.51000213623047,5.6675,108.42900085449219
2025-02-03 23:00:00+00:00,2849.699951171875,32.45500183105469,75.54000091552734,5.6675,108.42500305175781
2025-02-04 00:00:00+00:00,2849.10009765625,32.45000076293945,75.37999725341797,5.6675,108.68399810791016
2025-02-04 01:00:00+00:00,2857.0,32.525001525878906,75.43000030517578,5.6375,108.64399719238281
2025-02-04 02:00:00+00:00,2853.199951171875,32.53499984741211,75.4800033569336,5.765,108.64700317382812
2025-02-04 03:00:00+00:00,2851.800048828125,32.42499923706055,75.52999877929688,5.66,108.7249984741211
2025-02-04 04:00:00+00:00,2850.300048828125,32.349998474121094,75.44000244140625,5.7675,108.79000091552734
2025-02-04 05:00:00+00:00,2847.60009765625,32.345001220703125,75.06999969482422,5.735,108.90399932861328
2025-02-04 06:00:00+00:00,2843.10009765625,32.3650016784668,75.23999786376953,5.625,108.77300262451172
2025-02-04 07:00:00+00:00,2842.10009765625,32.38999938964844,75.2300033569336,5.7475,108.73200225830078
2025-02-04 08:00:00+00:00,2842.60009765625,32.375,74.81999969482422,5.755,108.56400299072266
2025-02-04 09:00:00+00:00,2847.39990234375,32.36000061035156,75.0999984741211,5.6125,108.5199966430664
2025-02-04 10:00:00+00:00,2841.199951171875,32.34000015258789,75.27999877929688,5.64,108.51899719238281
2025-02-04 11:00:00+00:00,2842.10009765625,32.29499816894531,75.13999938964844,5.65,108.64299774169922
2025-02-04 12:00:00+00:00,2848.800048828125,32.3849983215332,74.93000030517578,5.5975,108.59700012207031
2025-02-04 13:00:00+00:00,2859.699951171875,32.619998931884766,74.55999755859375,5.72,108.46499633789062
2025-02-04 14:00:00+00:00,2868.699951171875,32.91999816894531,76.1500015258789,5.6675,108.2760009765625
2025-02-04 15:00:00+00:00,2863.89990234375,32.814998626708984,76.01000213623047,5.84,108.03299713134766
2025-02-04 16:00:00+00:00,2869.699951171875,33.0,76.33999633789062,5.8375,108.0199966430664
2025-02-04 17:00:00+00:00,2875.699951171875,33.05500030517578,76.13999938964844,5.865,108.01799774169922
2025-02-04 18:00:00+00:00,2873.699951171875,32.98500061035156,76.47000122070312,5.9025,107.98699951171875
2025-02-04 19:00:00+00:00,2873.699951171875,32.939998626708984,75.95999908447266,5.8925,107.95999908447266
2025-02-04 20:00:00+00:00,2874.199951171875,32.900001525878906,75.95999908447266,5.8925,107.93699645996094
2025-02-04 21:00:00+00:00,2874.199951171875,32.880001068115234,76.08999633789062,5.8925,107.99800109863281
2025-02-04 22:00:00+00:00,2874.199951171875,32.880001068115234,76.08999633789062,5.8925,108.00900268554688
2025-02-04 23:00:00+00:00,2872.0,32.79999923706055,75.98999786376953,5.8925,108.0009994506836
2025-02-05 00:00:00+00:00,2874.300048828125,32.724998474121094,76.13999938964844,5.8925,107.95700073242188
2025-02-05 01:00:00+00:00,2874.699951171875,32.724998474121094,76.06999969482422,5.8925,107.98699951171875
2025-02-05 02:00:00+00:00,2881.0,32.82500076293945,75.83000183105469,5.8975,107.8759994506836
2025-02-05 03:00:00+00:00,2882.5,32.88999938964844,75.87000274658203,5.8975,107.9000015258789
2025-02-05 04:00:00+00:00,2884.300048828125,32.92499923706055,75.80000305175781,5.9025,107.93000030517578
2025-02-05 05:00:00+00:00,2887.10009765625,32.939998626708984,76.02999877929688,5.92,107.9469985961914
2025-02-05 06:00:00+00:00,2885.699951171875,32.915000915527344,76.04000091552734,5.92,107.85900115966797
2025-02-05 07:00:00+00:00,2890.5,32.9900016784668,75.95999908447266,5.915,107.70899963378906
2025-02-05 08:00:00+00:00,2894.0,33.084999084472656,75.68000030517578,5.935,107.63700103759766
2025-02-05 09:00:00+00:00,2896.300048828125,33.130001068115234,75.69000244140625,5.925,107.61100006103516
2025-02-05 10:00:00+00:00,2892.5,32.95500183105469,75.55000305175781,5.935,107.4209976196289
2025-02-05 11:00:00+00:00,2893.10009765625,32.939998626708984,75.30999755859375,5.9275,107.5260009765625
2025-02-05 12:00:00+00:00,2895.199951171875,33.025001525878906,75.19999694824219,5.9475,107.48500061035156
2025-02-05 13:00:00+00:00,2883.699951171875,32.70500183105469,75.37000274658203,5.9275,107.61299896240234
2025-02-05 14:00:00+00:00,2890.699951171875,32.935001373291016,75.22000122070312,5.9375,107.48200225830078
2025-02-05 15:00:00+00:00,2902.199951171875,33.060001373291016,75.05000305175781,5.86,107.41100311279297
2025-02-05 16:00:00+00:00,2895.89990234375,32.9900016784668,74.6500015258789,5.845,107.46199798583984
2025-02-05 17:00:00+00:00,2894.5,33.0099983215332,74.80000305175781,5.8325,107.45600128173828
2025-02-05 18:00:00+00:00,2888.199951171875,32.83000183105469,74.66000366210938,5.83,107.49400329589844
2025-02-05 19:00:00+00:00,2883.39990234375,32.78499984741211,74.69999694824219,5.84,107.5790023803711
2025-02-05 20:00:00+00:00,2882.199951171875,32.71500015258789,74.7300033569336,5.84,107.61699676513672
2025-02-05 21:00:00+00:00,2884.800048828125,32.744998931884766,74.6500015258789,5.84,107.61799621582031
2025-02-05 22:00:00+00:00,2884.800048828125,32.744998931884766,74.6500015258789,5.84,107.60700225830078
2025-02-05 23:00:00+00:00,2885.199951171875,32.775001525878906,74.69999694824219,5.84,107.6240005493164
2025-02-06 00:00:00+00:00,2888.300048828125,32.86000061035156,74.75,5.84,107.63800048828125
2025-02-06 01:00:00+00:00,2890.5,32.875,74.7300033569336,5.82,107.55000305175781
2025-02-06 02:00:00+00:00,2889.0,32.790000915527344,74.80999755859375,5.825,107.65899658203125
2025-02-06 03:00:00+00:00,2887.0,32.72999954223633,74.70999908447266,5.8225,107.68000030517578
2025-02-06 04:00:00+00:00,2887.300048828125,32.70500183105469,74.66999816894531,5.825,107.74299621582031
2025-02-06 05:00:00+00:00,2887.199951171875,32.73500061035156,74.8499984741211,5.83,107.75700378417969
2025-02-06 06:00:00+00:00,2879.199951171875,32.619998931884766,74.77999877929688,5.8325,107.7509994506836
2025-02-06 07:00:00+00:00,2875.60009765625,32.435001373291016,74.69000244140625,5.8275,107.83100128173828
2025-02-06 08:00:00+00:00,2878.89990234375,32.5099983215332,74.83000183105469,5.86,107.9530029296875
2025-02-06 09:00:00+00:00,2881.699951171875,32.525001525878906,74.91999816894531,5.865,108.0250015258789
2025-02-06 10:00:00+00:00,2882.10009765625,32.43000030517578,75.19000244140625,5.865,107.99800109863281
2025-02-06 11:00:00+00:00,2888.699951171875,32.54499816894531,74.93000030517578,5.87,107.97599792480469
2025-02-06 12:00:00+00:00,2887.5,32.564998626708984,74.91999816894531,5.8825,108.0199966430664
2025-02-06 13:00:00+00:00,2879.199951171875,32.5,75.13999938964844,5.8625,107.98699951171875
2025-02-06 14:00:00+00:00,2861.89990234375,32.244998931884766,74.30999755859375,5.8275,107.97599792480469
2025-02-06 15:00:00+00:00,2874.0,32.55500030517578,74.8499984741211,5.8875,107.84400177001953
2025-02-06 16:00:00+00:00,2872.699951171875,32.599998474121094,74.69000244140625,5.965,107.875
2025-02-06 17:00:00+00:00,2877.5,32.685001373291016,74.30000305175781,5.9825,107.76100158691406
2025-02-06 18:00:00+00:00,2877.60009765625,32.665000915527344,74.11000061035156,5.98,107.63400268554688
2025-02-06 19:00:00+00:00,2877.89990234375,32.630001068115234,74.23999786376953,5.9925,107.68900299072266
2025-02-06 20:00:00+00:00,2881.39990234375,32.689998626708984,74.29000091552734,5.9925,107.66200256347656
2025-02-06 21:00:00+00:00,2880.10009765625,32.665000915527344,74.22000122070312,5.9925,107.7040023803711
2025-02-06 22:00:00+00:00,2880.10009765625,32.665000915527344,74.22000122070312,5.9925,107.70700073242188
2025-02-06 23:00:00+00:00,2881.5,32.68000030517578,74.23999786376953,5.9925,107.70500183105469
2025-02-07 00:00:00+00:00,2882.5,32.689998626708984,74.30999755859375,5.9925,107.73300170898438
2025-02-07 01:00:00+00:00,2889.5,32.78499984741211,74.4800033569336,6.0225,107.71499633789062
2025-02-07 02:00:00+00:00,2891.0,32.83000183105469,74.62999725341797,6.0275,107.71099853515625
2025-02-07 03:00:00+00:00,2889.5,32.810001373291016,74.62000274658203,6.0175,107.75700378417969
2025-02-07 04:00:00+00:00,2888.60009765625,32.790000915527344,74.58000183105469,6.0175,107.76000213623047
2025-02-07 05:00:00+00:00,2884.800048828125,32.689998626708984,74.62999725341797,6.02,107.81199645996094
2025-02-07 06:00:00+00:00,2884.199951171875,32.70500183105469,74.7699966430664,6.0075,107.80999755859375
2025-02-07 07:00:00+00:00,2887.5,32.755001068115234,74.72000122070312,6.0,107.7030029296875
2025-02-07 08:00:00+00:00,2890.199951171875,32.82500076293945,74.9800033569336,5.975,107.60399627685547
2025-02-07 09:00:00+00:00,2892.5,32.790000915527344,74.91999816894531,5.9825,107.66000366210938
2025-02-07 10:00:00+00:00,2891.800048828125,32.744998931884766,74.93000030517578,5.9725,107.77799987792969
2025-02-07 11:00:00+00:00,2892.39990234375,32.75,74.76000213623047,5.9675,107.7699966430664
2025-02-07 12:00:00+00:00,2886.699951171875,32.67499923706055,74.70999908447266,5.955,107.81900024414062
2025-02-07 13:00:00+00:00,2885.60009765625,32.7400016784668,74.69999694824219,5.9675,107.88300323486328
2025-02-07 14:00:00+00:00,2900.300048828125,32.92499923706055,74.79000091552734,5.9425,107.65899658203125
2025-02-07 15:00:00+00:00,2904.39990234375,32.959999084472656,74.61000061035156,5.955,107.90299987792969
2025-02-07 16:00:00+00:00,2885.199951171875,32.525001525878906,74.33000183105469,5.95,108.10900115966797
2025-02-07 17:00:00+00:00,2884.60009765625,32.41999816894531,74.6500015258789,5.93,108.16500091552734
2025-02-07 18:00:00+00:00,2884.60009765625,32.26499938964844,74.56999969482422,5.945,108.11599731445312
2025-02-07 19:00:00+00:00,2884.5,32.2599983215332,74.62999725341797,5.95,108.04000091552734
2025-02-07 20:00:00+00:00,2887.0,32.22999954223633,74.62000274658203,5.95,108.072998046875
2025-02-07 21:00:00+00:00,2886.10009765625,32.185001373291016,74.69999694824219,5.95,108.09600067138672
2025-02-09 22:00:00+00:00,2886.10009765625,32.185001373291016,74.69999694824219,5.95,108.09600067138672
2025-02-09 23:00:00+00:00,2892.39990234375,32.18000030517578,74.77999877929688,5.95,108.29299926757812
2025-02-10 00:00:00+00:00,2895.0,32.31999969482422,74.9800033569336,5.95,108.30400085449219
2025-02-10 01:00:00+00:00,2897.5,32.310001373291016,75.08000183105469,5.92,108.38500213623047
2025-02-10 02:00:00+00:00,2900.800048828125,32.36000061035156,75.12000274658203,5.92,108.4260025024414
2025-02-10 03:00:00+00:00,2901.800048828125,32.39500045776367,75.08999633789062,5.92,108.30000305175781
2025-02-10 04:00:00+00:00,2904.0,32.41999816894531,75.18000030517578,5.915,108.28299713134766
2025-02-10 05:00:00+00:00,2905.89990234375,32.41999816894531,75.13999938964844,5.915,108.2699966430664
2025-02-10 06:00:00+00:00,2913.800048828125,32.474998474121094,75.2300033569336,5.93,108.22699737548828
2025-02-10 07:00:00+00:00,2920.39990234375,32.584999084472656,75.06999969482422,5.9275,108.29900360107422
2025-02-10 08:00:00+00:00,2923.800048828125,32.625,75.18000030517578,5.9125,108.26200103759766
2025-02-10 09:00:00+00:00,2929.0,32.7599983215332,75.4000015258789,5.9075,108.1989974975586
2025-02-10 10:00:00+00:00,2930.800048828125,32.77000045776367,75.61000061035156,5.9175,108.15299987792969
2025-02-10 11:00:00+00:00,2931.5,32.72999954223633,75.5999984741211,5.93,108.23200225830078
2025-02-10 12:00:00+00:00,2928.800048828125,32.64500045776367,75.66000366210938,5.9625,108.28600311279297
2025-02-10 13:00:00+00:00,2927.699951171875,32.54999923706055,75.44999694824219,5.9725,108.21299743652344
2025-02-10 14:00:00+00:00,2932.89990234375,32.685001373291016,75.56999969482422,5.9475,108.26899719238281
2025-02-10 15:00:00+00:00,2936.5,32.665000915527344,75.62000274658203,5.9025,108.21399688720703
2025-02-10 16:00:00+00:00,2928.39990234375,32.5099983215332,75.87999725341797,5.9,108.25599670410156
2025-02-10 17:00:00+00:00,2931.10009765625,32.45000076293945,75.95999908447266,5.9075,108.26799774169922
2025-02-10 18:00:00+00:00,2933.699951171875,32.47999954223633,75.7300033569336,5.91,108.3239974975586
2025-02-10 19:00:00+00:00,2934.199951171875,32.494998931884766,76.0199966430664,5.92,108.31900024414062
2025-02-10 20:00:00+00:00,2934.800048828125,32.4900016784668,76.0199966430664,5.92,108.31600189208984
2025-02-10 21:00:00+00:00,2936.800048828125,32.494998931884766,76.04000091552734,5.92,108.33000183105469
2025-02-10 22:00:00+00:00,2936.800048828125,32.494998931884766,76.04000091552734,5.92,108.3290023803711
2025-02-10 23:00:00+00:00,2943.199951171875,32.46500015258789,75.9800033569336,5.92,108.33200073242188
2025-02-11 00:00:00+00:00,2947.60009765625,32.59000015258789,75.94000244140625,5.92,108.34400177001953
2025-02-11 01:00:00+00:00,2959.10009765625,32.53499984741211,75.97000122070312,5.91,108.38400268554688
2025-02-11 02:00:00+00:00,2945.699951171875,32.22999954223633,76.0199966430664,5.9125,108.45600128173828
2025-02-11 03:00:00+00:00,2944.60009765625,32.310001373291016,76.08000183105469,5.9075,108.41500091552734
2025-02-11 04:00:00+00:00,2942.5,32.28499984741211,76.08000183105469,5.9125,108.36799621582031
2025-02-11 05:00:00+00:00,2948.300048828125,32.33000183105469,76.22000122070312,5.925,108.35800170898438
2025-02-11 06:00:00+00:00,2942.699951171875,32.224998474121094,76.29000091552734,5.925,108.35299682617188
2025-02-11 07:00:00+00:00,2939.10009765625,32.224998474121094,76.51000213623047,5.9325,108.38899993896484
2025-02-11 08:00:00+00:00,2933.89990234375,32.13999938964844,76.6500015258789,5.94,108.27200317382812
2025-02-11 09:00:00+00:00,2929.10009765625,32.18000030517578,76.80000305175781,5.9425,108.27200317382812
2025-02-11 10:00:00+00:00,2929.10009765625,32.119998931884766,76.88999938964844,5.9575,108.31500244140625
2025-02-11 11:00:00+00:00,2930.199951171875,32.17499923706055,76.80000305175781,5.965,108.27899932861328
2025-02-11 12:00:00+00:00,2917.0,32.0,76.98999786376953,5.9825,108.26699829101562
2025-02-11 13:00:00+00:00,2924.0,31.959999084472656,77.0,5.9475,108.22599792480469
2025-02-11 14:00:00+00:00,2922.39990234375,32.18000030517578,76.91999816894531,5.985,108.1500015258789
2025-02-11 15:00:00+00:00,2932.699951171875,32.349998474121094,76.66999816894531,5.9775,108.12300109863281
2025-02-11 16:00:00+00:00,2929.5,32.314998626708984,76.93000030517578,5.98,108.0510025024414
2025-02-11 17:00:00+00:00,2932.300048828125,32.33000183105469,76.87999725341797,5.9425,108.0510025024414
2025-02-11 18:00:00+00:00,2934.89990234375,32.31999969482422,76.97000122070312,5.905,108.05899810791016
2025-02-11 19:00:00+00:00,2929.699951171875,32.310001373291016,77.04000091552734,5.895,107.96299743652344
2025-02-11 20:00:00+00:00,2926.0,32.25,76.91000366210938,5.895,107.92400360107422
2025-02-11 21:00:00+00:00,2926.5,32.255001068115234,76.87999725341797,5.895,107.9280014038086
2025-02-11 22:00:00+00:00,2926.5,32.255001068115234,76.87999725341797,5.895,107.9219970703125
2025-02-11 23:00:00+00:00,2926.800048828125,32.279998779296875,76.83000183105469,5.895,107.9219970703125
2025-02-12 00:00:00+00:00,2921.199951171875,32.220001220703125,76.79000091552734,5.895,108.02200317382812
2025-02-12 01:00:00+00:00,2920.800048828125,32.2400016784668,76.70999908447266,5.91,108.02200317382812
2025-02-12 02:00:00+00:00,2919.39990234375,32.310001373291016,76.80999755859375,5.91,108.00399780273438
2025-02-12 03:00:00+00:00,2914.699951171875,32.27000045776367,76.72000122070312,5.91,108.03099822998047
2025-02-12 04:00:00+00:00,2910.800048828125,32.185001373291016,76.70999908447266,5.915,108.08200073242188
2025-02-12 05:00:00+00:00,2911.5,32.189998626708984,76.66999816894531,5.9,108.052001953125
2025-02-12 06:00:00+00:00,2918.89990234375,32.28499984741211,76.76000213623047,5.8875,108.05500030517578
2025-02-12 07:00:00+00:00,2918.10009765625,32.29499816894531,76.55000305175781,5.89,107.94200134277344
2025-02-12 08:00:00+00:00,2916.60009765625,32.18000030517578,76.2699966430664,5.9125,107.98500061035156
2025-02-12 09:00:00+00:00,2910.89990234375,32.1150016784668,76.2699966430664,5.945,107.96700286865234
2025-02-12 10:00:00+00:00,2907.39990234375,32.1150016784668,76.05999755859375,5.9325,107.96399688720703
2025-02-12 11:00:00+00:00,2905.60009765625,32.165000915527344,76.30999755859375,5.9275,107.93599700927734
2025-02-12 12:00:00+00:00,2911.60009765625,32.165000915527344,76.33000183105469,5.8925,107.96399688720703
2025-02-12 13:00:00+00:00,2909.800048828125,32.42499923706055,76.31999969482422,5.855,108.39800262451172
2025-02-12 14:00:00+00:00,2921.10009765625,32.54499816894531,76.0,5.9475,108.27799987792969
2025-02-12 15:00:00+00:00,2922.5,32.67499923706055,75.69000244140625,5.9025,108.06400299072266
2025-02-12 16:00:00+00:00,2929.60009765625,32.720001220703125,75.77999877929688,5.9025,107.9729995727539
2025-02-12 17:00:00+00:00,2930.800048828125,32.85499954223633,75.44000244140625,5.89,107.64800262451172
2025-02-12 18:00:00+00:00,2927.300048828125,32.744998931884766,75.19999694824219,5.87,107.95099639892578
2025-02-12 19:00:00+00:00,2922.199951171875,32.68000030517578,75.16999816894531,5.88,107.93800354003906
2025-02-12 20:00:00+00:00,2924.5,32.69499969482422,75.05999755859375,5.88,107.93499755859375
2025-02-12 21:00:00+00:00,2929.0,32.70500183105469,74.95999908447266,5.88,108.01200103759766
2025-02-12 22:00:00+00:00,2929.0,32.70500183105469,74.95999908447266,5.88,107.99099731445312
2025-02-12 23:00:00+00:00,2929.5,32.7400016784668,74.97000122070312,5.88,107.96700286865234
2025-02-13 00:00:00+00:00,2932.5,32.77000045776367,75.01000213623047,5.88,107.97000122070312
2025-02-13 01:00:00+00:00,2933.300048828125,32.720001220703125,74.58999633789062,5.8775,107.85700225830078
2025-02-13 02:00:00+00:00,2936.699951171875,32.790000915527344,74.48999786376953,5.86,107.81800079345703
2025-02-13 03:00:00+00:00,2943.800048828125,32.86000061035156,74.45999908447266,5.865,107.69000244140625
2025-02-13 04:00:00+00:00,2946.800048828125,32.89500045776367,74.38999938964844,5.8625,107.58499908447266
2025-02-13 05:00:00+00:00,2945.89990234375,32.869998931884766,74.44999694824219,5.8625,107.55599975585938
2025-02-13 06:00:00+00:00,2942.800048828125,32.849998474121094,74.43000030517578,5.8725,107.5770034790039
2025-02-13 07:00:00+00:00,2940.60009765625,32.904998779296875,74.55000305175781,5.885,107.61000061035156
2025-02-13 08:00:00+00:00,2937.10009765625,32.790000915527344,74.70999908447266,5.935,107.71299743652344
2025-02-13 09:00:00+00:00,2941.800048828125,32.834999084472656,74.25,5.925,107.63099670410156
2025-02-13 10:00:00+00:00,2944.800048828125,32.845001220703125,74.0999984741211,5.915,107.64399719238281
2025-02-13 11:00:00+00:00,2945.60009765625,32.814998626708984,74.43000030517578,5.915,107.75199890136719
2025-02-13 12:00:00+00:00,2946.5,32.810001373291016,74.1500015258789,5.9075,107.84700012207031
2025-02-13 13:00:00+00:00,2935.60009765625,32.55500030517578,74.2300033569336,5.92,107.7760009765625
2025-02-13 14:00:00+00:00,2942.89990234375,32.564998626708984,74.83000183105469,5.895,107.70899963378906
2025-02-13 15:00:00+00:00,2947.800048828125,32.709999084472656,74.75,5.8725,107.36900329589844
2025-02-13 16:00:00+00:00,2941.60009765625,32.665000915527344,74.98999786376953,5.8775,107.40299987792969
2025-02-13 17:00:00+00:00,2948.5,32.70500183105469,74.94000244140625,5.9275,107.43299865722656
2025-02-13 18:00:00+00:00,2951.89990234375,32.775001525878906,74.9800033569336,5.935,107.55799865722656
2025-02-13 19:00:00+00:00,2955.5,32.88999938964844,75.11000061035156,5.9175,107.31300354003906
2025-02-13 20:00:00+00:00,2957.199951171875,32.98500061035156,75.1500015258789,5.9175,107.072998046875
2025-02-13 21:00:00+00:00,2957.199951171875,32.974998474121094,75.2300033569336,5.9175,107.05500030517578
2025-02-13 22:00:00+00:00,2957.199951171875,32.974998474121094,75.2300033569336,5.9175,107.0469970703125
2025-02-13 23:00:00+00:00,2958.10009765625,33.01499938964844,75.13999938964844,5.9175,107.06700134277344
2025-02-14 00:00:00+00:00,2956.39990234375,32.939998626708984,75.01000213623047,5.9175,107.072998046875
2025-02-14 01:00:00+00:00,2959.10009765625,33.275001525878906,75.19999694824219,5.97,107.06999969482422
2025-02-14 02:00:00+00:00,2955.800048828125,33.279998779296875,75.16999816894531,5.975,107.11599731445312
2025-02-14 03:00:00+00:00,2953.39990234375,33.18000030517578,75.1500015258789,5.975,107.10099792480469
2025-02-14 04:00:00+00:00,2956.300048828125,33.290000915527344,75.22000122070312,5.9825,107.10900115966797
2025-02-14 05:00:00+00:00,2958.800048828125,33.525001525878906,75.19000244140625,5.9875,107.12899780273438
2025-02-14 06:00:00+00:00,2960.699951171875,33.79499816894531,75.23999786376953,5.9925,107.06999969482422
2025-02-14 07:00:00+00:00,2956.5,33.834999084472656,75.44999694824219,6.0025,107.03600311279297
2025-02-14 08:00:00+00:00,2959.5,33.974998474121094,75.38999938964844,6.0075,106.94000244140625
2025-02-14 09:00:00+00:00,2959.300048828125,34.060001373291016,75.27999877929688,6.015,106.87999725341797
2025-02-14 10:00:00+00:00,2960.60009765625,34.130001068115234,75.25,6.015,106.99500274658203
2025-02-14 11:00:00+00:00,2954.39990234375,33.935001373291016,75.58999633789062,6.0325,107.00399780273438
2025-02-14 12:00:00+00:00,2954.10009765625,33.98500061035156,75.69999694824219,6.0325,106.9739990234375
2025-02-14 13:00:00+00:00,2940.300048828125,33.7400016784668,75.30999755859375,6.0425,106.77400207519531
2025-02-14 14:00:00+00:00,2938.89990234375,33.84000015258789,75.52999877929688,6.0925,106.61199951171875
2025-02-14 15:00:00+00:00,2916.699951171875,33.2599983215332,75.01000213623047,6.1275,106.63200378417969
2025-02-14 16:00:00+00:00,2912.199951171875,32.904998779296875,74.94000244140625,6.135,106.7239990234375
2025-02-14 17:00:00+00:00,2901.699951171875,32.900001525878906,74.79000091552734,6.1425,106.65599822998047
2025-02-14 18:00:00+00:00,2897.0,32.779998779296875,74.73999786376953,6.155,106.68199920654297
2025-02-14 19:00:00+00:00,2894.800048828125,32.7400016784668,74.69999694824219,6.15,106.70999908447266
2025-02-14 20:00:00+00:00,2896.5,32.685001373291016,74.7300033569336,6.15,106.78900146484375
2025-02-14 21:00:00+00:00,2893.699951171875,32.654998779296875,74.56999969482422,6.15,106.7959976196289
2025-02-16 22:00:00+00:00,2893.699951171875,32.654998779296875,74.56999969482422,6.15,106.79299926757812
2025-02-16 23:00:00+00:00,2892.39990234375,32.560001373291016,74.3499984741211,6.15,106.79199981689453
2025-02-17 00:00:00+00:00,2894.39990234375,32.599998474121094,74.44999694824219,6.15,106.74800109863281
2025-02-17 01:00:00+00:00,2907.10009765625,32.744998931884766,74.58000183105469,6.15,106.64099884033203
2025-02-17 02:00:00+00:00,2911.800048828125,32.814998626708984,74.68000030517578,6.15,106.64299774169922
2025-02-17 03:00:00+00:00,2915.10009765625,32.85499954223633,74.83000183105469,6.15,106.6989974975586
2025-02-17 04:00:00+00:00,2910.699951171875,32.78499984741211,74.80999755859375,6.15,106.68900299072266
2025-02-18 05:00:00+00:00,2924.39990234375,32.875,75.38999938964844,6.0725,107.01300048828125
2025-02-18 06:00:00+00:00,2926.199951171875,32.95000076293945,75.44999694824219,6.07,106.95700073242188
2025-02-18 07:00:00+00:00,2923.800048828125,32.904998779296875,75.37999725341797,6.08,106.93299865722656
2025-02-18 08:00:00+00:00,2925.300048828125,33.01499938964844,75.58000183105469,6.09,106.96399688720703
2025-02-18 09:00:00+00:00,2925.5,33.03499984741211,75.56999969482422,6.09,106.90699768066406
2025-02-18 10:00:00+00:00,2924.699951171875,33.0099983215332,75.83999633789062,6.085,106.93399810791016
2025-02-18 11:00:00+00:00,2927.5,33.0,75.23999786376953,6.0925,106.91999816894531
2025-02-18 12:00:00+00:00,2932.0,32.994998931884766,75.11000061035156,6.0875,106.98200225830078
2025-02-18 13:00:00+00:00,2933.60009765625,33.060001373291016,75.0,6.1175,107.0469970703125
2025-02-18 14:00:00+00:00,2944.89990234375,33.185001373291016,75.41999816894531,6.1225,106.99299621582031
2025-02-18 15:00:00+00:00,2944.800048828125,33.189998626708984,75.44000244140625,6.1525,106.86399841308594
2025-02-18 16:00:00+00:00,2950.89990234375,33.439998626708984,75.63999938964844,6.1975,106.95099639892578
2025-02-18 17:00:00+00:00,2950.300048828125,33.3849983215332,75.4800033569336,6.185,107.0510025024414
2025-02-18 18:00:00+00:00,2952.699951171875,33.435001373291016,75.80000305175781,6.1875,107.06300354003906
2025-02-18 19:00:00+00:00,2954.800048828125,33.40999984741211,75.80000305175781,6.1925,107.05400085449219
2025-02-18 20:00:00+00:00,2951.300048828125,33.400001525878906,75.73999786376953,6.1925,107.03700256347656
2025-02-18 21:00:00+00:00,2954.39990234375,33.415000915527344,75.80999755859375,6.1925,107.0469970703125
2025-02-18 22:00:00+00:00,2954.39990234375,33.415000915527344,75.80999755859375,6.1925,106.99299621582031
2025-02-18 23:00:00+00:00,2953.300048828125,33.40999984741211,75.76000213623047,6.1925,107.02200317382812
2025-02-19 00:00:00+00:00,2949.0,33.400001525878906,75.76000213623047,6.1925,107.05999755859375
2025-02-19 01:00:00+00:00,2957.39990234375,33.400001525878906,75.9800033569336,6.1825,107.0530014038086
2025-02-19 02:00:00+00:00,2947.800048828125,33.224998474121094,75.91000366210938,6.1975,106.99700164794922
2025-02-19 03:00:00+00:00,2946.5,33.2400016784668,75.83999633789062,6.2025,106.98600006103516
2025-02-19 04:00:00+00:00,2945.39990234375,33.2400016784668,75.97000122070312,6.1925,106.96499633789062
2025-02-19 05:00:00+00:00,2949.800048828125,33.3650016784668,76.06999969482422,6.2,106.93099975585938
2025-02-19 06:00:00+00:00,2948.39990234375,33.33000183105469,76.11000061035156,6.19,106.93399810791016
2025-02-19 07:00:00+00:00,2951.699951171875,33.36000061035156,76.29000091552734,6.1775,106.96399688720703
2025-02-19 08:00:00+00:00,2955.800048828125,33.4900016784668,76.44000244140625,6.205,107.05000305175781
2025-02-19 09:00:00+00:00,2962.60009765625,33.55500030517578,76.43000030517578,6.1625,107.12699890136719
2025-02-19 10:00:00+00:00,2962.300048828125,33.560001373291016,76.23999786376953,6.175,107.18299865722656
2025-02-19 11:00:00+00:00,2953.0,33.435001373291016,76.45999908447266,6.1775,107.2020034790039
2025-02-19 12:00:00+00:00,2951.10009765625,33.36000061035156,76.33999633789062,6.15,107.19400024414062
2025-02-19 13:00:00+00:00,2953.199951171875,33.369998931884766,76.43000030517578,6.1225,107.11699676513672
2025-02-19 14:00:00+00:00,2954.89990234375,33.119998931884766,76.76000213623047,6.115,107.08399963378906
2025-02-19 15:00:00+00:00,2941.60009765625,32.915000915527344,76.19000244140625,6.12,107.16200256347656
2025-02-19 16:00:00+00:00,2944.5,33.064998626708984,76.25,6.0825,107.35299682617188
2025-02-19 17:00:00+00:00,2940.60009765625,33.11000061035156,76.19999694824219,6.0425,107.31900024414062
2025-02-19 18:00:00+00:00,2940.699951171875,33.099998474121094,75.94000244140625,6.045,107.24400329589844
2025-02-19 19:00:00+00:00,2947.300048828125,33.23500061035156,76.02999877929688,6.0625,107.1729965209961
2025-02-19 20:00:00+00:00,2951.10009765625,33.189998626708984,76.0999984741211,6.0625,107.16500091552734
2025-02-19 21:00:00+00:00,2949.60009765625,33.13999938964844,76.08000183105469,6.0625,107.19200134277344
2025-02-19 22:00:00+00:00,2949.60009765625,33.13999938964844,76.08000183105469,6.0625,107.17500305175781
2025-02-19 23:00:00+00:00,2951.0,33.150001525878906,76.05999755859375,6.0625,107.16200256347656
2025-02-20 00:00:00+00:00,2957.39990234375,33.22999954223633,76.06999969482422,6.0625,107.08999633789062
2025-02-20 01:00:00+00:00,2953.699951171875,33.125,75.80000305175781,6.0625,107.125
2025-02-20 02:00:00+00:00,2958.60009765625,33.29499816894531,75.81999969482422,6.0875,107.01200103759766
2025-02-20 03:00:00+00:00,2959.699951171875,33.31999969482422,75.7699966430664,6.0775,107.01399993896484
2025-02-20 04:00:00+00:00,2958.89990234375,33.30500030517578,75.70999908447266,6.0775,107.0009994506836
2025-02-20 05:00:00+00:00,2963.5,33.380001068115234,75.87000274658203,6.085,107.03299713134766
2025-02-20 06:00:00+00:00,2964.800048828125,33.404998779296875,75.97000122070312,6.09,107.01499938964844
2025-02-20 07:00:00+00:00,2967.300048828125,33.48500061035156,76.2699966430664,6.0725,106.98300170898438
2025-02-20 08:00:00+00:00,2971.89990234375,33.61000061035156,75.94000244140625,6.07,106.96299743652344
2025-02-20 09:00:00+00:00,2969.39990234375,33.685001373291016,76.18000030517578,6.0825,106.9260025024414
2025-02-20 10:00:00+00:00,2970.60009765625,33.73500061035156,76.30000305175781,6.0875,106.86299896240234
2025-02-20 11:00:00+00:00,2966.199951171875,33.63999938964844,76.31999969482422,6.0875,106.91999816894531
2025-02-20 12:00:00+00:00,2962.800048828125,33.650001525878906,76.4800033569336,6.065,106.93399810791016
2025-02-20 13:00:00+00:00,2950.800048828125,33.47999954223633,76.47000122070312,6.0775,106.84200286865234
2025-02-20 14:00:00+00:00,2950.60009765625,33.43000030517578,76.44000244140625,6.0325,106.81099700927734
2025-02-20 15:00:00+00:00,2955.199951171875,33.435001373291016,76.48999786376953,6.0275,106.56600189208984
2025-02-20 16:00:00+00:00,2958.89990234375,33.45500183105469,76.69999694824219,6.0125,106.57599639892578
2025-02-20 17:00:00+00:00,2956.60009765625,33.4900016784668,76.80000305175781,6.0,106.44000244140625
2025-02-20 18:00:00+00:00,2957.39990234375,33.4900016784668,76.91000366210938,6.0075,106.38899993896484
2025-02-20 19:00:00+00:00,2954.10009765625,33.42499923706055,76.51000213623047,6.0,106.37200164794922
2025-02-20 20:00:00+00:00,2953.0,33.380001068115234,76.5,6.0,106.3479995727539
2025-02-20 21:00:00+00:00,2955.60009765625,33.45500183105469,76.58000183105469,6.0,106.3550033569336
2025-02-20 22:00:00+00:00,2955.60009765625,33.45500183105469,76.58000183105469,6.0,106.38300323486328
2025-02-20 23:00:00+00:00,2957.800048828125,33.439998626708984,76.72000122070312,6.0,106.33399963378906
2025-02-21 00:00:00+00:00,2954.89990234375,33.369998931884766,76.66000366210938,6.0,106.46299743652344
2025-02-21 01:00:00+00:00,2945.39990234375,33.310001373291016,76.4000015258789,6.005,106.54399871826172
2025-02-21 02:00:00+00:00,2953.39990234375,33.45500183105469,76.43000030517578,6.0175,106.427001953125
2025-02-21 03:00:00+00:00,2945.199951171875,33.30500030517578,76.43000030517578,6.02,106.41400146484375
2025-02-21 04:00:00+00:00,2941.800048828125,33.20500183105469,76.41000366210938,6.025,106.44100189208984
2025-02-21 05:00:00+00:00,2943.699951171875,33.275001525878906,76.31999969482422,6.02,106.49800109863281
2025-02-21 06:00:00+00:00,2944.0,33.33000183105469,76.2699966430664,6.0125,106.54399871826172
2025-02-21 07:00:00+00:00,2943.89990234375,33.349998474121094,76.18000030517578,6.0225,106.51000213623047
2025-02-21 08:00:00+00:00,2937.10009765625,33.165000915527344,75.91999816894531,6.0125,106.61199951171875
2025-02-21 09:00:00+00:00,2943.39990234375,33.290000915527344,75.66000366210938,6.0125,106.6780014038086
2025-02-21 10:00:00+00:00,2945.300048828125,33.345001220703125,75.29000091552734,6.035,106.68900299072266
2025-02-21 11:00:00+00:00,2941.699951171875,33.34000015258789,75.33000183105469,6.0525,106.65399932861328
2025-02-21 12:00:00+00:00,2943.60009765625,33.29999923706055,75.88999938964844,6.0525,106.73200225830078
2025-02-21 13:00:00+00:00,2945.10009765625,33.35499954223633,76.06999969482422,6.065,106.625
2025-02-21 14:00:00+00:00,2947.60009765625,33.26499938964844,75.0,6.0175,106.50399780273438
2025-02-21 15:00:00+00:00,2942.5,32.970001220703125,74.62000274658203,6.03,106.68900299072266
2025-02-21 16:00:00+00:00,2950.39990234375,33.04999923706055,74.58000183105469,6.055,106.66799926757812
2025-02-21 17:00:00+00:00,2953.89990234375,33.04499816894531,74.52999877929688,6.0375,106.60299682617188
2025-02-21 18:00:00+00:00,2958.5,33.1150016784668,74.55999755859375,6.03,106.62899780273438
2025-02-21 19:00:00+00:00,2947.39990234375,32.939998626708984,74.36000061035156,6.045,106.61199951171875
2025-02-21 20:00:00+00:00,2948.39990234375,32.90999984741211,74.20999908447266,6.045,106.63099670410156
2025-02-21 21:00:00+00:00,2949.60009765625,32.82500076293945,73.83000183105469,6.045,106.64299774169922
2025-02-23 22:00:00+00:00,2949.60009765625,32.82500076293945,73.83000183105469,6.045,106.64099884033203
2025-02-23 23:00:00+00:00,2950.0,32.94499969482422,74.05000305175781,6.045,106.5479965209961
2025-02-24 00:00:00+00:00,2944.39990234375,32.92499923706055,74.05999755859375,6.045,106.27999877929688
2025-02-24 01:00:00+00:00,2941.699951171875,32.875,73.98999786376953,6.015,106.2040023803711
2025-02-24 02:00:00+00:00,2952.800048828125,33.08000183105469,74.43000030517578,6.005,106.16200256347656
2025-02-24 03:00:00+00:00,2954.699951171875,33.03499984741211,74.37000274658203,5.9975,106.18000030517578
2025-02-24 04:00:00+00:00,2954.199951171875,33.04499816894531,73.83999633789062,6.0,106.21900177001953
2025-02-24 05:00:00+00:00,2949.39990234375,32.959999084472656,74.3499984741211,5.98,106.23500061035156
2025-02-24 06:00:00+00:00,2952.10009765625,33.01499938964844,74.41000366210938,5.98,106.3010025024414
2025-02-24 07:00:00+00:00,2957.5,32.959999084472656,73.87999725341797,5.975,106.42500305175781
2025-02-24 08:00:00+00:00,2961.10009765625,32.95500183105469,74.45999908447266,5.9625,106.5009994506836
2025-02-24 09:00:00+00:00,2958.699951171875,32.89500045776367,74.36000061035156,5.9575,106.59200286865234
2025-02-24 10:00:00+00:00,2953.89990234375,32.80500030517578,74.4800033569336,5.9525,106.54199981689453
2025-02-24 11:00:00+00:00,2962.199951171875,32.880001068115234,74.55999755859375,5.9375,106.62899780273438
2025-02-24 12:00:00+00:00,2961.800048828125,32.904998779296875,74.0,5.945,106.63400268554688
2025-02-24 13:00:00+00:00,2970.199951171875,33.0099983215332,73.97000122070312,5.9475,106.63700103759766
2025-02-24 14:00:00+00:00,2953.39990234375,32.68000030517578,74.02999877929688,5.96,106.6760025024414
2025-02-24 15:00:00+00:00,2952.60009765625,32.5,74.12999725341797,5.92,106.61399841308594
2025-02-24 16:00:00+00:00,2958.800048828125,32.584999084472656,74.29000091552734,5.9025,106.55899810791016
2025-02-24 17:00:00+00:00,2958.5,32.599998474121094,74.23999786376953,5.9325,106.59200286865234
2025-02-24 18:00:00+00:00,2962.699951171875,32.64500045776367,74.31999969482422,5.93,106.52999877929688
2025-02-24 19:00:00+00:00,2964.300048828125,32.689998626708984,74.2699966430664,5.935,106.59600067138672
2025-02-24 20:00:00+00:00,2964.800048828125,32.67499923706055,74.27999877929688,5.935,106.697998046875
2025-02-24 21:00:00+00:00,2968.89990234375,32.71500015258789,74.41999816894531,5.935,106.67400360107422
2025-02-24 22:00:00+00:00,2968.89990234375,32.71500015258789,74.41999816894531,5.935,106.66600036621094
2025-02-24 23:00:00+00:00,2966.0,32.61000061035156,74.36000061035156,5.935,106.70099639892578
2025-02-25 00:00:00+00:00,2965.199951171875,32.599998474121094,74.26000213623047,5.935,106.76200103759766
2025-02-25 01:00:00+00:00,2965.60009765625,32.76499938964844,74.56999969482422,5.93,106.73300170898438
2025-02-25 02:00:00+00:00,2964.60009765625,32.77000045776367,74.58999633789062,5.94,106.6240005493164
2025-02-25 03:00:00+00:00,2956.300048828125,32.724998474121094,74.6500015258789,5.9325,106.62300109863281
2025-02-25 04:00:00+00:00,2952.699951171875,32.6349983215332,74.69999694824219,5.9375,106.61499786376953
2025-02-25 05:00:00+00:00,2953.300048828125,32.60499954223633,74.6500015258789,5.955,106.59300231933594
2025-02-25 06:00:00+00:00,2951.10009765625,32.59000015258789,74.58999633789062,5.9425,106.61299896240234
2025-02-25 07:00:00+00:00,2945.39990234375,32.31999969482422,74.33999633789062,5.9375,106.66899871826172
2025-02-25 08:00:00+00:00,2955.199951171875,32.53499984741211,74.27999877929688,5.9325,106.62699890136719
2025-02-25 09:00:00+00:00,2953.199951171875,32.5099983215332,74.18000030517578,5.9075,106.62799835205078
2025-02-25 10:00:00+00:00,2950.89990234375,32.470001220703125,74.16000366210938,5.88,106.6449966430664
2025-02-25 11:00:00+00:00,2952.199951171875,32.505001068115234,74.0199966430664,5.86,106.49400329589844
2025-02-25 12:00:00+00:00,2942.10009765625,32.20000076293945,73.69999694824219,5.8575,106.46099853515625
2025-02-25 13:00:00+00:00,2950.800048828125,32.39500045776367,73.69000244140625,5.87,106.38200378417969
2025-02-25 14:00:00+00:00,2946.5,32.32500076293945,73.69999694824219,5.805,106.3489990234375
2025-02-25 15:00:00+00:00,2917.800048828125,31.854999542236328,72.43000030517578,5.8425,106.38999938964844
2025-02-25 16:00:00+00:00,2908.39990234375,31.795000076293945,72.41000366210938,5.865,106.40399932861328
2025-02-25 17:00:00+00:00,2920.89990234375,31.850000381469727,72.37000274658203,5.8675,106.35299682617188
2025-02-25 18:00:00+00:00,2922.199951171875,31.889999389648438,72.4800033569336,5.87,106.3219985961914
2025-02-25 19:00:00+00:00,2924.300048828125,31.940000534057617,72.56999969482422,5.8875,106.30799865722656
2025-02-25 20:00:00+00:00,2925.5,31.969999313354492,72.62000274658203,5.8875,106.26100158691406
2025-02-25 21:00:00+00:00,2928.60009765625,32.05500030517578,72.5999984741211,5.8875,106.28700256347656
2025-02-25 22:00:00+00:00,2928.60009765625,32.05500030517578,72.5999984741211,5.8875,106.29399871826172
2025-02-25 23:00:00+00:00,2931.60009765625,32.1349983215332,72.62999725341797,5.8875,106.28399658203125
2025-02-26 00:00:00+00:00,2934.39990234375,32.084999084472656,72.62999725341797,5.8875,106.20099639892578
2025-02-26 01:00:00+00:00,2930.699951171875,32.07500076293945,72.68000030517578,5.9,106.29399871826172
2025-02-26 02:00:00+00:00,2934.5,32.1349983215332,72.63999938964844,5.8925,106.39800262451172
2025-02-26 03:00:00+00:00,2930.699951171875,32.1150016784668,72.5999984741211,5.89,106.41300201416016
2025-02-26 04:00:00+00:00,2928.0,32.07500076293945,72.70999908447266,5.8875,106.4800033569336
2025-02-26 05:00:00+00:00,2928.199951171875,32.119998931884766,72.6500015258789,5.8775,106.51699829101562
2025-02-26 06:00:00+00:00,2919.60009765625,31.985000610351562,72.69000244140625,5.89,106.50299835205078
2025-02-26 07:00:00+00:00,2927.199951171875,32.099998474121094,72.75,5.9,106.49600219726562
2025-02-26 08:00:00+00:00,2931.300048828125,32.23500061035156,72.47000122070312,5.9125,106.41500091552734
2025-02-26 09:00:00+00:00,2925.699951171875,32.099998474121094,72.48999786376953,5.9075,106.46099853515625
2025-02-26 10:00:00+00:00,2925.300048828125,32.03499984741211,72.52999877929688,5.8775,106.48999786376953
2025-02-26 11:00:00+00:00,2927.5,32.03499984741211,72.4000015258789,5.865,106.5250015258789
2025-02-26 12:00:00+00:00,2927.699951171875,32.125,72.29000091552734,5.855,106.64399719238281
2025-02-26 13:00:00+00:00,2919.300048828125,32.0099983215332,72.2699966430664,5.88,106.57099914550781
2025-02-26 14:00:00+00:00,2915.199951171875,32.0,72.4000015258789,5.8475,106.52899932861328
2025-02-26 15:00:00+00:00,2927.89990234375,32.19499969482422,72.1500015258789,5.7925,106.38999938964844
2025-02-26 16:00:00+00:00,2927.39990234375,32.22999954223633,72.16999816894531,5.8075,106.30799865722656
2025-02-26 17:00:00+00:00,2928.5,32.25,72.2300033569336,5.815,106.43399810791016
2025-02-26 18:00:00+00:00,2929.39990234375,32.130001068115234,71.98999786376953,5.8,106.45099639892578
2025-02-26 19:00:00+00:00,2929.199951171875,32.119998931884766,72.26000213623047,5.7925,106.41600036621094
2025-02-26 20:00:00+00:00,2930.699951171875,32.154998779296875,72.22000122070312,5.7925,106.48899841308594
2025-02-26 21:00:00+00:00,2931.699951171875,32.224998474121094,72.29000091552734,5.7925,106.50299835205078
2025-02-26 22:00:00+00:00,2931.699951171875,32.224998474121094,72.29000091552734,5.7925,106.47200012207031
2025-02-26 23:00:00+00:00,2933.89990234375,32.275001525878906,72.30000305175781,5.7925,106.47100067138672
2025-02-27 00:00:00+00:00,2932.0,32.224998474121094,72.22000122070312,5.7925,106.572998046875
2025-02-27 01:00:00+00:00,2927.10009765625,32.209999084472656,72.27999877929688,5.7675,106.58899688720703
2025-02-27 02:00:00+00:00,2919.10009765625,32.06999969482422,72.30999755859375,5.77,106.63600158691406
2025-02-27 03:00:00+00:00,2918.5,32.029998779296875,72.29000091552734,5.765,106.62100219726562
2025-02-27 04:00:00+00:00,2912.89990234375,31.979999542236328,72.26000213623047,5.76,106.62100219726562
2025-02-27 05:00:00+00:00,2903.60009765625,31.899999618530273,72.27999877929688,5.76,106.69400024414062
2025-02-27 06:00:00+00:00,2906.300048828125,32.029998779296875,72.26000213623047,5.7675,106.62699890136719
2025-02-27 07:00:00+00:00,2903.60009765625,32.1150016784668,72.36000061035156,5.7775,106.59100341796875
2025-02-27 08:00:00+00:00,2892.800048828125,32.2599983215332,72.47000122070312,5.77,106.61599731445312
2025-02-27 09:00:00+00:00,2900.39990234375,32.404998779296875,72.76000213623047,5.7625,106.58499908447266
2025-02-27 10:00:00+00:00,2906.0,32.470001220703125,72.7699966430664,5.7625,106.61799621582031
2025-02-27 11:00:00+00:00,2896.0,32.369998931884766,72.73999786376953,5.745,106.6520004272461
2025-02-27 12:00:00+00:00,2898.0,32.5,72.77999877929688,5.735,106.64199829101562
2025-02-27 13:00:00+00:00,2902.10009765625,32.404998779296875,72.83000183105469,5.72,107.0739974975586
2025-02-27 14:00:00+00:00,2884.199951171875,32.02000045776367,72.94000244140625,5.655,107.11399841308594
2025-02-27 15:00:00+00:00,2884.199951171875,32.01499938964844,73.3499984741211,5.615,107.16200256347656
2025-02-27 16:00:00+00:00,2890.60009765625,32.04499816894531,73.30000305175781,5.63,107.14600372314453
2025-02-27 17:00:00+00:00,2895.199951171875,32.06999969482422,73.43000030517578,5.6225,107.2239990234375
2025-02-27 18:00:00+00:00,2899.0,32.084999084472656,73.5199966430664,5.64,107.15699768066406
2025-02-27 19:00:00+00:00,2890.60009765625,31.889999389648438,73.52999877929688,5.625,107.24400329589844
2025-02-27 20:00:00+00:00,2884.5,31.795000076293945,73.33000183105469,5.625,107.22599792480469
2025-02-27 21:00:00+00:00,2887.800048828125,31.860000610351562,73.3499984741211,5.625,107.28900146484375
2025-02-27 22:00:00+00:00,2887.800048828125,31.860000610351562,73.3499984741211,5.625,107.30699920654297
2025-02-27 23:00:00+00:00,2886.199951171875,31.809999465942383,73.33999633789062,5.625,107.29299926757812
2025-02-28 00:00:00+00:00,2887.199951171875,31.81999969482422,73.30000305175781,5.625,107.20899963378906
2025-02-28 01:00:00+00:00,2886.800048828125,31.825000762939453,73.22000122070312,5.64,107.33200073242188
2025-02-28 02:00:00+00:00,2884.699951171875,31.84000015258789,73.30999755859375,5.6425,107.38899993896484
2025-02-28 03:00:00+00:00,2877.60009765625,31.774999618530273,73.2300033569336,5.64,107.35600280761719
2025-02-28 04:00:00+00:00,2875.39990234375,31.7549991607666,73.2300033569336,5.6325,107.37300109863281
2025-02-28 05:00:00+00:00,2876.10009765625,31.770000457763672,73.19000244140625,5.6275,107.37300109863281
2025-02-28 06:00:00+00:00,2875.199951171875,31.729999542236328,73.05999755859375,5.635,107.40799713134766
2025-02-28 07:00:00+00:00,2870.39990234375,31.635000228881836,73.0,5.6275,107.38800048828125
2025-02-28 08:00:00+00:00,2868.199951171875,31.604999542236328,72.81999969482422,5.6475,107.3550033569336
2025-02-28 09:00:00+00:00,2873.699951171875,31.674999237060547,72.87999725341797,5.6725,107.36100006103516
2025-02-28 10:00:00+00:00,2874.5,31.68000030517578,72.68000030517578,5.6725,107.36499786376953
2025-02-28 11:00:00+00:00,2875.199951171875,31.729999542236328,72.75,5.675,107.3550033569336
2025-02-28 12:00:00+00:00,2869.199951171875,31.65999984741211,72.68000030517578,5.6825,107.3270034790039
2025-02-28 13:00:00+00:00,2860.5,31.575000762939453,72.76000213623047,5.6925,107.3010025024414
2025-02-28 14:00:00+00:00,2846.39990234375,31.399999618530273,72.4000015258789,5.6425,107.30799865722656
2025-02-28 15:00:00+00:00,2861.699951171875,31.719999313354492,72.95999908447266,5.6225,107.35199737548828
2025-02-28 16:00:00+00:00,2859.39990234375,31.600000381469727,72.76000213623047,5.6075,107.35700225830078
2025-02-28 17:00:00+00:00,2855.300048828125,31.530000686645508,72.86000061035156,5.605,107.36900329589844
2025-02-28 18:00:00+00:00,2855.800048828125,31.514999389648438,73.08999633789062,5.585,107.63099670410156
2025-02-28 19:00:00+00:00,2859.199951171875,31.625,72.83000183105469,5.555,107.61399841308594
2025-02-28 20:00:00+00:00,2864.39990234375,31.68000030517578,73.12000274658203,5.555,107.56099700927734
2025-02-28 21:00:00+00:00,2867.300048828125,31.704999923706055,73.02999877929688,5.555,107.56400299072266
2025-03-02 22:00:00+00:00,2867.300048828125,31.704999923706055,73.02999877929688,5.555,107.56400299072266
2025-03-02 23:00:00+00:00,2882.5,31.8799991607666,73.2699966430664,5.555,107.33200073242188
2025-03-03 00:00:00+00:00,2877.10009765625,31.774999618530273,73.4000015258789,5.555,107.29900360107422
2025-03-03 01:00:00+00:00,2883.10009765625,31.889999389648438,73.54000091552734,5.6225,107.2040023803711
2025-03-03 02:00:00+00:00,2878.5,31.864999771118164,73.33000183105469,5.6275,107.20700073242188
2025-03-03 03:00:00+00:00,2875.699951171875,31.834999084472656,73.23999786376953,5.615,107.24099731445312
2025-03-03 04:00:00+00:00,2877.0,31.844999313354492,73.19000244140625,5.615,107.21299743652344
2025-03-03 05:00:00+00:00,2872.60009765625,31.760000228881836,73.05000305175781,5.6125,107.25499725341797
2025-03-03 06:00:00+00:00,2875.39990234375,31.760000228881836,72.94999694824219,5.6075,107.3010025024414
2025-03-03 07:00:00+00:00,2873.300048828125,31.71500015258789,72.87999725341797,5.59,107.27300262451172
2025-03-03 08:00:00+00:00,2878.5,31.864999771118164,72.45999908447266,5.61,107.29499816894531
2025-03-03 09:00:00+00:00,2877.60009765625,31.96500015258789,72.37999725341797,5.605,107.10700225830078
2025-03-03 10:00:00+00:00,2882.39990234375,32.029998779296875,72.87000274658203,5.5725,107.052001953125
2025-03-03 11:00:00+00:00,2884.60009765625,32.060001373291016,73.0,5.5775,107.01200103759766
2025-03-03 12:00:00+00:00,2886.5,32.244998931884766,73.22000122070312,5.5525,106.87000274658203
2025-03-03 13:00:00+00:00,2883.10009765625,32.290000915527344,73.19000244140625,5.575,106.81999969482422
2025-03-03 14:00:00+00:00,2888.60009765625,32.290000915527344,72.9000015258789,5.56,106.7040023803711
2025-03-03 15:00:00+00:00,2898.800048828125,32.38999938964844,72.68000030517578,5.5225,106.61299896240234
2025-03-03 16:00:00+00:00,2901.89990234375,32.415000915527344,72.66000366210938,5.5,106.50399780273438
2025-03-03 17:00:00+00:00,2901.5,32.349998474121094,72.6500015258789,5.485,106.54199981689453
2025-03-03 18:00:00+00:00,2900.300048828125,32.025001525878906,71.5199966430664,5.4725,106.59700012207031
2025-03-03 19:00:00+00:00,2891.300048828125,32.09000015258789,71.41000366210938,5.475,106.74700164794922
2025-03-03 20:00:00+00:00,2901.300048828125,32.16999816894531,71.36000061035156,5.475,106.5989990234375
2025-03-03 21:00:00+00:00,2904.10009765625,32.26499938964844,71.51000213623047,5.475,106.54499816894531
2025-03-03 22:00:00+00:00,2904.10009765625,32.26499938964844,71.51000213623047,5.475,106.55899810791016
2025-03-03 23:00:00+00:00,2901.5,32.22999954223633,71.33000183105469,5.475,106.55500030517578
2025-03-04 00:00:00+00:00,2902.39990234375,32.25,71.29000091552734,5.475,106.51200103759766
2025-03-04 01:00:00+00:00,2899.300048828125,32.1349983215332,71.08000183105469,5.495,106.49800109863281
2025-03-04 02:00:00+00:00,2895.60009765625,32.084999084472656,71.11000061035156,5.49,106.59700012207031
2025-03-04 03:00:00+00:00,2898.699951171875,32.189998626708984,71.1500015258789,5.51,106.61199951171875
2025-03-04 04:00:00+00:00,2901.89990234375,32.2400016784668,71.13999938964844,5.5,106.59500122070312
2025-03-04 05:00:00+00:00,2899.60009765625,32.27000045776367,70.98999786376953,5.47,106.5770034790039
2025-03-04 06:00:00+00:00,2897.60009765625,32.2599983215332,71.08000183105469,5.45,106.56199645996094
2025-03-04 07:00:00+00:00,2909.300048828125,32.30500030517578,70.86000061035156,5.4625,106.50399780273438
2025-03-04 08:00:00+00:00,2924.699951171875,32.380001068115234,70.62000274658203,5.4575,106.27100372314453
2025-03-04 09:00:00+00:00,2928.89990234375,32.51499938964844,70.56999969482422,5.435,106.28700256347656
2025-03-04 10:00:00+00:00,2924.60009765625,32.459999084472656,70.76000213623047,5.4025,106.27999877929688
2025-03-04 11:00:00+00:00,2931.300048828125,32.51499938964844,70.48999786376953,5.4375,105.99400329589844
2025-03-04 12:00:00+00:00,2936.5,32.57500076293945,70.20999908447266,5.3975,105.9219970703125
2025-03-04 13:00:00+00:00,2933.699951171875,32.41999816894531,70.44999694824219,5.385,106.0530014038086
2025-03-04 14:00:00+00:00,2914.0,32.20000076293945,69.83000183105469,5.365,106.22699737548828
2025-03-04 15:00:00+00:00,2916.39990234375,32.11000061035156,70.23999786376953,5.3375,106.1969985961914
2025-03-04 16:00:00+00:00,2926.199951171875,32.310001373291016,70.68000030517578,5.355,106.19300079345703
2025-03-04 17:00:00+00:00,2922.10009765625,32.33000183105469,70.83999633789062,5.3525,106.12300109863281
2025-03-04 18:00:00+00:00,2921.800048828125,32.44499969482422,71.0999984741211,5.3475,105.81400299072266
2025-03-04 19:00:00+00:00,2926.800048828125,32.54499816894531,71.16000366210938,5.3725,105.74299621582031
2025-03-04 20:00:00+00:00,2928.699951171875,32.5,71.05999755859375,5.3725,105.65299987792969
2025-03-04 21:00:00+00:00,2928.199951171875,32.56999969482422,71.13999938964844,5.3725,105.55400085449219
2025-03-04 22:00:00+00:00,2928.199951171875,32.56999969482422,71.13999938964844,5.3725,105.58899688720703
2025-03-04 23:00:00+00:00,2925.5,32.540000915527344,70.95999908447266,5.3725,105.53099822998047
2025-03-05 00:00:00+00:00,2924.0,32.494998931884766,70.98999786376953,5.3725,105.61000061035156
2025-03-05 01:00:00+00:00,2917.699951171875,32.43000030517578,70.9000015258789,5.3925,105.69999694824219
2025-03-05 02:00:00+00:00,2915.0,32.45500183105469,70.62999725341797,5.37,105.75499725341797
2025-03-05 03:00:00+00:00,2919.5,32.55500030517578,70.7699966430664,5.39,105.65599822998047
2025-03-05 04:00:00+00:00,2920.699951171875,32.58000183105469,70.79000091552734,5.3925,105.64399719238281
2025-03-05 05:00:00+00:00,2929.10009765625,32.68000030517578,70.77999877929688,5.3825,105.52899932861328
2025-03-05 06:00:00+00:00,2927.39990234375,32.689998626708984,70.94999694824219,5.3975,105.5199966430664
2025-03-05 07:00:00+00:00,2928.699951171875,32.845001220703125,70.94000244140625,5.415,105.20700073242188
2025-03-05 08:00:00+00:00,2931.0,32.935001373291016,70.75,5.4325,104.99700164794922
2025-03-05 09:00:00+00:00,2929.800048828125,32.95500183105469,70.51000213623047,5.435,104.91400146484375
2025-03-05 10:00:00+00:00,2923.39990234375,32.86000061035156,70.13999938964844,5.4375,105.00499725341797
2025-03-05 11:00:00+00:00,2924.0,32.85499954223633,70.02999877929688,5.44,105.14199829101562
2025-03-05 12:00:00+00:00,2926.5,32.915000915527344,70.0199966430664,5.47,105.0739974975586
2025-03-05 13:00:00+00:00,2910.10009765625,32.65999984741211,69.7300033569336,5.4525,104.86000061035156
2025-03-05 14:00:00+00:00,2921.89990234375,32.915000915527344,69.08000183105469,5.4275,104.427001953125
2025-03-05 15:00:00+00:00,2927.699951171875,33.029998779296875,68.87999725341797,5.46,104.53700256347656
2025-03-05 16:00:00+00:00,2933.699951171875,33.08000183105469,68.52999877929688,5.4975,104.52100372314453
2025-03-05 17:00:00+00:00,2925.699951171875,33.125,69.22000122070312,5.485,104.38300323486328
2025-03-05 18:00:00+00:00,2926.800048828125,33.1349983215332,69.4000015258789,5.48,104.44300079345703
2025-03-05 19:00:00+00:00,2930.10009765625,33.26499938964844,69.33999633789062,5.4825,104.3030014038086
2025-03-05 20:00:00+00:00,2931.60009765625,33.29499816894531,69.43000030517578,5.4825,104.2969970703125
2025-03-05 21:00:00+00:00,2929.0,33.2400016784668,69.37999725341797,5.4825,104.3219985961914
2025-03-05 22:00:00+00:00,2929.0,33.2400016784668,69.37999725341797,5.4825,104.30699920654297
2025-03-05 23:00:00+00:00,2927.300048828125,33.22999954223633,69.47000122070312,5.4825,104.27200317382812
2025-03-06 00:00:00+00:00,2925.10009765625,33.185001373291016,69.5199966430664,5.4825,104.3270034790039
2025-03-06 01:00:00+00:00,2933.300048828125,33.2599983215332,69.73999786376953,5.5225,104.14399719238281
2025-03-06 02:00:00+00:00,2934.800048828125,33.255001068115234,69.83000183105469,5.53,104.24400329589844
2025-03-06 03:00:00+00:00,2929.800048828125,33.20500183105469,69.66000366210938,5.53,104.3550033569336
2025-03-06 04:00:00+00:00,2926.89990234375,33.20000076293945,69.70999908447266,5.53,104.24299621582031
2025-03-06 05:00:00+00:00,2927.60009765625,33.154998779296875,69.51000213623047,5.525,104.18599700927734
2025-03-06 06:00:00+00:00,2928.5,33.224998474121094,69.72000122070312,5.5325,104.21499633789062
2025-03-06 07:00:00+00:00,2917.199951171875,33.095001220703125,69.77999877929688,5.53,104.18299865722656
2025-03-06 08:00:00+00:00,2912.699951171875,33.09000015258789,69.37999725341797,5.51,104.14700317382812
2025-03-06 09:00:00+00:00,2901.199951171875,32.92499923706055,69.5199966430664,5.5175,104.1240005493164
2025-03-06 10:00:00+00:00,2907.10009765625,32.939998626708984,69.2699966430664,5.515,104.18099975585938
2025-03-06 11:00:00+00:00,2913.89990234375,33.040000915527344,69.69999694824219,5.515,104.12699890136719
2025-03-06 12:00:00+00:00,2910.699951171875,32.959999084472656,69.69000244140625,5.4825,104.13200378417969
2025-03-06 13:00:00+00:00,2912.5,32.97999954223633,69.45999908447266,5.485,103.95700073242188
2025-03-06 14:00:00+00:00,2923.60009765625,33.244998931884766,69.55999755859375,5.4525,103.86599731445312
2025-03-06 15:00:00+00:00,2922.800048828125,33.255001068115234,68.91999816894531,5.5575,104.02799987792969
2025-03-06 16:00:00+00:00,2925.60009765625,33.279998779296875,68.7699966430664,5.59,103.98500061035156
2025-03-06 17:00:00+00:00,2923.0,33.20500183105469,69.37999725341797,5.595,104.12899780273438
2025-03-06 18:00:00+00:00,2924.300048828125,33.2400016784668,69.44999694824219,5.55,104.2040023803711
2025-03-06 19:00:00+00:00,2922.0,33.189998626708984,69.58999633789062,5.5375,104.06199645996094
2025-03-06 20:00:00+00:00,2917.39990234375,33.165000915527344,69.37000274658203,5.5375,104.18699645996094
2025-03-06 21:00:00+00:00,2919.800048828125,33.209999084472656,69.4000015258789,5.5375,104.20600128173828
2025-03-06 22:00:00+00:00,2919.800048828125,33.209999084472656,69.4000015258789,5.5375,104.16600036621094
2025-03-06 23:00:00+00:00,2917.10009765625,33.18000030517578,69.44000244140625,5.5375,104.13600158691406
2025-03-07 00:00:00+00:00,2913.0,33.16999816894531,69.37999725341797,5.5375,104.1780014038086
2025-03-07 01:00:00+00:00,2915.0,33.11000061035156,69.55999755859375,5.5125,104.16400146484375
2025-03-07 02:00:00+00:00,2915.0,33.21500015258789,69.70999908447266,5.5125,104.0739974975586
2025-03-07 03:00:00+00:00,2912.5,33.16999816894531,69.54000091552734,5.4975,104.04199981689453
2025-03-07 04:00:00+00:00,2913.199951171875,33.18000030517578,69.45999908447266,5.495,104.01100158691406
2025-03-07 05:00:00+00:00,2917.10009765625,33.189998626708984,69.54000091552734,5.4925,103.98300170898438
2025-03-07 06:00:00+00:00,2920.60009765625,33.16999816894531,69.56999969482422,5.485,103.90799713134766
2025-03-07 07:00:00+00:00,2924.800048828125,33.220001220703125,69.98999786376953,5.4775,103.87100219726562
2025-03-07 08:00:00+00:00,2930.39990234375,33.275001525878906,70.23999786376953,5.4825,103.68099975585938
2025-03-07 09:00:00+00:00,2929.10009765625,33.28499984741211,70.41999816894531,5.4725,103.61699676513672
2025-03-07 10:00:00+00:00,2926.0,33.18000030517578,70.69000244140625,5.48,103.66300201416016
2025-03-07 11:00:00+00:00,2926.199951171875,33.1150016784668,70.45999908447266,5.4675,103.7509994506836
2025-03-07 12:00:00+00:00,2925.89990234375,32.974998474121094,70.61000061035156,5.46,103.73999786376953
2025-03-07 13:00:00+00:00,2920.5,32.834999084472656,70.2699966430664,5.4725,103.77200317382812
2025-03-07 14:00:00+00:00,2934.89990234375,33.099998474121094,71.05000305175781,5.485,103.71099853515625
2025-03-07 15:00:00+00:00,2923.699951171875,32.84000015258789,70.79000091552734,5.4925,103.61399841308594
2025-03-07 16:00:00+00:00,2922.0,32.68000030517578,70.33999633789062,5.5025,103.66400146484375
2025-03-07 17:00:00+00:00,2916.300048828125,32.7599983215332,70.25,5.5175,103.81800079345703
2025-03-07 18:00:00+00:00,2915.300048828125,32.8650016784668,70.33999633789062,5.5125,103.8759994506836
2025-03-07 19:00:00+00:00,2913.300048828125,32.86000061035156,70.29000091552734,5.525,103.83799743652344
2025-03-07 20:00:00+00:00,2918.199951171875,32.935001373291016,70.33999633789062,5.525,103.80899810791016
2025-03-07 21:00:00+00:00,2917.699951171875,32.915000915527344,70.37999725341797,5.525,103.90499877929688
2025-03-09 21:00:00+00:00,2917.699951171875,32.915000915527344,70.37999725341797,5.525,103.90499877929688
2025-03-09 22:00:00+00:00,2919.10009765625,32.915000915527344,70.08000183105469,5.525,103.75399780273438
2025-03-09 23:00:00+00:00,2924.300048828125,33.005001068115234,69.88999938964844,5.525,103.697998046875
2025-03-10 00:00:00+00:00,2920.89990234375,33.0099983215332,70.18000030517578,5.58,103.61499786376953
2025-03-10 01:00:00+00:00,2918.699951171875,32.994998931884766,70.05000305175781,5.56,103.7020034790039
2025-03-10 02:00:00+00:00,2917.89990234375,32.8849983215332,69.98999786376953,5.555,103.83899688720703
2025-03-10 03:00:00+00:00,2916.60009765625,32.900001525878906,69.97000122070312,5.5525,103.88400268554688
2025-03-10 04:00:00+00:00,2917.0,32.904998779296875,70.04000091552734,5.5475,103.88300323486328
2025-03-10 05:00:00+00:00,2916.10009765625,32.869998931884766,69.94999694824219,5.5425,103.84200286865234
2025-03-10 06:00:00+00:00,2920.300048828125,32.95000076293945,70.20999908447266,5.5475,103.84100341796875
2025-03-10 07:00:00+00:00,2915.0,33.060001373291016,70.4000015258789,5.5475,103.93000030517578
2025-03-10 08:00:00+00:00,2904.39990234375,32.814998626708984,70.29000091552734,5.5525,104.00299835205078
2025-03-10 09:00:00+00:00,2918.10009765625,33.04499816894531,70.54000091552734,5.5825,103.72599792480469
2025-03-10 10:00:00+00:00,2910.0,32.90999984741211,70.5,5.575,103.64600372314453
2025-03-10 11:00:00+00:00,2910.60009765625,32.93000030517578,70.7699966430664,5.59,103.72200012207031
2025-03-10 12:00:00+00:00,2913.300048828125,33.0099983215332,70.80000305175781,5.615,103.76000213623047
2025-03-10 13:00:00+00:00,2910.0,32.73500061035156,69.94000244140625,5.605,103.8239974975586
2025-03-10 14:00:00+00:00,2915.0,32.63999938964844,69.70999908447266,5.6125,103.74500274658203
2025-03-10 15:00:00+00:00,2911.10009765625,32.630001068115234,69.87000274658203,5.64,103.86699676513672
2025-03-10 16:00:00+00:00,2901.800048828125,32.5099983215332,69.63999938964844,5.6275,103.93399810791016
2025-03-10 17:00:00+00:00,2892.10009765625,32.38999938964844,69.29000091552734,5.6225,103.947998046875
2025-03-10 18:00:00+00:00,2890.89990234375,32.36000061035156,69.12999725341797,5.6275,103.9749984741211
2025-03-10 19:00:00+00:00,2890.60009765625,32.3849983215332,69.19999694824219,5.6275,103.94000244140625
2025-03-10 20:00:00+00:00,2893.300048828125,32.45500183105469,69.18000030517578,5.6275,103.92400360107422
2025-03-10 21:00:00+00:00,2893.300048828125,32.45500183105469,69.18000030517578,5.6275,103.91000366210938
2025-03-10 22:00:00+00:00,2889.300048828125,32.39500045776367,69.05999755859375,5.6275,103.90299987792969
2025-03-10 23:00:00+00:00,2889.10009765625,32.38999938964844,69.05000305175781,5.6275,103.86799621582031
2025-03-11 00:00:00+00:00,2890.89990234375,32.36000061035156,68.87999725341797,5.5925,103.74800109863281
2025-03-11 01:00:00+00:00,2892.699951171875,32.415000915527344,69.06999969482422,5.5775,103.70700073242188
2025-03-11 02:00:00+00:00,2902.60009765625,32.560001373291016,69.2300033569336,5.5825,103.72899627685547
2025-03-11 03:00:00+00:00,2900.39990234375,32.56999969482422,69.22000122070312,5.5875,103.77400207519531
2025-03-11 04:00:00+00:00,2901.800048828125,32.61000061035156,69.23999786376953,5.5775,103.74600219726562
2025-03-11 05:00:00+00:00,2899.699951171875,32.525001525878906,69.30999755859375,5.575,103.89800262451172
2025-03-11 06:00:00+00:00,2907.10009765625,32.650001525878906,69.45999908447266,5.58,103.76399993896484
2025-03-11 07:00:00+00:00,2905.0,32.65999984741211,69.58999633789062,5.5875,103.49299621582031
2025-03-11 08:00:00+00:00,2914.5,32.84000015258789,69.66999816894531,5.6075,103.35900115966797
2025-03-11 09:00:00+00:00,2916.800048828125,32.94499969482422,69.69999694824219,5.5875,103.41100311279297
2025-03-11 10:00:00+00:00,2916.89990234375,32.9900016784668,70.01000213623047,5.59,103.56400299072266
2025-03-11 11:00:00+00:00,2919.10009765625,32.994998931884766,69.62000274658203,5.5925,103.47899627685547
2025-03-11 12:00:00+00:00,2918.39990234375,32.96500015258789,69.93000030517578,5.58,103.40499877929688
2025-03-11 13:00:00+00:00,2924.0,33.21500015258789,70.16999816894531,5.59,103.39900207519531
2025-03-11 14:00:00+00:00,2920.60009765625,33.150001525878906,69.27999877929688,5.595,103.427001953125
2025-03-11 15:00:00+00:00,2922.800048828125,33.18000030517578,69.51000213623047,5.595,103.34700012207031
2025-03-11 16:00:00+00:00,2923.300048828125,33.165000915527344,69.13999938964844,5.59,103.36299896240234
2025-03-11 17:00:00+00:00,2923.800048828125,33.185001373291016,69.55000305175781,5.59,103.28199768066406
2025-03-11 18:00:00+00:00,2923.89990234375,33.36000061035156,69.73999786376953,5.5625,103.28900146484375
2025-03-11 19:00:00+00:00,2925.199951171875,33.3849983215332,69.77999877929688,5.5625,103.36799621582031
2025-03-11 20:00:00+00:00,2922.800048828125,33.380001068115234,69.88999938964844,5.5625,103.39900207519531
2025-03-11 21:00:00+00:00,2922.800048828125,33.380001068115234,69.88999938964844,5.5625,103.43800354003906
2025-03-11 22:00:00+00:00,2923.39990234375,33.39500045776367,69.88999938964844,5.5625,103.41699981689453
2025-03-11 23:00:00+00:00,2922.300048828125,33.345001220703125,69.94000244140625,5.5625,103.45500183105469
2025-03-12 00:00:00+00:00,2920.39990234375,33.290000915527344,69.94000244140625,5.605,103.5009994506836
2025-03-12 01:00:00+00:00,2921.0,33.310001373291016,69.97000122070312,5.5975,103.51000213623047
2025-03-12 02:00:00+00:00,2921.699951171875,33.290000915527344,69.44999694824219,5.6025,103.53299713134766
2025-03-12 03:00:00+00:00,2921.199951171875,33.28499984741211,69.47000122070312,5.6025,103.59200286865234
2025-03-12 04:00:00+00:00,2920.300048828125,33.27000045776367,69.52999877929688,5.605,103.59100341796875
2025-03-12 05:00:00+00:00,2921.5,33.28499984741211,69.91000366210938,5.61,103.53800201416016
2025-03-12 06:00:00+00:00,2917.300048828125,33.20000076293945,69.56999969482422,5.59,103.65899658203125
2025-03-12 07:00:00+00:00,2919.699951171875,33.38999938964844,69.30000305175781,5.58,103.60600280761719
2025-03-12 08:00:00+00:00,2927.5,33.494998931884766,69.30999755859375,5.5375,103.45700073242188
2025-03-12 09:00:00+00:00,2920.89990234375,33.439998626708984,70.01000213623047,5.5075,103.54100036621094
2025-03-12 10:00:00+00:00,2920.10009765625,33.45000076293945,70.19000244140625,5.5175,103.58799743652344
2025-03-12 11:00:00+00:00,2920.89990234375,33.53499984741211,70.3499984741211,5.5375,103.61499786376953
2025-03-12 12:00:00+00:00,2923.5,33.67499923706055,70.37000274658203,5.545,103.77400207519531
2025-03-12 13:00:00+00:00,2921.0,33.51499938964844,70.4800033569336,5.555,103.73899841308594
2025-03-12 14:00:00+00:00,2929.0,33.595001220703125,70.83000183105469,5.5325,103.48799896240234
2025-03-12 15:00:00+00:00,2935.699951171875,33.650001525878906,70.83000183105469,5.465,103.4020004272461
2025-03-12 16:00:00+00:00,2943.89990234375,33.69499969482422,70.9000015258789,5.5225,103.48600006103516
2025-03-12 17:00:00+00:00,2944.0,33.71500015258789,70.9000015258789,5.5425,103.47000122070312
2025-03-12 18:00:00+00:00,2943.300048828125,33.775001525878906,70.98999786376953,5.55,103.61199951171875
2025-03-12 19:00:00+00:00,2939.89990234375,33.66999816894531,70.45999908447266,5.55,103.57599639892578
2025-03-12 20:00:00+00:00,2943.39990234375,33.724998474121094,70.44000244140625,5.55,103.58799743652344
2025-03-12 21:00:00+00:00,2943.39990234375,33.724998474121094,70.44000244140625,5.55,103.58999633789062
2025-03-12 22:00:00+00:00,2945.0,33.755001068115234,70.48999786376953,5.55,103.56999969482422
2025-03-12 23:00:00+00:00,2945.199951171875,33.775001525878906,70.97000122070312,5.55,103.5979995727539
2025-03-13 00:00:00+00:00,2946.0,33.810001373291016,70.43000030517578,5.555,103.53900146484375
2025-03-13 01:00:00+00:00,2946.300048828125,33.7400016784668,70.31999969482422,5.5675,103.56199645996094
2025-03-13 02:00:00+00:00,2952.5,33.814998626708984,70.52999877929688,5.57,103.52799987792969
2025-03-13 03:00:00+00:00,2954.699951171875,33.7400016784668,70.98999786376953,5.5725,103.59300231933594
2025-03-13 04:00:00+00:00,2953.300048828125,33.685001373291016,70.9000015258789,5.5625,103.5270004272461
2025-03-13 05:00:00+00:00,2949.39990234375,33.56999969482422,70.79000091552734,5.56,103.56999969482422
2025-03-13 06:00:00+00:00,2946.89990234375,33.54499816894531,70.7699966430664,5.57,103.65499877929688
2025-03-13 07:00:00+00:00,2944.89990234375,33.46500015258789,71.02999877929688,5.5775,103.7030029296875
2025-03-13 08:00:00+00:00,2950.89990234375,33.540000915527344,70.44999694824219,5.5775,103.68000030517578
2025-03-13 09:00:00+00:00,2956.5,33.665000915527344,70.56999969482422,5.575,103.6500015258789
2025-03-13 10:00:00+00:00,2953.199951171875,33.70500183105469,70.18000030517578,5.5875,103.7229995727539
2025-03-13 11:00:00+00:00,2955.199951171875,33.69499969482422,70.58999633789062,5.595,103.80699920654297
2025-03-13 12:00:00+00:00,2951.800048828125,33.560001373291016,70.51000213623047,5.6025,103.98500061035156
2025-03-13 13:00:00+00:00,2960.10009765625,33.689998626708984,70.37999725341797,5.6625,103.86900329589844
2025-03-13 14:00:00+00:00,2980.60009765625,34.029998779296875,70.44000244140625,5.655,103.72899627685547
2025-03-13 15:00:00+00:00,2989.39990234375,34.61000061035156,69.6500015258789,5.63,103.79100036621094
2025-03-13 16:00:00+00:00,2992.0,34.35499954223633,70.0,5.6125,103.70999908447266
2025-03-13 17:00:00+00:00,2991.800048828125,34.26499938964844,69.73999786376953,5.6275,103.84300231933594
2025-03-13 18:00:00+00:00,2996.60009765625,34.404998779296875,69.36000061035156,5.62,103.8280029296875
2025-03-13 19:00:00+00:00,2995.199951171875,34.380001068115234,69.31999969482422,5.62,103.86599731445312
2025-03-13 20:00:00+00:00,3001.300048828125,34.4900016784668,70.06999969482422,5.62,103.84200286865234
2025-03-13 21:00:00+00:00,3001.300048828125,34.4900016784668,70.06999969482422,5.62,103.83499908447266
2025-03-13 22:00:00+00:00,2999.60009765625,34.529998779296875,70.1500015258789,5.62,103.83399963378906
2025-03-13 23:00:00+00:00,2998.699951171875,34.540000915527344,70.13999938964844,5.62,103.83100128173828
2025-03-14 00:00:00+00:00,2999.5,34.43000030517578,70.13999938964844,5.595,103.91300201416016
2025-03-14 01:00:00+00:00,3001.300048828125,34.56999969482422,70.19999694824219,5.6025,103.96099853515625
2025-03-14 02:00:00+00:00,2996.89990234375,34.525001525878906,69.79000091552734,5.6125,103.97799682617188
2025-03-14 03:00:00+00:00,3002.60009765625,34.6349983215332,70.30999755859375,5.62,103.9469985961914
2025-03-14 04:00:00+00:00,2998.5,34.564998626708984,70.31999969482422,5.615,103.98899841308594
2025-03-14 05:00:00+00:00,2999.60009765625,34.560001373291016,70.37999725341797,5.6325,103.91799926757812
2025-03-14 06:00:00+00:00,2998.199951171875,34.58000183105469,70.55999755859375,5.625,104.02400207519531
2025-03-14 07:00:00+00:00,3000.60009765625,34.70000076293945,70.5999984741211,5.6275,104.03700256347656
2025-03-14 08:00:00+00:00,3005.800048828125,34.775001525878906,70.19999694824219,5.6,103.94100189208984
2025-03-14 09:00:00+00:00,3011.10009765625,34.78499984741211,70.5999984741211,5.5875,103.97200012207031
2025-03-14 10:00:00+00:00,3004.89990234375,34.66999816894531,70.41000366210938,5.575,103.68000030517578
2025-03-14 11:00:00+00:00,3004.60009765625,34.63999938964844,69.8499984741211,5.58,103.66999816894531
2025-03-14 12:00:00+00:00,3005.5,34.720001220703125,70.51000213623047,5.62,103.66899871826172
2025-03-14 13:00:00+00:00,2997.89990234375,34.349998474121094,70.30000305175781,5.5925,103.7979965209961
2025-03-14 14:00:00+00:00,2995.800048828125,34.290000915527344,70.2699966430664,5.5975,103.74500274658203
2025-03-14 15:00:00+00:00,2995.699951171875,34.2400016784668,69.80999755859375,5.5675,103.78700256347656
2025-03-14 16:00:00+00:00,2999.89990234375,34.375,70.43000030517578,5.5575,103.69200134277344
2025-03-14 17:00:00+00:00,2997.39990234375,34.3650016784668,70.44999694824219,5.575,103.70800018310547
2025-03-14 18:00:00+00:00,2993.60009765625,34.310001373291016,70.55999755859375,5.57,103.71800231933594
2025-03-14 19:00:00+00:00,2992.0,34.310001373291016,70.52999877929688,5.57,103.7020034790039
2025-03-14 20:00:00+00:00,2993.699951171875,34.3650016784668,70.06999969482422,5.57,103.73500061035156
2025-03-16 21:00:00+00:00,2993.699951171875,34.3650016784668,70.06999969482422,5.57,103.73500061035156
2025-03-16 22:00:00+00:00,2997.60009765625,34.3849983215332,70.98999786376953,5.57,103.7040023803711
2025-03-16 23:00:00+00:00,2998.0,34.3650016784668,70.55000305175781,5.57,103.7239990234375
2025-03-17 00:00:00+00:00,2998.0,34.40999984741211,70.81999969482422,5.6225,103.74299621582031
2025-03-17 01:00:00+00:00,2998.300048828125,34.3650016784668,71.36000061035156,5.635,103.70099639892578
2025-03-17 02:00:00+00:00,2995.60009765625,34.35499954223633,71.11000061035156,5.635,103.71199798583984
2025-03-17 03:00:00+00:00,2995.800048828125,34.32500076293945,70.5,5.645,103.71499633789062
2025-03-17 04:00:00+00:00,2991.89990234375,34.27000045776367,71.0999984741211,5.6475,103.75
2025-03-17 05:00:00+00:00,2994.89990234375,34.34000015258789,71.05999755859375,5.6525,103.77799987792969
2025-03-17 06:00:00+00:00,2997.5,34.375,70.5999984741211,5.655,103.7770004272461
2025-03-17 07:00:00+00:00,2993.89990234375,34.27000045776367,71.13999938964844,5.67,103.75299835205078
2025-03-17 08:00:00+00:00,2995.800048828125,34.27000045776367,71.13999938964844,5.68,103.70899963378906
2025-03-17 09:00:00+00:00,3003.10009765625,34.33000183105469,71.27999877929688,5.695,103.57599639892578
2025-03-17 10:00:00+00:00,3007.0,34.32500076293945,71.44999694824219,5.695,103.49199676513672
2025-03-17 11:00:00+00:00,3005.39990234375,34.30500030517578,71.48999786376953,5.695,103.5199966430664
2025-03-17 12:00:00+00:00,2994.39990234375,34.125,71.47000122070312,5.69,103.5479965209961
2025-03-17 13:00:00+00:00,2996.199951171875,34.17499923706055,71.27999877929688,5.695,103.51100158691406
2025-03-17 14:00:00+00:00,3006.0,34.220001220703125,70.33999633789062,5.7325,103.40499877929688
2025-03-17 15:00:00+00:00,3004.89990234375,34.209999084472656,71.06999969482422,5.735,103.35600280761719
2025-03-17 16:00:00+00:00,3002.10009765625,34.20500183105469,70.98999786376953,5.71,103.36199951171875
2025-03-17 17:00:00+00:00,3006.300048828125,34.345001220703125,71.22000122070312,5.6775,103.42900085449219
2025-03-17 18:00:00+00:00,3007.800048828125,34.3849983215332,70.52999877929688,5.6825,103.37000274658203
2025-03-17 19:00:00+00:00,3008.300048828125,34.400001525878906,71.0,5.6825,103.39700317382812
2025-03-17 20:00:00+00:00,3010.10009765625,34.40999984741211,70.97000122070312,5.6825,103.40499877929688
2025-03-17 21:00:00+00:00,3010.10009765625,34.40999984741211,70.97000122070312,5.6825,103.4000015258789
2025-03-17 22:00:00+00:00,3008.60009765625,34.39500045776367,70.83999633789062,5.6825,103.40699768066406
2025-03-17 23:00:00+00:00,3008.89990234375,34.349998474121094,70.91999816894531,5.6825,103.46199798583984
2025-03-18 00:00:00+00:00,3010.10009765625,34.470001220703125,70.5199966430664,5.7225,103.4800033569336
2025-03-18 01:00:00+00:00,3015.199951171875,34.470001220703125,71.2300033569336,5.7175,103.49700164794922
2025-03-18 02:00:00+00:00,3020.300048828125,34.52000045776367,71.33999633789062,5.715,103.55899810791016
2025-03-18 03:00:00+00:00,3020.300048828125,34.54499816894531,70.76000213623047,5.705,103.56600189208984
2025-03-18 04:00:00+00:00,3023.5,34.57500076293945,70.77999877929688,5.71,103.53199768066406
2025-03-18 05:00:00+00:00,3021.39990234375,34.54999923706055,71.45999908447266,5.6975,103.57099914550781
2025-03-18 06:00:00+00:00,3024.39990234375,34.5099983215332,70.95999908447266,5.7,103.48200225830078
2025-03-18 07:00:00+00:00,3025.800048828125,34.564998626708984,71.66999816894531,5.72,103.39700317382812
2025-03-18 08:00:00+00:00,3035.39990234375,34.78499984741211,71.33000183105469,5.715,103.25800323486328
2025-03-18 09:00:00+00:00,3030.10009765625,34.755001068115234,72.0999984741211,5.6775,103.26399993896484
2025-03-18 10:00:00+00:00,3032.199951171875,34.71500015258789,71.45999908447266,5.6975,103.37100219726562
2025-03-18 11:00:00+00:00,3035.300048828125,34.76499938964844,71.98999786376953,5.7025,103.50800323486328
2025-03-18 12:00:00+00:00,3042.800048828125,34.92499923706055,71.9000015258789,5.7075,103.53600311279297
2025-03-18 13:00:00+00:00,3040.5,34.790000915527344,71.5,5.6925,103.50800323486328
2025-03-18 14:00:00+00:00,3035.199951171875,34.61000061035156,71.2699966430664,5.6825,103.49500274658203
2025-03-18 15:00:00+00:00,3039.5,34.69499969482422,70.83000183105469,5.705,103.38999938964844
2025-03-18 16:00:00+00:00,3043.800048828125,34.79499816894531,70.4000015258789,5.655,103.30599975585938
2025-03-18 17:00:00+00:00,3040.39990234375,34.69499969482422,70.63999938964844,5.655,103.20700073242188
2025-03-18 18:00:00+00:00,3043.10009765625,34.72999954223633,70.52999877929688,5.64,103.24400329589844
2025-03-18 19:00:00+00:00,3042.699951171875,34.6349983215332,70.56999969482422,5.64,103.22799682617188
2025-03-18 20:00:00+00:00,3041.699951171875,34.650001525878906,70.36000061035156,5.64,103.2509994506836
2025-03-18 21:00:00+00:00,3041.699951171875,34.650001525878906,70.36000061035156,5.64,103.24700164794922
2025-03-18 22:00:00+00:00,3041.10009765625,34.64500045776367,70.47000122070312,5.64,103.24400329589844
2025-03-18 23:00:00+00:00,3038.199951171875,34.61000061035156,70.5,5.64,103.3030014038086
2025-03-19 00:00:00+00:00,3038.0,34.61000061035156,70.02999877929688,5.6025,103.3489990234375
2025-03-19 01:00:00+00:00,3036.89990234375,34.59000015258789,70.25,5.59,103.32599639892578
2025-03-19 02:00:00+00:00,3040.800048828125,34.67499923706055,69.94000244140625,5.6,103.2959976196289
2025-03-19 03:00:00+00:00,3045.10009765625,34.720001220703125,70.37000274658203,5.595,103.3010025024414
2025-03-19 04:00:00+00:00,3043.89990234375,34.66999816894531,70.30999755859375,5.6,103.38500213623047
2025-03-19 05:00:00+00:00,3051.39990234375,34.7599983215332,69.80999755859375,5.6025,103.40299987792969
2025-03-19 06:00:00+00:00,3049.10009765625,34.63999938964844,70.08999633789062,5.6,103.46099853515625
2025-03-19 07:00:00+00:00,3043.199951171875,34.474998474121094,70.25,5.63,103.61299896240234
2025-03-19 08:00:00+00:00,3033.800048828125,34.35499954223633,69.5199966430664,5.6675,103.55500030517578
2025-03-19 09:00:00+00:00,3038.89990234375,34.40999984741211,70.18000030517578,5.65,103.60600280761719
2025-03-19 10:00:00+00:00,3042.300048828125,34.529998779296875,70.4000015258789,5.66,103.6259994506836
2025-03-19 11:00:00+00:00,3046.800048828125,34.64500045776367,70.12000274658203,5.635,103.55999755859375
2025-03-19 12:00:00+00:00,3045.39990234375,34.44499969482422,70.58999633789062,5.6375,103.62300109863281
2025-03-19 13:00:00+00:00,3041.800048828125,34.375,70.56999969482422,5.635,103.68599700927734
2025-03-19 14:00:00+00:00,3036.300048828125,34.19499969482422,70.31999969482422,5.655,103.73600006103516
2025-03-19 15:00:00+00:00,3040.10009765625,34.209999084472656,70.38999938964844,5.62,103.79499816894531
2025-03-19 16:00:00+00:00,3041.699951171875,34.224998474121094,71.1500015258789,5.625,103.72799682617188
2025-03-19 17:00:00+00:00,3038.60009765625,34.165000915527344,70.83999633789062,5.6325,103.82599639892578
2025-03-19 18:00:00+00:00,3055.39990234375,34.45000076293945,70.83000183105469,5.64,103.4280014038086
2025-03-19 19:00:00+00:00,3056.60009765625,34.439998626708984,70.41999816894531,5.64,103.51000213623047
2025-03-19 20:00:00+00:00,3057.5,34.41999816894531,70.91999816894531,5.64,103.46800231933594
2025-03-19 21:00:00+00:00,3057.5,34.41999816894531,70.91999816894531,5.64,103.46199798583984
2025-03-19 22:00:00+00:00,3059.60009765625,34.494998931884766,70.45999908447266,5.64,103.46099853515625
2025-03-19 23:00:00+00:00,3059.60009765625,34.54999923706055,70.4800033569336,5.64,103.38300323486328
2025-03-20 00:00:00+00:00,3061.5,34.5099983215332,70.94999694824219,5.665,103.36399841308594
2025-03-20 01:00:00+00:00,3057.199951171875,34.40999984741211,71.08999633789062,5.6725,103.41300201416016
2025-03-20 02:00:00+00:00,3054.199951171875,34.40999984741211,71.08999633789062,5.6725,103.39700317382812
2025-03-20 03:00:00+00:00,3057.89990234375,34.4900016784668,71.18000030517578,5.6675,103.38999938964844
2025-03-20 04:00:00+00:00,3060.300048828125,34.4900016784668,70.7300033569336,5.66,103.43599700927734
2025-03-20 05:00:00+00:00,3055.300048828125,34.415000915527344,70.68000030517578,5.665,103.48600006103516
2025-03-20 06:00:00+00:00,3055.800048828125,34.38999938964844,71.22000122070312,5.6325,103.50299835205078
2025-03-20 07:00:00+00:00,3049.0,34.224998474121094,70.7300033569336,5.63,103.63600158691406
2025-03-20 08:00:00+00:00,3049.199951171875,34.14500045776367,71.26000213623047,5.6275,103.73200225830078
2025-03-20 09:00:00+00:00,3048.199951171875,34.099998474121094,70.4800033569336,5.605,103.88300323486328
2025-03-20 10:00:00+00:00,3041.39990234375,33.80500030517578,70.83000183105469,5.59,103.90899658203125
2025-03-20 11:00:00+00:00,3042.300048828125,33.91999816894531,71.08999633789062,5.6075,103.86499786376953
2025-03-20 12:00:00+00:00,3048.89990234375,34.0,70.38999938964844,5.5825,103.97799682617188
2025-03-20 13:00:00+00:00,3039.800048828125,33.8849983215332,70.76000213623047,5.5675,104.04399871826172
2025-03-20 14:00:00+00:00,3048.5,34.064998626708984,71.7699966430664,5.5325,103.9749984741211
2025-03-20 15:00:00+00:00,3048.10009765625,33.97999954223633,71.37999725341797,5.585,103.85700225830078
2025-03-20 16:00:00+00:00,3046.0,33.97999954223633,71.4000015258789,5.5525,103.8479995727539
2025-03-20 17:00:00+00:00,3048.5,33.974998474121094,71.97000122070312,5.58,103.87100219726562
2025-03-20 18:00:00+00:00,3050.60009765625,34.04999923706055,72.0999984741211,5.5625,103.85099792480469
2025-03-20 19:00:00+00:00,3052.60009765625,34.07500076293945,72.1500015258789,5.5625,103.80400085449219
2025-03-20 20:00:00+00:00,3052.800048828125,34.1150016784668,71.72000122070312,5.5625,103.81199645996094
2025-03-20 21:00:00+00:00,3052.800048828125,34.1150016784668,71.72000122070312,5.5625,103.80000305175781
2025-03-20 22:00:00+00:00,3053.300048828125,34.099998474121094,71.77999877929688,5.5625,103.7979965209961
2025-03-20 23:00:00+00:00,3053.89990234375,34.099998474121094,71.86000061035156,5.5625,103.7959976196289
2025-03-21 00:00:00+00:00,3050.699951171875,34.03499984741211,72.4000015258789,5.56,103.83300018310547
2025-03-21 01:00:00+00:00,3043.800048828125,33.98500061035156,72.27999877929688,5.55,103.84600067138672
2025-03-21 02:00:00+00:00,3043.5,33.88999938964844,71.70999908447266,5.55,103.9010009765625
2025-03-21 03:00:00+00:00,3037.89990234375,33.77000045776367,72.31999969482422,5.555,103.98699951171875
2025-03-21 04:00:00+00:00,3037.5,33.72999954223633,72.16999816894531,5.56,104.0469970703125
2025-03-21 05:00:00+00:00,3035.199951171875,33.654998779296875,71.69000244140625,5.5525,104.08200073242188
2025-03-21 06:00:00+00:00,3036.89990234375,33.70000076293945,72.11000061035156,5.5575,104.03700256347656
2025-03-21 07:00:00+00:00,3038.199951171875,33.61000061035156,72.11000061035156,5.575,103.96800231933594
2025-03-21 08:00:00+00:00,3039.0,33.61000061035156,71.98999786376953,5.5575,104.0009994506836
2025-03-21 09:00:00+00:00,3036.199951171875,33.54499816894531,71.83999633789062,5.58,104.06099700927734
2025-03-21 10:00:00+00:00,3037.800048828125,33.66999816894531,71.16999816894531,5.585,103.947998046875
2025-03-21 11:00:00+00:00,3041.300048828125,33.7400016784668,71.56999969482422,5.5875,103.83899688720703
2025-03-21 12:00:00+00:00,3040.800048828125,33.64500045776367,71.20999908447266,5.5825,103.9469985961914
2025-03-21 13:00:00+00:00,3010.89990234375,33.369998931884766,71.69000244140625,5.62,103.97699737548828
2025-03-21 14:00:00+00:00,3020.800048828125,33.435001373291016,72.0999984741211,5.545,104.0199966430664
2025-03-21 15:00:00+00:00,3016.199951171875,33.39500045776367,71.76000213623047,5.5525,104.18399810791016
2025-03-21 16:00:00+00:00,3021.60009765625,33.525001525878906,72.19000244140625,5.575,104.10600280761719
2025-03-21 17:00:00+00:00,3019.699951171875,33.48500061035156,71.58000183105469,5.575,104.07499694824219
2025-03-21 18:00:00+00:00,3024.0,33.45500183105469,72.2300033569336,5.5825,104.08799743652344
2025-03-21 19:00:00+00:00,3025.5,33.505001068115234,72.0999984741211,5.5825,104.1259994506836
2025-03-21 20:00:00+00:00,3028.199951171875,33.53499984741211,71.62000274658203,5.5825,104.14700317382812
2025-03-23 21:00:00+00:00,3028.199951171875,33.53499984741211,71.62000274658203,5.5825,104.14700317382812
2025-03-23 22:00:00+00:00,3030.5,33.59000015258789,72.18000030517578,5.5825,104.12799835205078
2025-03-23 23:00:00+00:00,3030.39990234375,33.625,71.75,5.5825,104.02899932861328
2025-03-24 00:00:00+00:00,3022.800048828125,33.54499816894531,72.0199966430664,5.595,104.02200317382812
2025-03-24 01:00:00+00:00,3025.39990234375,33.625,71.8499984741211,5.5825,104.11299896240234
2025-03-24 02:00:00+00:00,3020.89990234375,33.60499954223633,71.37000274658203,5.5725,104.12699890136719
2025-03-24 03:00:00+00:00,3021.89990234375,33.65999984741211,71.31999969482422,5.57,104.15499877929688
2025-03-24 04:00:00+00:00,3023.5,33.70500183105469,71.87000274658203,5.5775,104.14299774169922
2025-03-24 05:00:00+00:00,3026.800048828125,33.73500061035156,71.45999908447266,5.5775,104.08399963378906
2025-03-24 06:00:00+00:00,3029.5,33.744998931884766,71.56999969482422,5.5675,103.99600219726562
2025-03-24 07:00:00+00:00,3026.800048828125,33.6349983215332,72.33000183105469,5.555,103.98899841308594
2025-03-24 08:00:00+00:00,3032.60009765625,33.75,72.08000183105469,5.5325,103.9530029296875
2025-03-24 09:00:00+00:00,3028.699951171875,33.6349983215332,72.4000015258789,5.53,103.95600128173828
2025-03-24 10:00:00+00:00,3033.5,33.720001220703125,72.16999816894531,5.5275,103.9000015258789
2025-03-24 11:00:00+00:00,3030.10009765625,33.619998931884766,72.02999877929688,5.5125,104.03299713134766
2025-03-24 12:00:00+00:00,3028.800048828125,33.650001525878906,72.27999877929688,5.5125,104.06900024414062
2025-03-24 13:00:00+00:00,3027.10009765625,33.68000030517578,72.5199966430664,5.4675,104.33899688720703
2025-03-24 14:00:00+00:00,3016.699951171875,33.55500030517578,72.83999633789062,5.47,104.30899810791016
2025-03-24 15:00:00+00:00,3019.10009765625,33.525001525878906,73.0199966430664,5.48,104.35800170898438
2025-03-24 16:00:00+00:00,3015.300048828125,33.45500183105469,72.37000274658203,5.5025,104.3740005493164
2025-03-24 17:00:00+00:00,3013.39990234375,33.474998474121094,72.8499984741211,5.4825,104.3949966430664
2025-03-24 18:00:00+00:00,3013.39990234375,33.474998474121094,73.05000305175781,5.475,104.26200103759766
2025-03-24 19:00:00+00:00,3013.199951171875,33.47999954223633,73.11000061035156,5.475,104.3010025024414
2025-03-24 20:00:00+00:00,3017.60009765625,33.525001525878906,73.05000305175781,5.475,104.31300354003906
2025-03-24 21:00:00+00:00,3017.60009765625,33.525001525878906,73.05000305175781,5.475,104.31600189208984
2025-03-24 22:00:00+00:00,3015.699951171875,33.45000076293945,73.11000061035156,5.475,104.31099700927734
2025-03-24 23:00:00+00:00,3014.39990234375,33.44499969482422,72.47000122070312,5.475,104.30699920654297
2025-03-25 00:00:00+00:00,3018.60009765625,33.51499938964844,72.38999938964844,5.455,104.34400177001953
2025-03-25 01:00:00+00:00,3015.89990234375,33.54999923706055,72.31999969482422,5.4625,104.29900360107422
2025-03-25 02:00:00+00:00,3012.800048828125,33.51499938964844,72.95999908447266,5.465,104.35399627685547
2025-03-25 03:00:00+00:00,3018.89990234375,33.61000061035156,73.0,5.47,104.28600311279297
2025-03-25 04:00:00+00:00,3019.800048828125,33.63999938964844,72.33999633789062,5.47,104.28299713134766
2025-03-25 05:00:00+00:00,3022.5,33.665000915527344,72.37000274658203,5.4675,104.2699966430664
2025-03-25 06:00:00+00:00,3022.199951171875,33.665000915527344,72.33000183105469,5.47,104.3489990234375
2025-03-25 07:00:00+00:00,3015.39990234375,33.57500076293945,72.63999938964844,5.47,104.4010009765625
2025-03-25 08:00:00+00:00,3025.39990234375,33.76499938964844,73.30000305175781,5.445,104.37000274658203
2025-03-25 09:00:00+00:00,3027.300048828125,33.7400016784668,73.48999786376953,5.465,104.26599884033203
2025-03-25 10:00:00+00:00,3028.5,33.8650016784668,72.7699966430664,5.49,104.0739974975586
2025-03-25 11:00:00+00:00,3024.89990234375,33.94499969482422,72.86000061035156,5.47,104.08399963378906
2025-03-25 12:00:00+00:00,3026.60009765625,34.04499816894531,72.83999633789062,5.46,103.98999786376953
2025-03-25 13:00:00+00:00,3034.199951171875,34.279998779296875,72.8499984741211,5.4475,104.03299713134766
2025-03-25 14:00:00+00:00,3029.800048828125,34.22999954223633,72.44000244140625,5.4375,104.06700134277344
2025-03-25 15:00:00+00:00,3026.5,34.20000076293945,72.31999969482422,5.4475,104.14900207519531
2025-03-25 16:00:00+00:00,3028.89990234375,34.20000076293945,72.79000091552734,5.42,104.10299682617188
2025-03-25 17:00:00+00:00,3028.10009765625,34.18000030517578,72.87000274658203,5.425,104.08300018310547
2025-03-25 18:00:00+00:00,3024.10009765625,34.18000030517578,72.37000274658203,5.4375,104.18399810791016
2025-03-25 19:00:00+00:00,3025.699951171875,34.19499969482422,73.12999725341797,5.4375,104.19000244140625
2025-03-25 20:00:00+00:00,3026.199951171875,34.25,73.19000244140625,5.4375,104.21099853515625
2025-03-25 21:00:00+00:00,3026.199951171875,34.25,73.19000244140625,5.4375,104.2040023803711
2025-03-25 22:00:00+00:00,3025.89990234375,34.279998779296875,72.62999725341797,5.4375,104.21299743652344
2025-03-25 23:00:00+00:00,3025.300048828125,34.2400016784668,72.6500015258789,5.4375,104.23300170898438
2025-03-26 00:00:00+00:00,3022.10009765625,34.19499969482422,72.6500015258789,5.4325,104.29900360107422
2025-03-26 01:00:00+00:00,3028.39990234375,34.310001373291016,72.69999694824219,5.4325,104.21299743652344
2025-03-26 02:00:00+00:00,3028.300048828125,34.31999969482422,72.69000244140625,5.4275,104.22200012207031
2025-03-26 03:00:00+00:00,3020.800048828125,34.14500045776367,72.55000305175781,5.42,104.322998046875
2025-03-26 04:00:00+00:00,3019.699951171875,34.119998931884766,72.5,5.42,104.33000183105469
2025-03-26 05:00:00+00:00,3026.300048828125,34.15999984741211,73.26000213623047,5.4275,104.32499694824219
2025-03-26 06:00:00+00:00,3029.800048828125,34.279998779296875,72.69000244140625,5.44,104.29299926757812
2025-03-26 07:00:00+00:00,3034.300048828125,34.27000045776367,72.48999786376953,5.435,104.31700134277344
2025-03-26 08:00:00+00:00,3028.0,34.150001525878906,72.70999908447266,5.4525,104.21399688720703
2025-03-26 09:00:00+00:00,3023.89990234375,34.224998474121094,72.87000274658203,5.4175,104.2300033569336
2025-03-26 10:00:00+00:00,3029.10009765625,34.2599983215332,73.0199966430664,5.43,104.26200103759766
2025-03-26 11:00:00+00:00,3032.800048828125,34.33000183105469,72.9800033569336,5.4225,104.27899932861328
2025-03-26 12:00:00+00:00,3033.0,34.435001373291016,73.0199966430664,5.415,104.35900115966797
2025-03-26 13:00:00+00:00,3022.60009765625,34.1150016784668,73.9000015258789,5.43,104.39900207519531
2025-03-26 14:00:00+00:00,3023.0,34.279998779296875,73.2699966430664,5.3775,104.30699920654297
2025-03-26 15:00:00+00:00,3021.699951171875,34.189998626708984,73.36000061035156,5.3875,104.39299774169922
2025-03-26 16:00:00+00:00,3021.5,34.22999954223633,73.16999816894531,5.39,104.33799743652344
2025-03-26 17:00:00+00:00,3024.60009765625,34.22999954223633,72.93000030517578,5.36,104.53700256347656
2025-03-26 18:00:00+00:00,3023.60009765625,34.154998779296875,72.98999786376953,5.355,104.5469970703125
2025-03-26 19:00:00+00:00,3023.10009765625,34.1150016784668,73.81999969482422,5.355,104.5780029296875
2025-03-26 20:00:00+00:00,3026.60009765625,34.209999084472656,74.02999877929688,5.355,104.54299926757812
2025-03-26 21:00:00+00:00,3026.60009765625,34.209999084472656,74.02999877929688,5.355,104.6760025024414
2025-03-26 22:00:00+00:00,3024.39990234375,34.154998779296875,73.8499984741211,5.355,104.66600036621094
2025-03-26 23:00:00+00:00,3025.0,34.17499923706055,73.1500015258789,5.355,104.64900207519531
2025-03-27 00:00:00+00:00,3029.199951171875,34.26499938964844,73.19000244140625,5.335,104.54199981689453
2025-03-27 01:00:00+00:00,3028.39990234375,34.220001220703125,73.1500015258789,5.3275,104.43199920654297
2025-03-27 02:00:00+00:00,3036.300048828125,34.32500076293945,73.19000244140625,5.335,104.34700012207031
2025-03-27 03:00:00+00:00,3038.5,34.349998474121094,73.13999938964844,5.3425,104.33100128173828
2025-03-27 04:00:00+00:00,3039.800048828125,34.349998474121094,73.16000366210938,5.3425,104.30999755859375
2025-03-27 05:00:00+00:00,3036.300048828125,34.27000045776367,73.0,5.3375,104.40299987792969
2025-03-27 06:00:00+00:00,3038.0,34.33000183105469,72.9000015258789,5.3325,104.37999725341797
2025-03-27 07:00:00+00:00,3045.699951171875,34.375,72.81999969482422,5.3225,104.4749984741211
2025-03-27 08:00:00+00:00,3045.60009765625,34.380001068115234,72.73999786376953,5.335,104.40499877929688
2025-03-27 09:00:00+00:00,3048.800048828125,34.40999984741211,72.80999755859375,5.36,104.4749984741211
2025-03-27 10:00:00+00:00,3061.0,34.75,72.81999969482422,5.355,104.3949966430664
2025-03-27 11:00:00+00:00,3062.800048828125,34.79999923706055,72.94000244140625,5.3625,104.36000061035156
2025-03-27 12:00:00+00:00,3058.10009765625,34.80500030517578,73.06999969482422,5.3425,104.3290023803711
2025-03-27 13:00:00+00:00,3049.89990234375,34.63999938964844,72.95999908447266,5.35,104.41000366210938
2025-03-27 14:00:00+00:00,3068.800048828125,35.150001525878906,72.5999984741211,5.2925,104.35900115966797
2025-03-27 15:00:00+00:00,3063.10009765625,35.095001220703125,72.97000122070312,5.3075,104.26699829101562
2025-03-27 16:00:00+00:00,3062.0,35.1150016784668,73.02999877929688,5.29,104.27799987792969
2025-03-27 17:00:00+00:00,3066.699951171875,35.130001068115234,73.88999938964844,5.315,104.33499908447266
2025-03-27 18:00:00+00:00,3068.300048828125,35.244998931884766,73.33000183105469,5.315,104.33499908447266
2025-03-27 19:00:00+00:00,3069.300048828125,35.34000015258789,73.19999694824219,5.315,104.2979965209961
2025-03-27 20:00:00+00:00,3069.10009765625,35.31999969482422,73.3499984741211,5.315,104.25599670410156
2025-03-27 21:00:00+00:00,3069.10009765625,35.31999969482422,73.3499984741211,5.315,104.2750015258789
2025-03-27 22:00:00+00:00,3068.60009765625,35.369998931884766,73.33000183105469,5.315,104.27999877929688
2025-03-27 23:00:00+00:00,3069.199951171875,35.3849983215332,73.31999969482422,5.315,104.23999786376953
2025-03-28 00:00:00+00:00,3073.199951171875,35.345001220703125,73.31999969482422,5.2975,104.29299926757812
2025-03-28 01:00:00+00:00,3084.699951171875,35.39500045776367,73.2699966430664,5.2925,104.28500366210938
2025-03-28 02:00:00+00:00,3081.39990234375,35.290000915527344,73.31999969482422,5.285,104.28399658203125
2025-03-28 03:00:00+00:00,3086.39990234375,35.29999923706055,72.66000366210938,5.285,104.31099700927734
2025-03-28 04:00:00+00:00,3083.10009765625,35.255001068115234,73.9000015258789,5.285,104.33399963378906
2025-03-28 05:00:00+00:00,3087.5,35.255001068115234,73.0999984741211,5.2825,104.30400085449219
2025-03-28 06:00:00+00:00,3092.800048828125,35.46500015258789,73.9000015258789,5.2775,104.33300018310547
2025-03-28 07:00:00+00:00,3118.0,35.36000061035156,73.66999816894531,5.24,104.29499816894531
2025-03-28 08:00:00+00:00,3113.199951171875,35.439998626708984,73.26000213623047,5.2375,104.3740005493164
2025-03-28 09:00:00+00:00,3110.89990234375,35.349998474121094,73.41999816894531,5.2325,104.40799713134766
2025-03-28 10:00:00+00:00,3109.699951171875,35.380001068115234,73.16999816894531,5.25,104.46900177001953
2025-03-28 11:00:00+00:00,3111.800048828125,35.334999084472656,73.31999969482422,5.2375,104.45999908447266
2025-03-28 12:00:00+00:00,3112.89990234375,35.35499954223633,73.33999633789062,5.23,104.322998046875
2025-03-28 13:00:00+00:00,3118.5,35.36000061035156,73.01000213623047,5.2,104.1510009765625
2025-03-28 14:00:00+00:00,3103.89990234375,34.75,72.79000091552734,5.205,104.05999755859375
2025-03-28 15:00:00+00:00,3118.5,34.94499969482422,73.41999816894531,5.2325,104.0479965209961
2025-03-28 16:00:00+00:00,3117.60009765625,34.810001373291016,73.52999877929688,5.235,104.04900360107422
2025-03-28 17:00:00+00:00,3110.300048828125,34.775001525878906,73.51000213623047,5.2625,104.06500244140625
2025-03-28 18:00:00+00:00,3111.800048828125,34.755001068115234,72.68000030517578,5.285,104.04399871826172
2025-03-28 19:00:00+00:00,3114.199951171875,34.790000915527344,72.52999877929688,5.285,104.01399993896484
2025-03-28 20:00:00+00:00,3118.0,34.81999969482422,73.30999755859375,5.285,104.01100158691406
2025-03-30 21:00:00+00:00,3118.0,34.81999969482422,73.30999755859375,5.285,104.01100158691406
2025-03-30 22:00:00+00:00,3123.0,34.959999084472656,72.16999816894531,5.285,104.00800323486328
2025-03-30 23:00:00+00:00,3123.5,34.994998931884766,72.80999755859375,5.285,104.0
2025-03-31 00:00:00+00:00,3114.699951171875,34.790000915527344,72.31999969482422,5.265,103.85299682617188
2025-03-31 01:00:00+00:00,3127.60009765625,34.915000915527344,72.5999984741211,5.2725,103.89299774169922
2025-03-31 02:00:00+00:00,3138.800048828125,35.01499938964844,72.47000122070312,5.28,103.81099700927734
2025-03-31 03:00:00+00:00,3139.10009765625,34.970001220703125,72.45999908447266,5.285,103.86900329589844
2025-03-31 04:00:00+00:00,3145.199951171875,35.05500030517578,71.72000122070312,5.2875,103.87699890136719
2025-03-31 05:00:00+00:00,3149.199951171875,35.05500030517578,71.94999694824219,5.295,103.87300109863281
2025-03-31 06:00:00+00:00,3149.300048828125,35.095001220703125,72.73999786376953,5.31,103.85099792480469
2025-03-31 07:00:00+00:00,3156.699951171875,35.16999816894531,72.48999786376953,5.305,103.91899871826172
2025-03-31 08:00:00+00:00,3155.0,35.0,73.30999755859375,5.2975,103.95500183105469
2025-03-31 09:00:00+00:00,3147.800048828125,34.8849983215332,72.1500015258789,5.2825,104.06300354003906
2025-03-31 10:00:00+00:00,3150.300048828125,34.849998474121094,72.16999816894531,5.2875,104.05899810791016
2025-03-31 11:00:00+00:00,3151.5,34.91999816894531,73.01000213623047,5.285,104.03500366210938
2025-03-31 12:00:00+00:00,3158.300048828125,34.849998474121094,73.18000030517578,5.2775,104.1969985961914
2025-03-31 13:00:00+00:00,3146.5,34.47999954223633,73.70999908447266,5.2925,104.18499755859375
2025-03-31 14:00:00+00:00,3156.60009765625,34.67499923706055,74.20999908447266,5.2825,104.24299621582031
2025-03-31 15:00:00+00:00,3146.89990234375,34.53499984741211,74.66000366210938,5.26,104.33200073242188
2025-03-31 16:00:00+00:00,3151.5,34.63999938964844,74.93000030517578,5.3675,104.21299743652344
2025-03-31 17:00:00+00:00,3150.300048828125,34.60499954223633,74.76000213623047,5.3675,104.21299743652344
2025-03-31 18:00:00+00:00,3154.89990234375,34.69499969482422,74.80000305175781,5.375,104.20999908447266
2025-03-31 19:00:00+00:00,3157.199951171875,34.775001525878906,74.68000030517578,5.375,104.2020034790039
2025-03-31 20:00:00+00:00,3157.39990234375,34.76499938964844,74.68000030517578,5.375,104.19499969482422
2025-03-31 21:00:00+00:00,3157.39990234375,34.76499938964844,74.68000030517578,5.375,104.16000366210938
2025-03-31 22:00:00+00:00,3156.60009765625,34.69499969482422,74.68000030517578,5.375,104.18299865722656
2025-03-31 23:00:00+00:00,3155.699951171875,34.75,74.66999816894531,5.375,104.17900085449219
2025-04-01 00:00:00+00:00,3161.699951171875,34.79499816894531,74.72000122070312,5.3525,104.10299682617188
2025-04-01 01:00:00+00:00,3166.0,34.724998474121094,74.8499984741211,5.35,104.14700317382812
2025-04-01 02:00:00+00:00,3173.300048828125,34.88999938964844,74.94999694824219,5.3675,104.10800170898438
2025-04-01 03:00:00+00:00,3175.800048828125,34.939998626708984,74.95999908447266,5.36,104.0770034790039
2025-04-01 04:00:00+00:00,3174.0,34.904998779296875,74.97000122070312,5.36,104.06199645996094
2025-04-01 05:00:00+00:00,3161.10009765625,34.73500061035156,74.91000366210938,5.3525,104.22699737548828
2025-04-01 06:00:00+00:00,3160.5,34.77000045776367,74.9800033569336,5.35,104.21600341796875
2025-04-01 07:00:00+00:00,3156.10009765625,34.630001068115234,73.72000122070312,5.35,104.23999786376953
2025-04-01 08:00:00+00:00,3157.800048828125,34.755001068115234,74.56999969482422,5.475,104.11699676513672
2025-04-01 09:00:00+00:00,3159.699951171875,34.744998931884766,74.95999908447266,5.385,104.09400177001953
2025-04-01 10:00:00+00:00,3161.39990234375,34.68000030517578,74.94000244140625,5.4175,104.22100067138672
2025-04-01 11:00:00+00:00,3159.5,34.61000061035156,73.83999633789062,5.4075,104.32499694824219
2025-04-01 12:00:00+00:00,3164.89990234375,34.73500061035156,74.75,5.3825,104.31199645996094
2025-04-01 13:00:00+00:00,3165.5,34.564998626708984,74.88999938964844,5.54,104.34100341796875
2025-04-01 14:00:00+00:00,3160.199951171875,34.654998779296875,74.01000213623047,5.415,104.09300231933594
2025-04-01 15:00:00+00:00,3144.0,34.345001220703125,74.63999938964844,5.4275,104.1510009765625
2025-04-01 16:00:00+00:00,3138.699951171875,34.27000045776367,73.80999755859375,5.39,104.16300201416016
2025-04-01 17:00:00+00:00,3146.699951171875,34.33000183105469,74.52999877929688,5.53,104.21199798583984
2025-04-01 18:00:00+00:00,3147.199951171875,34.275001525878906,74.4000015258789,5.4,104.26000213623047
2025-04-01 19:00:00+00:00,3150.89990234375,34.3650016784668,74.44999694824219,5.4,104.23600006103516
2025-04-01 20:00:00+00:00,3148.5,34.369998931884766,74.43000030517578,5.4,104.21900177001953
2025-04-01 21:00:00+00:00,3148.5,34.369998931884766,74.43000030517578,5.4,104.2030029296875
2025-04-01 22:00:00+00:00,3144.800048828125,34.3650016784668,73.7699966430664,5.4,104.19999694824219
2025-04-01 23:00:00+00:00,3146.699951171875,34.36000061035156,74.55000305175781,5.4,104.20899963378906
2025-04-02 00:00:00+00:00,3152.5,34.349998474121094,73.69999694824219,5.42,104.25599670410156
2025-04-02 01:00:00+00:00,3161.10009765625,34.48500061035156,74.47000122070312,5.5525,104.2249984741211
2025-04-02 02:00:00+00:00,3157.800048828125,34.5099983215332,74.58999633789062,5.4075,104.21299743652344
2025-04-02 03:00:00+00:00,3154.0,34.525001525878906,73.7699966430664,5.535,104.2030029296875
2025-04-02 04:00:00+00:00,3146.60009765625,34.540000915527344,74.48999786376953,5.3975,104.24099731445312
2025-04-02 05:00:00+00:00,3147.199951171875,34.54999923706055,73.62000274658203,5.3875,104.26699829101562
2025-04-02 06:00:00+00:00,3146.0,34.400001525878906,74.31999969482422,5.3875,104.23100280761719
2025-04-02 07:00:00+00:00,3154.699951171875,34.48500061035156,74.04000091552734,5.3675,104.23200225830078
2025-04-02 08:00:00+00:00,3162.699951171875,34.70000076293945,74.41000366210938,5.3675,104.18399810791016
2025-04-02 09:00:00+00:00,3164.0,34.80500030517578,74.41000366210938,5.355,104.08499908447266
2025-04-02 10:00:00+00:00,3149.5,34.64500045776367,73.98999786376953,5.505,104.16300201416016
2025-04-02 11:00:00+00:00,3157.300048828125,34.665000915527344,74.08000183105469,5.3675,104.08100128173828
2025-04-02 12:00:00+00:00,3160.5,34.560001373291016,74.05999755859375,5.34,103.97699737548828
2025-04-02 13:00:00+00:00,3159.10009765625,34.61000061035156,74.33999633789062,5.535,103.9729995727539
2025-04-02 14:00:00+00:00,3162.60009765625,34.70500183105469,73.69000244140625,5.355,103.75800323486328
2025-04-02 15:00:00+00:00,3165.5,34.6349983215332,73.80999755859375,5.5525,103.73100280761719
2025-04-02 16:00:00+00:00,3173.89990234375,34.78499984741211,74.0999984741211,5.3975,103.85900115966797
2025-04-02 17:00:00+00:00,3167.5,34.654998779296875,75.08000183105469,5.4,103.85399627685547
2025-04-02 18:00:00+00:00,3163.0,34.540000915527344,74.16000366210938,5.3775,103.80699920654297
2025-04-02 19:00:00+00:00,3163.0,34.619998931884766,75.06999969482422,5.3775,103.83899688720703
2025-04-02 20:00:00+00:00,3190.300048828125,35.0,73.7699966430664,5.3775,103.65599822998047
2025-04-02 21:00:00+00:00,3190.300048828125,35.0,73.7699966430664,5.3775,103.78500366210938
2025-04-02 22:00:00+00:00,3171.699951171875,34.060001373291016,73.12999725341797,5.3775,103.68900299072266
2025-04-02 23:00:00+00:00,3188.300048828125,34.17499923706055,71.91999816894531,5.3775,103.15599822998047
2025-04-03 00:00:00+00:00,3174.5,33.849998474121094,73.0,5.2925,103.27200317382812
2025-04-03 01:00:00+00:00,3178.10009765625,34.13999938964844,73.11000061035156,5.3075,103.11000061035156
2025-04-03 02:00:00+00:00,3168.89990234375,33.880001068115234,73.29000091552734,5.325,103.09700012207031
2025-04-03 03:00:00+00:00,3170.39990234375,33.79999923706055,73.33999633789062,5.325,103.0479965209961
2025-04-03 04:00:00+00:00,3162.39990234375,33.63999938964844,73.29000091552734,5.32,103.12200164794922
2025-04-03 05:00:00+00:00,3154.10009765625,33.57500076293945,73.02999877929688,5.3225,102.7770004272461
2025-04-03 06:00:00+00:00,3151.300048828125,33.459999084472656,72.79000091552734,5.3375,102.40399932861328
2025-04-03 07:00:00+00:00,3153.199951171875,33.435001373291016,72.72000122070312,5.32,102.54399871826172
2025-04-03 08:00:00+00:00,3151.699951171875,33.32500076293945,71.55000305175781,5.33,102.21900177001953
2025-04-03 09:00:00+00:00,3142.800048828125,32.79999923706055,71.86000061035156,5.3175,102.06800079345703
2025-04-03 10:00:00+00:00,3117.800048828125,32.63999938964844,71.62999725341797,5.265,101.98899841308594
2025-04-03 11:00:00+00:00,3113.39990234375,32.599998474121094,70.08999633789062,5.295,101.6520004272461
2025-04-03 12:00:00+00:00,3097.300048828125,32.185001373291016,70.33999633789062,5.44,101.65299987792969
2025-04-03 13:00:00+00:00,3106.699951171875,32.029998779296875,69.91999816894531,5.3275,101.61299896240234
2025-04-03 14:00:00+00:00,3152.199951171875,32.505001068115234,68.83999633789062,5.4125,101.39900207519531
2025-04-03 15:00:00+00:00,3132.300048828125,32.01499938964844,69.95999908447266,5.5325,101.91400146484375
2025-04-03 16:00:00+00:00,3128.60009765625,32.029998779296875,70.02999877929688,5.395,101.99500274658203
2025-04-03 17:00:00+00:00,3131.5,32.09000015258789,70.2300033569336,5.3625,102.10299682617188
2025-04-03 18:00:00+00:00,3132.10009765625,32.005001068115234,70.0999984741211,5.5125,102.0719985961914
2025-04-03 19:00:00+00:00,3127.10009765625,31.774999618530273,69.94999694824219,5.5125,102.12300109863281
2025-04-03 20:00:00+00:00,3138.10009765625,31.924999237060547,69.81999969482422,5.5125,101.9489974975586
2025-04-03 21:00:00+00:00,3138.10009765625,31.924999237060547,69.81999969482422,5.5125,101.93000030517578
2025-04-03 22:00:00+00:00,3136.89990234375,31.954999923706055,69.83000183105469,5.5125,101.93900299072266
2025-04-03 23:00:00+00:00,3134.300048828125,31.959999084472656,69.23999786376953,5.5125,102.01399993896484
2025-04-04 00:00:00+00:00,3131.300048828125,31.924999237060547,69.87000274658203,5.375,101.86399841308594
2025-04-04 01:00:00+00:00,3129.39990234375,31.799999237060547,69.08000183105469,5.3775,101.83000183105469
2025-04-04 02:00:00+00:00,3117.300048828125,31.614999771118164,69.73999786376953,5.365,101.89399719238281
2025-04-04 03:00:00+00:00,3117.800048828125,31.59000015258789,69.56999969482422,5.365,101.66799926757812
2025-04-04 04:00:00+00:00,3120.5,31.565000534057617,69.31999969482422,5.3725,101.68099975585938
2025-04-04 05:00:00+00:00,3129.5,31.729999542236328,69.52999877929688,5.38,101.7300033569336
2025-04-04 06:00:00+00:00,3121.60009765625,31.549999237060547,68.38999938964844,5.355,102.0250015258789
2025-04-04 07:00:00+00:00,3113.10009765625,31.274999618530273,68.5199966430664,5.4725,102.40699768066406
2025-04-04 08:00:00+00:00,3105.300048828125,31.434999465942383,67.58999633789062,5.32,102.46299743652344
2025-04-04 09:00:00+00:00,3111.5,31.475000381469727,67.77999877929688,5.3475,102.54199981689453
2025-04-04 10:00:00+00:00,3132.5,31.309999465942383,65.8499984741211,5.2475,102.12999725341797
2025-04-04 11:00:00+00:00,3132.5,31.2549991607666,65.08999633789062,5.265,102.01499938964844
2025-04-04 12:00:00+00:00,3090.60009765625,30.850000381469727,65.26000213623047,5.26,102.29499816894531
2025-04-04 13:00:00+00:00,3081.300048828125,30.440000534057617,65.05999755859375,5.2125,102.40399932861328
2025-04-04 14:00:00+00:00,3056.699951171875,29.65999984741211,64.7699966430664,5.37,102.59300231933594
2025-04-04 15:00:00+00:00,3040.5,29.700000762939453,65.23999786376953,5.3875,102.43399810791016
2025-04-04 16:00:00+00:00,3050.0,29.55500030517578,64.91999816894531,5.32,102.81900024414062
2025-04-04 17:00:00+00:00,3043.800048828125,29.56999969482422,65.11000061035156,5.2825,103.00800323486328
2025-04-04 18:00:00+00:00,3044.800048828125,29.450000762939453,65.93000030517578,5.4325,103.02300262451172
2025-04-04 19:00:00+00:00,3057.60009765625,29.665000915527344,66.29000091552734,5.4325,103.04000091552734
2025-04-04 20:00:00+00:00,3056.10009765625,29.530000686645508,65.33999633789062,5.4325,102.89299774169922
2025-04-06 22:00:00+00:00,3026.800048828125,28.834999084472656,62.86000061035156,5.4325,102.61900329589844
2025-04-06 23:00:00+00:00,3015.5,28.5,62.790000915527344,5.4325,102.6050033569336
2025-04-07 00:00:00+00:00,2994.5,28.739999771118164,63.630001068115234,5.4225,102.77899932861328
2025-04-07 01:00:00+00:00,3058.89990234375,30.40999984741211,64.08000183105469,5.32,102.8270034790039
2025-04-07 02:00:00+00:00,3044.89990234375,30.21500015258789,63.900001525878906,5.325,103.09600067138672
2025-04-07 03:00:00+00:00,3034.10009765625,29.850000381469727,63.83000183105469,5.325,102.94100189208984
2025-04-07 04:00:00+00:00,3052.300048828125,30.114999771118164,63.86000061035156,5.3425,102.65299987792969
2025-04-07 05:00:00+00:00,3047.199951171875,29.8700008392334,63.689998626708984,5.3475,102.41200256347656
2025-04-07 06:00:00+00:00,3048.0,29.934999465942383,63.400001525878906,5.3525,102.51300048828125
2025-04-07 07:00:00+00:00,3035.699951171875,29.899999618530273,63.119998931884766,5.3175,102.54299926757812
2025-04-07 08:00:00+00:00,3048.5,30.2450008392334,62.59000015258789,5.325,102.69300079345703
2025-04-07 09:00:00+00:00,3041.10009765625,30.145000457763672,63.130001068115234,5.28,102.90499877929688
2025-04-07 10:00:00+00:00,3048.39990234375,30.2549991607666,63.90999984741211,5.28,102.9520034790039
2025-04-07 11:00:00+00:00,3047.5,30.145000457763672,63.91999816894531,5.435,102.9209976196289
2025-04-07 12:00:00+00:00,3048.5,30.209999084472656,64.52999877929688,5.3675,102.91899871826172
2025-04-07 13:00:00+00:00,3032.39990234375,30.260000228881836,64.91999816894531,5.43,103.13800048828125
2025-04-07 14:00:00+00:00,3014.89990234375,30.114999771118164,64.69000244140625,5.53,103.33100128173828
2025-04-07 15:00:00+00:00,3004.0,29.950000762939453,64.37000274658203,5.4825,103.46499633789062
2025-04-07 16:00:00+00:00,2986.39990234375,29.735000610351562,63.88999938964844,5.4975,103.35299682617188
2025-04-07 17:00:00+00:00,2984.5,29.81999969482422,64.68000030517578,5.36,103.23200225830078
2025-04-07 18:00:00+00:00,2980.699951171875,29.69499969482422,64.30000305175781,5.36,103.25599670410156
2025-04-07 19:00:00+00:00,2992.300048828125,29.844999313354492,63.97999954223633,5.36,103.46900177001953
2025-04-07 20:00:00+00:00,2998.800048828125,30.084999084472656,64.4000015258789,5.36,103.49500274658203
2025-04-07 21:00:00+00:00,2998.800048828125,30.084999084472656,64.4000015258789,5.36,103.44000244140625
2025-04-07 22:00:00+00:00,3003.0,30.084999084472656,64.76000213623047,5.36,103.46800231933594
2025-04-07 23:00:00+00:00,2995.300048828125,30.0049991607666,64.66999816894531,5.36,103.43000030517578
2025-04-08 00:00:00+00:00,2998.5,29.860000610351562,64.69999694824219,5.5425,103.21499633789062
2025-04-08 01:00:00+00:00,3013.89990234375,30.06999969482422,64.8499984741211,5.54,103.04299926757812
2025-04-08 02:00:00+00:00,3014.699951171875,30.075000762939453,65.0999984741211,5.55,102.93599700927734
2025-04-08 03:00:00+00:00,3009.300048828125,30.03499984741211,65.06999969482422,5.405,103.01000213623047
2025-04-08 04:00:00+00:00,3016.699951171875,30.114999771118164,65.19000244140625,5.5475,102.94100189208984
2025-04-08 05:00:00+00:00,3020.60009765625,30.030000686645508,64.41000366210938,5.4125,102.9739990234375
2025-04-08 06:00:00+00:00,3028.300048828125,30.059999465942383,64.91999816894531,5.4475,102.86499786376953
2025-04-08 07:00:00+00:00,3018.0,30.09000015258789,63.86000061035156,5.4325,103.27400207519531
2025-04-08 08:00:00+00:00,3022.89990234375,30.209999084472656,64.37999725341797,5.445,103.18900299072266
2025-04-08 09:00:00+00:00,3021.60009765625,30.184999465942383,64.27999877929688,5.425,103.2770004272461
2025-04-08 10:00:00+00:00,3024.5,30.174999237060547,64.19000244140625,5.41,103.19999694824219
2025-04-08 11:00:00+00:00,3034.10009765625,30.360000610351562,64.66999816894531,5.5675,103.11499786376953
2025-04-08 12:00:00+00:00,3017.0,30.139999389648438,64.56999969482422,5.4325,103.01100158691406
2025-04-08 13:00:00+00:00,3024.60009765625,30.450000762939453,64.16000366210938,5.3775,103.13099670410156
2025-04-08 14:00:00+00:00,3021.0,30.104999542236328,64.2300033569336,5.5125,103.33000183105469
2025-04-08 15:00:00+00:00,3016.0,29.9950008392334,64.58000183105469,5.385,103.27200317382812
2025-04-08 16:00:00+00:00,3000.39990234375,29.770000457763672,63.099998474121094,5.3975,103.11499786376953
2025-04-08 17:00:00+00:00,2999.60009765625,29.850000381469727,63.209999084472656,5.545,103.10199737548828
2025-04-08 18:00:00+00:00,2998.300048828125,29.7450008392334,62.34000015258789,5.395,102.95500183105469
2025-04-08 19:00:00+00:00,2999.10009765625,29.78499984741211,61.88999938964844,5.395,102.9530029296875
2025-04-08 20:00:00+00:00,2998.300048828125,29.75,61.099998474121094,5.395,102.96600341796875
2025-04-08 21:00:00+00:00,2998.300048828125,29.75,61.099998474121094,5.395,102.9540023803711
2025-04-08 22:00:00+00:00,2995.39990234375,29.690000534057617,61.33000183105469,5.395,102.90899658203125
2025-04-08 23:00:00+00:00,2991.800048828125,29.475000381469727,61.02000045776367,5.395,102.7770004272461
2025-04-09 00:00:00+00:00,2994.800048828125,29.5049991607666,60.2599983215332,5.405,102.48300170898438
2025-04-09 01:00:00+00:00,3022.39990234375,29.790000915527344,60.849998474121094,5.4125,102.4280014038086
2025-04-09 02:00:00+00:00,3016.5,29.809999465942383,60.970001220703125,5.565,102.45800018310547
2025-04-09 03:00:00+00:00,3021.199951171875,29.780000686645508,60.04999923706055,5.55,102.44400024414062
2025-04-09 04:00:00+00:00,3029.0,29.825000762939453,60.38999938964844,5.5325,102.08399963378906
2025-04-09 05:00:00+00:00,3032.10009765625,29.905000686645508,60.45000076293945,5.53,102.13899993896484
2025-04-09 06:00:00+00:00,3057.199951171875,30.174999237060547,61.38999938964844,5.385,102.0530014038086
2025-04-09 07:00:00+00:00,3059.0,30.315000534057617,60.689998626708984,5.555,102.47000122070312
2025-04-09 08:00:00+00:00,3062.10009765625,30.315000534057617,60.91999816894531,5.4425,102.36799621582031
2025-04-09 09:00:00+00:00,3062.10009765625,30.309999465942383,59.81999969482422,5.5525,102.28399658203125
2025-04-09 10:00:00+00:00,3060.699951171875,30.270000457763672,60.5,5.4275,102.3010025024414
2025-04-09 11:00:00+00:00,3084.5,30.55500030517578,58.65999984741211,5.415,102.31900024414062
2025-04-09 12:00:00+00:00,3064.0,30.19499969482422,59.34000015258789,5.4475,101.99600219726562
2025-04-09 13:00:00+00:00,3092.0,30.434999465942383,60.5099983215332,5.52,102.2040023803711
2025-04-09 14:00:00+00:00,3086.300048828125,30.149999618530273,59.380001068115234,5.3825,102.31500244140625
2025-04-09 15:00:00+00:00,3102.10009765625,30.25,60.45000076293945,5.3825,102.33200073242188
2025-04-09 16:00:00+00:00,3109.300048828125,30.40999984741211,60.52000045776367,5.5275,102.43800354003906
2025-04-09 17:00:00+00:00,3076.10009765625,30.850000381469727,64.80000305175781,5.43,102.79399871826172
2025-04-09 18:00:00+00:00,3083.699951171875,30.645000457763672,64.68000030517578,5.4225,102.9000015258789
2025-04-09 19:00:00+00:00,3110.60009765625,30.875,65.55999755859375,5.4225,103.12200164794922
2025-04-09 20:00:00+00:00,3099.800048828125,30.96500015258789,65.77999877929688,5.4225,103.0
2025-04-09 21:00:00+00:00,3099.800048828125,30.96500015258789,65.77999877929688,5.4225,102.9520034790039
2025-04-09 22:00:00+00:00,3094.199951171875,30.850000381469727,66.12999725341797,5.4225,102.90699768066406
2025-04-09 23:00:00+00:00,3101.199951171875,30.850000381469727,65.94999694824219,5.4225,102.95500183105469
2025-04-10 00:00:00+00:00,3112.10009765625,30.979999542236328,65.30000305175781,5.5575,102.66500091552734
2025-04-10 01:00:00+00:00,3109.800048828125,30.875,64.91000366210938,5.425,102.78700256347656
2025-04-10 02:00:00+00:00,3135.39990234375,31.05500030517578,64.75,5.42,102.74800109863281
2025-04-10 03:00:00+00:00,3141.39990234375,31.114999771118164,64.66000366210938,5.555,102.65899658203125
2025-04-10 04:00:00+00:00,3141.5,31.135000228881836,64.19000244140625,5.5475,102.63600158691406
2025-04-10 05:00:00+00:00,3139.39990234375,31.18000030517578,64.88999938964844,5.5575,102.61699676513672
2025-04-10 06:00:00+00:00,3138.60009765625,31.21500015258789,65.13999938964844,5.4225,102.68199920654297
2025-04-10 07:00:00+00:00,3124.5,30.889999389648438,63.790000915527344,5.545,102.3219985961914
2025-04-10 08:00:00+00:00,3121.800048828125,30.809999465942383,63.369998931884766,5.5575,102.28299713134766
2025-04-10 09:00:00+00:00,3132.60009765625,30.875,63.86000061035156,5.4425,102.11000061035156
2025-04-10 10:00:00+00:00,3137.199951171875,30.834999084472656,63.900001525878906,5.45,101.91200256347656
2025-04-10 11:00:00+00:00,3142.199951171875,30.864999771118164,63.72999954223633,5.4425,101.93299865722656
2025-04-10 12:00:00+00:00,3139.800048828125,30.829999923706055,62.79999923706055,5.5825,101.76799774169922
2025-04-10 13:00:00+00:00,3134.199951171875,30.545000076293945,62.349998474121094,5.5375,101.51300048828125
2025-04-10 14:00:00+00:00,3173.0,31.0049991607666,61.93000030517578,5.52,101.09300231933594
2025-04-10 15:00:00+00:00,3175.10009765625,30.7549991607666,62.90999984741211,5.5375,101.0469970703125
2025-04-10 16:00:00+00:00,3175.60009765625,30.834999084472656,62.81999969482422,5.365,101.00399780273438
2025-04-10 17:00:00+00:00,3179.699951171875,30.889999389648438,63.33000183105469,5.4,100.90799713134766
2025-04-10 18:00:00+00:00,3190.89990234375,31.079999923706055,63.630001068115234,5.3725,100.86699676513672
2025-04-10 19:00:00+00:00,3188.60009765625,31.049999237060547,63.650001525878906,5.3725,100.9209976196289
2025-04-10 20:00:00+00:00,3194.199951171875,31.114999771118164,63.529998779296875,5.3725,100.93599700927734
2025-04-10 21:00:00+00:00,3194.199951171875,31.114999771118164,63.529998779296875,5.3725,100.99099731445312
2025-04-10 22:00:00+00:00,3208.60009765625,31.204999923706055,63.43000030517578,5.3725,100.91300201416016
2025-04-10 23:00:00+00:00,3209.10009765625,31.114999771118164,63.11000061035156,5.3725,100.51899719238281
2025-04-11 00:00:00+00:00,3225.699951171875,31.125,63.119998931884766,5.5375,100.16000366210938
2025-04-11 01:00:00+00:00,3226.300048828125,31.0,63.0,5.37,100.2030029296875
2025-04-11 02:00:00+00:00,3236.199951171875,31.110000610351562,62.9900016784668,5.3825,100.22100067138672
2025-04-11 03:00:00+00:00,3237.0,31.25,63.11000061035156,5.3825,99.96199798583984
2025-04-11 04:00:00+00:00,3226.800048828125,31.235000610351562,63.15999984741211,5.3975,100.05400085449219
2025-04-11 05:00:00+00:00,3215.199951171875,31.19499969482422,63.88999938964844,5.4125,100.36499786376953
2025-04-11 06:00:00+00:00,3215.39990234375,31.184999465942383,63.61000061035156,5.415,100.37300109863281
2025-04-11 07:00:00+00:00,3231.39990234375,31.299999237060547,64.12999725341797,5.445,99.74800109863281
2025-04-11 08:00:00+00:00,3234.0,31.280000686645508,63.40999984741211,5.4625,99.31300354003906
2025-04-11 09:00:00+00:00,3246.39990234375,31.44499969482422,63.72999954223633,5.4775,99.53900146484375
2025-04-11 10:00:00+00:00,3229.5,31.184999465942383,63.38999938964844,5.47,99.91400146484375
2025-04-11 11:00:00+00:00,3230.800048828125,31.43000030517578,63.29999923706055,5.6075,99.89900207519531
2025-04-11 12:00:00+00:00,3251.10009765625,31.459999084472656,63.290000915527344,5.5,99.44499969482422
2025-04-11 13:00:00+00:00,3241.0,31.549999237060547,63.36000061035156,5.525,99.73100280761719
2025-04-11 14:00:00+00:00,3247.10009765625,31.9950008392334,63.33000183105469,5.5075,99.9800033569336
2025-04-11 15:00:00+00:00,3258.300048828125,32.084999084472656,63.900001525878906,5.6775,100.0469970703125
2025-04-11 16:00:00+00:00,3240.89990234375,31.815000534057617,64.31999969482422,5.7,100.177001953125
2025-04-11 17:00:00+00:00,3251.89990234375,31.9950008392334,64.87999725341797,5.5425,100.33499908447266
2025-04-11 18:00:00+00:00,3252.800048828125,32.1349983215332,64.7699966430664,5.545,100.10199737548828
2025-04-11 19:00:00+00:00,3248.10009765625,32.04999923706055,64.70999908447266,5.545,99.91600036621094
2025-04-11 20:00:00+00:00,3254.89990234375,32.20500183105469,64.69000244140625,5.545,99.78299713134766
2025-04-13 22:00:00+00:00,3238.199951171875,31.979999542236328,64.47000122070312,5.545,99.95600128173828
2025-04-13 23:00:00+00:00,3240.699951171875,32.025001525878906,64.55000305175781,5.545,99.91000366210938
2025-04-14 00:00:00+00:00,3238.0,31.905000686645508,64.75,5.4975,99.69999694824219
2025-04-14 01:00:00+00:00,3256.199951171875,31.940000534057617,64.68000030517578,5.6425,99.552001953125
2025-04-14 02:00:00+00:00,3248.0,31.825000762939453,64.5,5.6375,99.64099884033203
2025-04-14 03:00:00+00:00,3247.60009765625,31.829999923706055,64.55000305175781,5.495,99.66600036621094
2025-04-14 04:00:00+00:00,3242.39990234375,31.8799991607666,64.56999969482422,5.635,99.68399810791016
2025-04-14 05:00:00+00:00,3249.89990234375,31.950000762939453,64.83999633789062,5.49,99.54100036621094
2025-04-14 06:00:00+00:00,3246.5,31.96500015258789,64.70999908447266,5.49,99.26499938964844
2025-04-14 07:00:00+00:00,3243.300048828125,32.1349983215332,64.91999816894531,5.49,99.4729995727539
2025-04-14 08:00:00+00:00,3242.800048828125,32.275001525878906,65.23999786376953,5.6325,99.46199798583984
2025-04-14 09:00:00+00:00,3239.89990234375,32.30500030517578,64.56999969482422,5.505,99.47200012207031
2025-04-14 10:00:00+00:00,3230.5,32.17499923706055,65.62000274658203,5.6525,99.46900177001953
2025-04-14 11:00:00+00:00,3239.10009765625,32.244998931884766,65.56999969482422,5.4975,99.53600311279297
2025-04-14 12:00:00+00:00,3223.300048828125,32.095001220703125,65.62000274658203,5.47,99.86499786376953
2025-04-14 13:00:00+00:00,3221.300048828125,31.915000915527344,64.98999786376953,5.5025,99.93900299072266
2025-04-14 14:00:00+00:00,3227.89990234375,32.064998626708984,65.01000213623047,5.5875,99.60600280761719
2025-04-14 15:00:00+00:00,3214.60009765625,31.93000030517578,63.790000915527344,5.61,99.68099975585938
2025-04-14 16:00:00+00:00,3223.39990234375,31.9950008392334,64.2699966430664,5.6075,99.86699676513672
2025-04-14 17:00:00+00:00,3229.39990234375,32.220001220703125,64.48999786376953,5.6125,99.77799987792969
2025-04-14 18:00:00+00:00,3223.89990234375,32.2400016784668,64.9000015258789,5.4675,99.63999938964844
2025-04-14 19:00:00+00:00,3228.10009765625,32.25,64.29000091552734,5.4675,99.66899871826172
2025-04-14 20:00:00+00:00,3226.800048828125,32.275001525878906,64.94000244140625,5.4675,99.69599914550781
2025-04-14 21:00:00+00:00,3226.800048828125,32.275001525878906,64.94000244140625,5.4675,99.677001953125
2025-04-14 22:00:00+00:00,3228.10009765625,32.244998931884766,64.29000091552734,5.4675,99.63999938964844
2025-04-14 23:00:00+00:00,3228.800048828125,32.2400016784668,64.95999908447266,5.4675,99.8270034790039
2025-04-15 00:00:00+00:00,3227.60009765625,32.20000076293945,64.4800033569336,5.6175,99.9010009765625
2025-04-15 01:00:00+00:00,3239.39990234375,32.220001220703125,64.95999908447266,5.6075,99.89800262451172
2025-04-15 02:00:00+00:00,3239.800048828125,32.224998474121094,64.97000122070312,5.46,99.71099853515625
2025-04-15 03:00:00+00:00,3244.89990234375,32.2599983215332,65.04000091552734,5.6,99.71800231933594
2025-04-15 04:00:00+00:00,3248.10009765625,32.345001220703125,65.0999984741211,5.4825,99.62899780273438
2025-04-15 05:00:00+00:00,3240.39990234375,32.255001068115234,65.0999984741211,5.635,99.68800354003906
2025-04-15 06:00:00+00:00,3241.10009765625,32.290000915527344,65.20999908447266,5.6425,99.81999969482422
2025-04-15 07:00:00+00:00,3241.39990234375,32.380001068115234,65.16999816894531,5.635,99.63800048828125
2025-04-15 08:00:00+00:00,3243.5,32.31999969482422,64.80999755859375,5.4675,99.64199829101562
2025-04-15 09:00:00+00:00,3238.60009765625,32.33000183105469,64.38999938964844,5.4575,99.69300079345703
2025-04-15 10:00:00+00:00,3236.199951171875,32.26499938964844,64.48999786376953,5.605,99.65499877929688
2025-04-15 11:00:00+00:00,3236.300048828125,32.25,64.3499984741211,5.445,99.76699829101562
2025-04-15 12:00:00+00:00,3238.199951171875,32.36000061035156,64.38999938964844,5.4425,99.88099670410156
2025-04-15 13:00:00+00:00,3229.89990234375,32.21500015258789,64.9800033569336,5.585,99.86499786376953
2025-04-15 14:00:00+00:00,3239.10009765625,32.13999938964844,64.7300033569336,5.4525,99.77799987792969
2025-04-15 15:00:00+00:00,3237.60009765625,32.20000076293945,64.33999633789062,5.57,100.10399627685547
2025-04-15 16:00:00+00:00,3237.5,32.220001220703125,64.5199966430664,5.42,100.21299743652344
2025-04-15 17:00:00+00:00,3244.0,32.28499984741211,64.5999984741211,5.425,100.23200225830078
2025-04-15 18:00:00+00:00,3245.5,32.334999084472656,64.76000213623047,5.5625,100.21499633789062
2025-04-15 19:00:00+00:00,3246.699951171875,32.314998626708984,64.05000305175781,5.5625,100.16500091552734
2025-04-15 20:00:00+00:00,3246.89990234375,32.30500030517578,64.9000015258789,5.5625,100.16600036621094
2025-04-15 21:00:00+00:00,3246.89990234375,32.30500030517578,64.9000015258789,5.5625,100.16300201416016
2025-04-15 22:00:00+00:00,3256.699951171875,32.310001373291016,64.83000183105469,5.5625,100.10099792480469
2025-04-15 23:00:00+00:00,3269.199951171875,32.38999938964844,64.80999755859375,5.5625,100.08599853515625
2025-04-16 00:00:00+00:00,3282.199951171875,32.45000076293945,64.73999786376953,5.5525,99.9010009765625
2025-04-16 01:00:00+00:00,3286.699951171875,32.41999816894531,64.66000366210938,5.5525,99.86299896240234
2025-04-16 02:00:00+00:00,3284.199951171875,32.314998626708984,64.5,5.54,99.8239974975586
2025-04-16 03:00:00+00:00,3297.0,32.400001525878906,64.45999908447266,5.535,99.70800018310547
2025-04-16 04:00:00+00:00,3300.5,32.459999084472656,64.56999969482422,5.535,99.69000244140625
2025-04-16 05:00:00+00:00,3307.300048828125,32.46500015258789,63.81999969482422,5.5175,99.4260025024414
2025-04-16 06:00:00+00:00,3308.199951171875,32.625,64.01000213623047,5.51,99.58699798583984
2025-04-16 07:00:00+00:00,3316.699951171875,32.900001525878906,64.27999877929688,5.53,99.38400268554688
2025-04-16 08:00:00+00:00,3323.800048828125,32.95000076293945,65.19000244140625,5.55,99.51699829101562
2025-04-16 09:00:00+00:00,3319.60009765625,32.95500183105469,65.18000030517578,5.555,99.62699890136719
2025-04-16 10:00:00+00:00,3320.199951171875,32.95000076293945,65.25,5.5725,99.61399841308594
2025-04-16 11:00:00+00:00,3323.199951171875,32.96500015258789,65.2699966430664,5.595,99.58200073242188
2025-04-16 12:00:00+00:00,3323.10009765625,32.904998779296875,65.5999984741211,5.625,99.64900207519531
2025-04-16 13:00:00+00:00,3328.300048828125,32.900001525878906,65.56999969482422,5.6325,99.49400329589844
2025-04-16 14:00:00+00:00,3324.199951171875,32.75,65.80000305175781,5.5875,99.43099975585938
2025-04-16 15:00:00+00:00,3341.199951171875,32.8849983215332,65.86000061035156,5.5825,99.43900299072266
2025-04-16 16:00:00+00:00,3344.0,32.935001373291016,65.93000030517578,5.6125,99.48799896240234
2025-04-16 17:00:00+00:00,3344.0,32.775001525878906,65.66999816894531,5.5975,99.5009994506836
2025-04-16 18:00:00+00:00,3353.60009765625,32.845001220703125,66.02999877929688,5.6,99.37999725341797
2025-04-16 19:00:00+00:00,3352.0,32.75,66.06999969482422,5.6,99.35900115966797
2025-04-16 20:00:00+00:00,3357.699951171875,32.7599983215332,65.97000122070312,5.6,99.27200317382812
2025-04-16 21:00:00+00:00,3357.699951171875,32.7599983215332,65.97000122070312,5.6,99.26499938964844
2025-04-16 22:00:00+00:00,3364.89990234375,32.88999938964844,66.25,5.6,99.27899932861328
2025-04-16 23:00:00+00:00,3363.89990234375,32.83000183105469,66.29000091552734,5.6,99.3030014038086
2025-04-17 00:00:00+00:00,3359.0,32.875,66.12999725341797,5.6275,99.5469970703125
2025-04-17 01:00:00+00:00,3337.0,32.21500015258789,66.26000213623047,5.6325,99.58899688720703
2025-04-17 02:00:00+00:00,3352.39990234375,32.3849983215332,66.41000366210938,5.6375,99.48300170898438
2025-04-17 03:00:00+00:00,3356.0,32.630001068115234,66.48999786376953,5.635,99.58599853515625
2025-04-17 04:00:00+00:00,3353.800048828125,32.560001373291016,66.61000061035156,5.6325,99.61799621582031
2025-04-17 05:00:00+00:00,3342.300048828125,32.45500183105469,66.5199966430664,5.6275,99.68399810791016
2025-04-17 06:00:00+00:00,3342.39990234375,32.47999954223633,66.23999786376953,5.645,99.61699676513672
2025-04-17 07:00:00+00:00,3336.5,32.45000076293945,66.2699966430664,5.63,99.50199890136719
2025-04-17 08:00:00+00:00,3337.60009765625,32.439998626708984,66.44999694824219,5.6425,99.47200012207031
2025-04-17 09:00:00+00:00,3335.10009765625,32.36000061035156,66.4000015258789,5.6275,99.51699829101562
2025-04-17 10:00:00+00:00,3341.10009765625,32.334999084472656,66.4800033569336,5.6325,99.572998046875
2025-04-17 11:00:00+00:00,3341.199951171875,32.3849983215332,66.58000183105469,5.65,99.58999633789062
2025-04-17 12:00:00+00:00,3341.5,32.54999923706055,66.77999877929688,5.65,99.52200317382812
2025-04-17 13:00:00+00:00,3327.89990234375,32.5099983215332,66.6500015258789,5.675,99.447998046875
2025-04-17 14:00:00+00:00,3304.199951171875,32.165000915527344,66.81999969482422,5.665,99.55400085449219
2025-04-17 15:00:00+00:00,3308.800048828125,32.290000915527344,67.6500015258789,5.6375,99.46399688720703
2025-04-17 16:00:00+00:00,3330.10009765625,32.494998931884766,68.04000091552734,5.655,99.5270004272461
2025-04-17 17:00:00+00:00,3332.5,32.48500061035156,67.9000015258789,5.63,99.52999877929688
2025-04-17 18:00:00+00:00,3329.60009765625,32.459999084472656,67.81999969482422,5.615,99.3759994506836
2025-04-17 19:00:00+00:00,3334.5,32.47999954223633,67.58000183105469,5.615,99.38800048828125
2025-04-17 20:00:00+00:00,3341.300048828125,32.54499816894531,67.68000030517578,5.615,99.43399810791016
2025-04-17 21:00:00+00:00,3341.300048828125,32.54499816894531,67.68000030517578,5.615,99.41500091552734
2025-04-17 22:00:00+00:00,3341.300048828125,32.54499816894531,67.68000030517578,5.615,99.40399932861328
2025-04-17 23:00:00+00:00,3341.300048828125,32.54499816894531,67.68000030517578,5.615,99.38500213623047
2025-04-18 00:00:00+00:00,3341.300048828125,32.54499816894531,67.68000030517578,5.615,99.36499786376953
2025-04-18 01:00:00+00:00,3341.300048828125,32.54499816894531,67.68000030517578,5.615,99.38600158691406
2025-04-18 02:00:00+00:00,3341.300048828125,32.54499816894531,67.68000030517578,5.615,99.37699890136719
2025-04-18 03:00:00+00:00,3341.300048828125,32.54499816894531,67.68000030517578,5.615,99.41999816894531
2025-04-20 22:00:00+00:00,3360.199951171875,32.474998474121094,67.0999984741211,5.615,98.94400024414062
2025-04-20 23:00:00+00:00,3361.800048828125,32.525001525878906,67.05999755859375,5.615,98.8219985961914
2025-04-21 00:00:00+00:00,3382.5,32.595001220703125,67.0999984741211,5.615,98.66100311279297
2025-04-21 01:00:00+00:00,3390.199951171875,32.69499969482422,66.86000061035156,5.61,98.58200073242188
2025-04-21 02:00:00+00:00,3396.60009765625,32.73500061035156,66.86000061035156,5.6075,98.38500213623047
2025-04-21 03:00:00+00:00,3394.0,32.78499984741211,66.97000122070312,5.6125,98.2979965209961
2025-04-21 04:00:00+00:00,3388.60009765625,32.75,66.80999755859375,5.605,98.29000091552734
2025-04-21 05:00:00+00:00,3396.800048828125,32.90999984741211,67.05000305175781,5.6,98.18800354003906
2025-04-21 06:00:00+00:00,3403.699951171875,32.83000183105469,66.9800033569336,5.6,98.30400085449219
2025-04-21 07:00:00+00:00,3397.10009765625,32.69499969482422,66.83000183105469,5.6275,98.03099822998047
2025-04-21 08:00:00+00:00,3403.800048828125,32.790000915527344,66.52999877929688,5.6225,98.01200103759766
2025-04-21 09:00:00+00:00,3406.699951171875,32.845001220703125,66.0199966430664,5.6175,98.0989990234375
2025-04-21 10:00:00+00:00,3407.300048828125,32.904998779296875,66.27999877929688,5.6375,98.2770004272461
2025-04-21 11:00:00+00:00,3415.60009765625,33.0,66.4800033569336,5.65,98.13800048828125
2025-04-21 12:00:00+00:00,3426.60009765625,33.06999969482422,66.41000366210938,5.65,98.11499786376953
2025-04-21 13:00:00+00:00,3432.300048828125,32.779998779296875,65.79000091552734,5.5925,98.23899841308594
2025-04-21 14:00:00+00:00,3428.60009765625,32.630001068115234,66.18000030517578,5.5775,98.40899658203125
2025-04-21 15:00:00+00:00,3433.89990234375,32.70000076293945,65.83999633789062,5.5525,98.36399841308594
2025-04-21 16:00:00+00:00,3426.10009765625,32.595001220703125,65.97000122070312,5.53,98.36799621582031
2025-04-21 17:00:00+00:00,3434.10009765625,32.59000015258789,66.25,5.525,98.33599853515625
2025-04-21 18:00:00+00:00,3437.0,32.6150016784668,66.5,5.525,98.27799987792969
2025-04-21 19:00:00+00:00,3434.5,32.685001373291016,66.69000244140625,5.525,98.35800170898438
2025-04-21 20:00:00+00:00,3435.10009765625,32.6349983215332,66.5199966430664,5.525,98.35600280761719
2025-04-21 21:00:00+00:00,3435.10009765625,32.6349983215332,66.5199966430664,5.525,98.35900115966797
2025-04-21 22:00:00+00:00,3442.300048828125,32.68000030517578,66.63999938964844,5.525,98.32099914550781
2025-04-21 23:00:00+00:00,3445.300048828125,32.724998474121094,66.80000305175781,5.525,98.35099792480469
2025-04-22 00:00:00+00:00,3436.199951171875,32.61000061035156,66.80999755859375,5.535,98.48500061035156
2025-04-22 01:00:00+00:00,3462.60009765625,32.61000061035156,66.80999755859375,5.5275,98.45899963378906
2025-04-22 02:00:00+00:00,3482.699951171875,32.6150016784668,66.63999938964844,5.535,98.27200317382812
2025-04-22 03:00:00+00:00,3497.60009765625,32.79999923706055,66.58999633789062,5.5325,98.12300109863281
2025-04-22 04:00:00+00:00,3493.89990234375,32.810001373291016,66.6500015258789,5.535,98.15299987792969
2025-04-22 05:00:00+00:00,3503.60009765625,32.80500030517578,66.5999984741211,5.5375,98.04100036621094
2025-04-22 06:00:00+00:00,3489.89990234375,32.6349983215332,66.94999694824219,5.5325,98.36799621582031
2025-04-22 07:00:00+00:00,3479.5,32.540000915527344,67.16999816894531,5.525,98.34700012207031
2025-04-22 08:00:00+00:00,3455.5,32.314998626708984,67.08999633789062,5.5125,98.38500213623047
2025-04-22 09:00:00+00:00,3466.699951171875,32.60499954223633,67.30999755859375,5.525,98.4260025024414
2025-04-22 10:00:00+00:00,3463.699951171875,32.59000015258789,67.0999984741211,5.5225,98.44200134277344
2025-04-22 11:00:00+00:00,3468.60009765625,32.71500015258789,67.06999969482422,5.4875,98.43699645996094
2025-04-22 12:00:00+00:00,3442.89990234375,32.595001220703125,67.08999633789062,5.485,98.56300354003906
2025-04-22 13:00:00+00:00,3430.89990234375,32.66999816894531,66.83000183105469,5.4725,98.5530014038086
2025-04-22 14:00:00+00:00,3442.89990234375,32.95500183105469,67.0,5.525,98.5260009765625
2025-04-22 15:00:00+00:00,3429.300048828125,32.970001220703125,67.87999725341797,5.535,98.59100341796875
2025-04-22 16:00:00+00:00,3405.0,32.775001525878906,67.97000122070312,5.5175,98.84200286865234
2025-04-22 17:00:00+00:00,3414.199951171875,32.92499923706055,67.38999938964844,5.4925,98.73899841308594
2025-04-22 18:00:00+00:00,3393.199951171875,32.744998931884766,67.26000213623047,5.4875,98.91799926757812
2025-04-22 19:00:00+00:00,3387.60009765625,32.48500061035156,67.30000305175781,5.4875,98.98100280761719
2025-04-22 20:00:00+00:00,3392.0,32.494998931884766,67.33000183105469,5.4875,98.97200012207031
2025-04-22 21:00:00+00:00,3392.0,32.494998931884766,67.33000183105469,5.4875,99.43699645996094
2025-04-22 22:00:00+00:00,3337.699951171875,32.505001068115234,68.13999938964844,5.4875,99.64199829101562
2025-04-22 23:00:00+00:00,3346.199951171875,32.474998474121094,68.0199966430664,5.4875,99.56300354003906
2025-04-23 00:00:00+00:00,3376.699951171875,32.69499969482422,68.11000061035156,5.505,99.19200134277344
2025-04-23 01:00:00+00:00,3388.800048828125,32.82500076293945,67.83999633789062,5.495,99.09600067138672
2025-04-23 02:00:00+00:00,3363.60009765625,32.665000915527344,67.79000091552734,5.485,99.13300323486328
2025-04-23 03:00:00+00:00,3349.10009765625,32.70000076293945,67.98999786376953,5.4925,99.30599975585938
2025-04-23 04:00:00+00:00,3356.199951171875,32.744998931884766,68.0,5.4925,99.21099853515625
2025-04-23 05:00:00+00:00,3329.10009765625,32.650001525878906,68.1500015258789,5.49,99.30400085449219
2025-04-23 06:00:00+00:00,3312.10009765625,32.75,68.48999786376953,5.505,99.18099975585938
2025-04-23 07:00:00+00:00,3329.89990234375,32.84000015258789,68.4000015258789,5.5,99.2300033569336
2025-04-23 08:00:00+00:00,3333.0,32.88999938964844,68.51000213623047,5.5075,99.03500366210938
2025-04-23 09:00:00+00:00,3328.5,32.82500076293945,68.31999969482422,5.5175,99.02200317382812
2025-04-23 10:00:00+00:00,3341.60009765625,32.97999954223633,68.12999725341797,5.515,99.16200256347656
2025-04-23 11:00:00+00:00,3335.300048828125,32.86000061035156,67.45999908447266,5.47,99.08399963378906
2025-04-23 12:00:00+00:00,3322.199951171875,32.85499954223633,67.0,5.475,99.13500213623047
2025-04-23 13:00:00+00:00,3288.0,32.869998931884766,67.22000122070312,5.4725,99.62200164794922
2025-04-23 14:00:00+00:00,3299.199951171875,33.584999084472656,66.2699966430664,5.4775,99.54499816894531
2025-04-23 15:00:00+00:00,3292.800048828125,33.51499938964844,65.66000366210938,5.45,99.63200378417969
2025-04-23 16:00:00+00:00,3307.300048828125,33.560001373291016,65.9000015258789,5.44,99.72899627685547
2025-04-23 17:00:00+00:00,3294.0,33.53499984741211,65.94000244140625,5.4375,99.79100036621094
2025-04-23 18:00:00+00:00,3295.800048828125,33.61000061035156,66.05999755859375,5.44,99.84400177001953
2025-04-23 19:00:00+00:00,3306.89990234375,33.60499954223633,66.18000030517578,5.44,99.81900024414062
2025-04-23 20:00:00+00:00,3301.5,33.564998626708984,66.1500015258789,5.44,99.9000015258789
2025-04-23 21:00:00+00:00,3301.5,33.564998626708984,66.1500015258789,5.44,99.80899810791016
2025-04-23 22:00:00+00:00,3321.199951171875,33.56999969482422,66.12000274658203,5.44,99.78099822998047
2025-04-23 23:00:00+00:00,3327.39990234375,33.6150016784668,66.13999938964844,5.44,99.78199768066406
2025-04-24 00:00:00+00:00,3341.10009765625,33.630001068115234,66.16000366210938,5.4275,99.65299987792969
2025-04-24 01:00:00+00:00,3366.5,33.494998931884766,66.30000305175781,5.4175,99.5989990234375
2025-04-24 02:00:00+00:00,3352.60009765625,33.40999984741211,66.12000274658203,5.415,99.56500244140625
2025-04-24 03:00:00+00:00,3338.300048828125,33.334999084472656,66.2300033569336,5.4175,99.66600036621094
2025-04-24 04:00:00+00:00,3337.39990234375,33.369998931884766,66.2300033569336,5.4225,99.66899871826172
2025-04-24 05:00:00+00:00,3334.300048828125,33.380001068115234,66.05000305175781,5.42,99.6969985961914
2025-04-24 06:00:00+00:00,3335.89990234375,33.33000183105469,66.58999633789062,5.4125,99.57099914550781
2025-04-24 07:00:00+00:00,3344.199951171875,33.34000015258789,66.69000244140625,5.4075,99.39099884033203
2025-04-24 08:00:00+00:00,3346.5,33.345001220703125,65.47000122070312,5.4,99.38099670410156
2025-04-24 09:00:00+00:00,3347.699951171875,33.38999938964844,66.38999938964844,5.4175,99.3290023803711
2025-04-24 10:00:00+00:00,3341.5,33.380001068115234,66.75,5.435,99.35399627685547
2025-04-24 11:00:00+00:00,3348.699951171875,33.470001220703125,66.83000183105469,5.4425,99.40399932861328
2025-04-24 12:00:00+00:00,3347.300048828125,33.345001220703125,66.68000030517578,5.435,99.36799621582031
2025-04-24 13:00:00+00:00,3326.5,33.29999923706055,65.7300033569336,5.425,99.36399841308594
2025-04-24 14:00:00+00:00,3338.699951171875,33.3849983215332,66.51000213623047,5.43,99.4010009765625
2025-04-24 15:00:00+00:00,3340.699951171875,33.44499969482422,66.11000061035156,5.4025,99.49700164794922
2025-04-24 16:00:00+00:00,3344.10009765625,33.5099983215332,66.63999938964844,5.4175,99.36799621582031
2025-04-24 17:00:00+00:00,3349.199951171875,33.525001525878906,66.66999816894531,5.445,99.4469985961914
2025-04-24 18:00:00+00:00,3346.800048828125,33.47999954223633,66.41000366210938,5.4425,99.37699890136719
2025-04-24 19:00:00+00:00,3353.800048828125,33.56999969482422,66.44000244140625,5.4425,99.32499694824219
2025-04-24 20:00:00+00:00,3361.300048828125,33.55500030517578,66.51000213623047,5.4425,99.29199981689453
2025-04-24 21:00:00+00:00,3361.300048828125,33.55500030517578,66.51000213623047,5.4425,99.30400085449219
2025-04-24 22:00:00+00:00,3378.699951171875,33.6349983215332,65.66999816894531,5.4425,99.28600311279297
2025-04-24 23:00:00+00:00,3360.199951171875,33.59000015258789,66.58000183105469,5.4425,99.42500305175781
2025-04-25 00:00:00+00:00,3368.89990234375,33.584999084472656,66.80999755859375,5.4625,99.60800170898438
2025-04-25 01:00:00+00:00,3356.199951171875,33.470001220703125,66.62000274658203,5.4625,99.62899780273438
2025-04-25 02:00:00+00:00,3359.699951171875,33.494998931884766,66.76000213623047,5.46,99.60199737548828
2025-04-25 03:00:00+00:00,3338.89990234375,33.43000030517578,66.02999877929688,5.4625,99.79299926757812
2025-04-25 04:00:00+00:00,3334.89990234375,33.435001373291016,67.05999755859375,5.46,99.75499725341797
2025-04-25 05:00:00+00:00,3303.89990234375,33.29499816894531,65.87000274658203,5.4575,99.78900146484375
2025-04-25 06:00:00+00:00,3314.800048828125,33.369998931884766,66.9800033569336,5.4575,99.68599700927734
2025-04-25 07:00:00+00:00,3317.199951171875,33.32500076293945,65.69000244140625,5.455,99.5989990234375
2025-04-25 08:00:00+00:00,3314.199951171875,33.375,65.61000061035156,5.455,99.65799713134766
2025-04-25 09:00:00+00:00,3302.10009765625,33.314998626708984,65.27999877929688,5.4825,99.7249984741211
2025-04-25 10:00:00+00:00,3308.39990234375,33.310001373291016,64.69000244140625,5.49,99.62100219726562
2025-04-25 11:00:00+00:00,3303.89990234375,33.20000076293945,65.76000213623047,5.4875,99.65699768066406
2025-04-25 12:00:00+00:00,3302.60009765625,33.21500015258789,64.77999877929688,5.46,99.64399719238281
2025-04-25 13:00:00+00:00,3290.699951171875,32.869998931884766,65.2699966430664,5.4675,99.66999816894531
2025-04-25 14:00:00+00:00,3288.199951171875,32.85499954223633,65.25,5.4675,99.60800170898438
2025-04-25 15:00:00+00:00,3293.39990234375,32.904998779296875,65.70999908447266,5.455,99.49700164794922
2025-04-25 16:00:00+00:00,3296.39990234375,32.96500015258789,65.79000091552734,5.4575,99.57499694824219
2025-04-25 17:00:00+00:00,3304.199951171875,32.904998779296875,65.54000091552734,5.455,99.49800109863281
2025-04-25 18:00:00+00:00,3299.5,32.869998931884766,65.83000183105469,5.4475,99.47100067138672
2025-04-25 19:00:00+00:00,3315.800048828125,32.970001220703125,67.0,5.4475,99.60199737548828
2025-04-25 20:00:00+00:00,3330.199951171875,33.02000045776367,67.0,5.4475,99.58699798583984
2025-04-27 22:00:00+00:00,3320.89990234375,32.974998474121094,66.12999725341797,5.4475,99.69400024414062
2025-04-27 23:00:00+00:00,3313.699951171875,32.85499954223633,65.88999938964844,5.4475,99.73400115966797
2025-04-28 00:00:00+00:00,3324.60009765625,32.93000030517578,67.0199966430664,5.4325,99.5989990234375
2025-04-28 01:00:00+00:00,3290.800048828125,32.69499969482422,65.72000122070312,5.42,99.6989974975586
2025-04-28 02:00:00+00:00,3290.89990234375,32.69499969482422,66.7300033569336,5.415,99.68699645996094
2025-04-28 03:00:00+00:00,3301.199951171875,32.7599983215332,65.91000366210938,5.4125,99.6449966430664
2025-04-28 04:00:00+00:00,3309.60009765625,32.79499816894531,66.04000091552734,5.4075,99.50700378417969
2025-04-28 05:00:00+00:00,3304.800048828125,32.810001373291016,66.16999816894531,5.3975,99.51200103759766
2025-04-28 06:00:00+00:00,3294.60009765625,32.69499969482422,67.13999938964844,5.3875,99.81800079345703
2025-04-28 07:00:00+00:00,3297.60009765625,32.88999938964844,65.88999938964844,5.3725,99.70500183105469
2025-04-28 08:00:00+00:00,3292.699951171875,32.85499954223633,65.68000030517578,5.3625,99.6989974975586
2025-04-28 09:00:00+00:00,3284.39990234375,32.76499938964844,65.52999877929688,5.36,99.61599731445312
2025-04-28 10:00:00+00:00,3300.39990234375,32.94499969482422,65.5,5.365,99.63099670410156
2025-04-28 11:00:00+00:00,3305.199951171875,32.994998931884766,65.62999725341797,5.34,99.61499786376953
2025-04-28 12:00:00+00:00,3306.699951171875,32.8849983215332,65.63999938964844,5.3425,99.60299682617188
2025-04-28 13:00:00+00:00,3303.5,32.755001068115234,65.0999984741211,5.295,99.45700073242188
2025-04-28 14:00:00+00:00,3339.60009765625,33.0,64.83000183105469,5.295,99.30799865722656
2025-04-28 15:00:00+00:00,3336.39990234375,32.994998931884766,64.5,5.3075,99.27999877929688
2025-04-28 16:00:00+00:00,3347.199951171875,33.06999969482422,64.36000061035156,5.3225,99.05799865722656
2025-04-28 17:00:00+00:00,3346.699951171875,32.9900016784668,65.5999984741211,5.3125,99.1259994506836
2025-04-28 18:00:00+00:00,3359.60009765625,33.084999084472656,64.69999694824219,5.3275,99.01000213623047
2025-04-28 19:00:00+00:00,3362.5,33.1150016784668,64.73999786376953,5.3275,98.927001953125
2025-04-28 20:00:00+00:00,3354.800048828125,33.07500076293945,64.62000274658203,5.3275,98.92900085449219
2025-04-28 21:00:00+00:00,3354.800048828125,33.07500076293945,64.62000274658203,5.3275,98.94200134277344
2025-04-28 22:00:00+00:00,3348.300048828125,33.02000045776367,64.73999786376953,5.3275,98.94200134277344
2025-04-28 23:00:00+00:00,3348.0,33.040000915527344,64.76000213623047,5.3275,99.03399658203125
2025-04-29 00:00:00+00:00,3339.800048828125,33.07500076293945,65.6500015258789,5.345,99.09700012207031
2025-04-29 01:00:00+00:00,3337.60009765625,33.095001220703125,64.69000244140625,5.345,99.16000366210938
2025-04-29 02:00:00+00:00,3330.5,33.005001068115234,64.43000030517578,5.3375,99.12200164794922
2025-04-29 03:00:00+00:00,3323.10009765625,32.8849983215332,64.41000366210938,5.3375,99.2020034790039
2025-04-29 04:00:00+00:00,3319.60009765625,32.91999816894531,64.26000213623047,5.3375,99.2959976196289
2025-04-29 05:00:00+00:00,3320.199951171875,32.875,64.16000366210938,5.3375,99.23600006103516
2025-04-29 06:00:00+00:00,3328.5,32.974998474121094,64.13999938964844,5.33,99.2020034790039
2025-04-29 07:00:00+00:00,3333.0,33.51499938964844,63.91999816894531,5.315,99.08499908447266
2025-04-29 08:00:00+00:00,3321.699951171875,33.525001525878906,64.5999984741211,5.3075,99.2229995727539
2025-04-29 09:00:00+00:00,3318.699951171875,33.6349983215332,63.880001068115234,5.325,99.3030014038086
2025-04-29 10:00:00+00:00,3322.300048828125,33.52000045776367,63.7400016784668,5.33,99.33000183105469
2025-04-29 11:00:00+00:00,3319.10009765625,33.494998931884766,63.7599983215332,5.36,99.35299682617188
2025-04-29 12:00:00+00:00,3322.60009765625,33.67499923706055,63.540000915527344,5.35,99.06400299072266
2025-04-29 13:00:00+00:00,3317.10009765625,33.58000183105469,63.630001068115234,5.3275,99.13200378417969
2025-04-29 14:00:00+00:00,3325.300048828125,33.61000061035156,64.4800033569336,5.265,99.26899719238281
2025-04-29 15:00:00+00:00,3323.39990234375,33.470001220703125,63.380001068115234,5.255,99.1729965209961
2025-04-29 16:00:00+00:00,3339.10009765625,33.55500030517578,63.15999984741211,5.26,99.10600280761719
2025-04-29 17:00:00+00:00,3324.10009765625,33.40999984741211,63.45000076293945,5.26,99.21600341796875
2025-04-29 18:00:00+00:00,3329.89990234375,33.31999969482422,63.20000076293945,5.245,99.23699951171875
2025-04-29 19:00:00+00:00,3330.300048828125,33.125,63.13999938964844,5.245,99.23999786376953
2025-04-29 20:00:00+00:00,3327.60009765625,33.21500015258789,63.0,5.245,99.20999908447266
2025-04-29 21:00:00+00:00,3327.60009765625,33.21500015258789,63.0,5.245,99.19400024414062
2025-04-29 22:00:00+00:00,3328.800048828125,33.20500183105469,63.13999938964844,5.245,99.18699645996094
2025-04-29 23:00:00+00:00,3326.800048828125,33.19499969482422,63.15999984741211,5.245,99.1760025024414
2025-04-30 00:00:00+00:00,3323.199951171875,33.27000045776367,63.11000061035156,5.2625,99.24099731445312
2025-04-30 01:00:00+00:00,3317.5,33.220001220703125,63.130001068115234,5.27,99.39199829101562
2025-04-30 02:00:00+00:00,3316.5,33.18000030517578,62.790000915527344,5.26,99.3290023803711
2025-04-30 03:00:00+00:00,3314.300048828125,33.1349983215332,62.61000061035156,5.2575,99.3550033569336
2025-04-30 04:00:00+00:00,3317.39990234375,33.064998626708984,62.56999969482422,5.26,99.31400299072266
2025-04-30 05:00:00+00:00,3319.39990234375,33.099998474121094,62.540000915527344,5.2425,99.24299621582031
2025-04-30 06:00:00+00:00,3315.39990234375,33.05500030517578,62.63999938964844,5.2425,99.20999908447266
2025-04-30 07:00:00+00:00,3316.800048828125,32.880001068115234,62.369998931884766,5.24,99.30899810791016
2025-04-30 08:00:00+00:00,3293.699951171875,32.60499954223633,62.31999969482422,5.2475,99.38800048828125
2025-04-30 09:00:00+00:00,3285.300048828125,32.42499923706055,62.939998626708984,5.2675,99.45999908447266
2025-04-30 10:00:00+00:00,3281.60009765625,32.46500015258789,62.84000015258789,5.2675,99.45700073242188
2025-04-30 11:00:00+00:00,3281.5,32.42499923706055,62.84000015258789,5.26,99.39099884033203
2025-04-30 12:00:00+00:00,3307.89990234375,32.80500030517578,62.439998626708984,5.2575,99.38999938964844
2025-04-30 13:00:00+00:00,3318.89990234375,32.66999816894531,62.04999923706055,5.3375,99.4229965209961
2025-04-30 14:00:00+00:00,3320.5,32.89500045776367,62.29999923706055,5.3875,99.36499786376953
2025-04-30 15:00:00+00:00,3318.5,32.94499969482422,60.93000030517578,5.3825,99.47899627685547
2025-04-30 16:00:00+00:00,3321.300048828125,32.900001525878906,60.849998474121094,5.34,99.44000244140625
2025-04-30 17:00:00+00:00,3315.800048828125,32.86000061035156,61.09000015258789,5.305,99.50599670410156
2025-04-30 18:00:00+00:00,3312.39990234375,32.845001220703125,61.029998779296875,5.3175,99.46800231933594
2025-04-30 19:00:00+00:00,3306.800048828125,32.755001068115234,61.02000045776367,5.3175,99.61199951171875
2025-04-30 20:00:00+00:00,3299.199951171875,32.81999969482422,61.11000061035156,5.3175,99.63800048828125
2025-04-30 21:00:00+00:00,3299.199951171875,32.81999969482422,61.11000061035156,5.3175,99.62899780273438
2025-04-30 22:00:00+00:00,3282.5,32.834999084472656,61.2599983215332,5.3175,99.63899993896484
2025-04-30 23:00:00+00:00,3281.5,32.82500076293945,61.25,5.3175,99.6719970703125
2025-05-01 00:00:00+00:00,3253.89990234375,32.53499984741211,61.15999984741211,5.3175,99.66500091552734
2025-05-01 01:00:00+00:00,3246.89990234375,32.52000045776367,61.16999816894531,5.33,99.7770004272461
2025-05-01 02:00:00+00:00,3248.10009765625,32.45000076293945,61.130001068115234,5.34,99.71600341796875
2025-05-01 03:00:00+00:00,3237.60009765625,32.25,60.959999084472656,5.3525,99.822998046875
2025-05-01 04:00:00+00:00,3234.5,32.22999954223633,61.040000915527344,5.3475,99.89099884033203
2025-05-01 05:00:00+00:00,3244.60009765625,32.27000045776367,61.08000183105469,5.34,99.93099975585938
2025-05-01 06:00:00+00:00,3243.89990234375,32.314998626708984,60.7400016784668,5.34,99.96700286865234
2025-05-01 07:00:00+00:00,3238.199951171875,32.31999969482422,60.43000030517578,5.3275,99.90499877929688
2025-05-01 08:00:00+00:00,3243.10009765625,32.44499969482422,60.119998931884766,5.33,99.822998046875
2025-05-01 09:00:00+00:00,3226.0,32.275001525878906,59.599998474121094,5.325,99.88999938964844
2025-05-01 10:00:00+00:00,3230.699951171875,32.35499954223633,59.470001220703125,5.3425,99.75700378417969
2025-05-01 11:00:00+00:00,3213.10009765625,31.915000915527344,59.9900016784668,5.3375,99.86199951171875
2025-05-01 12:00:00+00:00,3234.39990234375,32.540000915527344,60.529998779296875,5.32,99.92500305175781
2025-05-01 13:00:00+00:00,3233.0,32.564998626708984,61.380001068115234,5.355,99.86399841308594
2025-05-01 14:00:00+00:00,3226.699951171875,32.54499816894531,61.31999969482422,5.35,100.22000122070312
2025-05-01 15:00:00+00:00,3224.60009765625,32.4900016784668,60.970001220703125,5.3275,100.27200317382812
2025-05-01 16:00:00+00:00,3227.699951171875,32.505001068115234,61.11000061035156,5.315,100.19100189208984
2025-05-01 17:00:00+00:00,3221.89990234375,32.4900016784668,61.380001068115234,5.325,100.26399993896484
2025-05-01 18:00:00+00:00,3231.199951171875,32.58000183105469,61.939998626708984,5.3075,100.24800109863281
2025-05-01 19:00:00+00:00,3236.60009765625,32.58000183105469,61.93000030517578,5.3075,100.2030029296875
2025-05-01 20:00:00+00:00,3248.300048828125,32.650001525878906,61.849998474121094,5.3075,100.18399810791016
2025-05-01 21:00:00+00:00,3248.300048828125,32.650001525878906,61.849998474121094,5.3075,100.19599914550781
2025-05-01 22:00:00+00:00,3247.0,32.64500045776367,61.70000076293945,5.3075,100.177001953125
2025-05-01 23:00:00+00:00,3246.199951171875,32.66999816894531,61.79999923706055,5.3075,100.1500015258789
2025-05-02 00:00:00+00:00,3238.800048828125,32.70000076293945,62.349998474121094,5.33,100.2699966430664
2025-05-02 01:00:00+00:00,3244.699951171875,32.775001525878906,62.59000015258789,5.33,100.13700103759766
2025-05-02 02:00:00+00:00,3256.89990234375,32.849998474121094,62.65999984741211,5.345,100.14099884033203
2025-05-02 03:00:00+00:00,3266.699951171875,32.95500183105469,62.599998474121094,5.34,99.97699737548828
2025-05-02 04:00:00+00:00,3260.39990234375,32.904998779296875,62.56999969482422,5.345,100.06400299072266
2025-05-02 05:00:00+00:00,3260.0,32.82500076293945,62.40999984741211,5.3475,100.00900268554688
2025-05-02 06:00:00+00:00,3261.39990234375,32.83000183105469,62.220001220703125,5.345,99.9010009765625
2025-05-02 07:00:00+00:00,3267.0,32.7599983215332,62.08000183105469,5.35,99.88300323486328
2025-05-02 08:00:00+00:00,3265.699951171875,32.69499969482422,61.77000045776367,5.355,99.84400177001953
2025-05-02 09:00:00+00:00,3273.10009765625,32.724998474121094,61.790000915527344,5.375,99.67400360107422
2025-05-02 10:00:00+00:00,3267.5,32.59000015258789,61.86000061035156,5.3675,99.83300018310547
2025-05-02 11:00:00+00:00,3269.89990234375,32.5099983215332,61.59000015258789,5.405,99.71499633789062
2025-05-02 12:00:00+00:00,3257.60009765625,32.68000030517578,62.099998474121094,5.425,99.88200378417969
2025-05-02 13:00:00+00:00,3258.0,32.494998931884766,61.25,5.4675,99.46399688720703
2025-05-02 14:00:00+00:00,3271.5,32.53499984741211,61.290000915527344,5.44,99.47000122070312
2025-05-02 15:00:00+00:00,3239.800048828125,32.21500015258789,61.41999816894531,5.4125,99.7969970703125
2025-05-02 16:00:00+00:00,3232.0,32.209999084472656,61.0099983215332,5.425,99.86599731445312
2025-05-02 17:00:00+00:00,3238.39990234375,32.21500015258789,61.189998626708984,5.44,99.97100067138672
2025-05-02 18:00:00+00:00,3234.199951171875,32.16999816894531,61.13999938964844,5.43,100.02999877929688
2025-05-02 19:00:00+00:00,3241.39990234375,32.20000076293945,61.58000183105469,5.43,99.98999786376953
2025-05-02 20:00:00+00:00,3247.39990234375,32.18000030517578,61.43000030517578,5.43,100.03700256347656
2025-05-04 22:00:00+00:00,3246.199951171875,32.209999084472656,59.2400016784668,5.43,99.97599792480469
2025-05-04 23:00:00+00:00,3255.199951171875,32.224998474121094,58.959999084472656,5.43,99.88200378417969
2025-05-05 00:00:00+00:00,3253.199951171875,32.18000030517578,59.11000061035156,5.44,99.86399841308594
2025-05-05 01:00:00+00:00,3272.10009765625,32.20500183105469,59.22999954223633,5.455,99.7229995727539
2025-05-05 02:00:00+00:00,3278.199951171875,32.32500076293945,59.130001068115234,5.46,99.66400146484375
2025-05-05 03:00:00+00:00,3262.300048828125,32.31999969482422,59.119998931884766,5.4575,99.74700164794922
2025-05-05 04:00:00+00:00,3264.300048828125,32.3849983215332,59.04999923706055,5.4575,99.68900299072266
2025-05-05 05:00:00+00:00,3267.89990234375,32.474998474121094,59.439998626708984,5.4575,99.7239990234375
2025-05-05 06:00:00+00:00,3270.10009765625,32.625,59.65999984741211,5.4425,99.80500030517578
2025-05-05 07:00:00+00:00,3272.699951171875,32.52000045776367,59.95000076293945,5.455,99.88800048828125
2025-05-05 08:00:00+00:00,3290.699951171875,32.61000061035156,60.04999923706055,5.445,99.79399871826172
2025-05-05 09:00:00+00:00,3317.300048828125,32.6150016784668,60.529998779296875,5.4175,99.64600372314453
2025-05-05 10:00:00+00:00,3322.0,32.6150016784668,60.4900016784668,5.3925,99.62799835205078
2025-05-05 11:00:00+00:00,3321.89990234375,32.59000015258789,60.43000030517578,5.4075,99.63099670410156
2025-05-05 12:00:00+00:00,3328.60009765625,32.81999969482422,60.349998474121094,5.3975,99.50399780273438
2025-05-05 13:00:00+00:00,3325.10009765625,32.560001373291016,60.529998779296875,5.375,99.55000305175781
2025-05-05 14:00:00+00:00,3321.300048828125,32.46500015258789,59.81999969482422,5.3675,99.6510009765625
2025-05-05 15:00:00+00:00,3321.10009765625,32.439998626708984,59.939998626708984,5.355,99.83899688720703
2025-05-05 16:00:00+00:00,3318.199951171875,32.439998626708984,60.18000030517578,5.32,99.93199920654297
2025-05-05 17:00:00+00:00,3325.5,32.48500061035156,60.33000183105469,5.3175,99.93800354003906
2025-05-05 18:00:00+00:00,3331.699951171875,32.540000915527344,60.27000045776367,5.31,99.83100128173828
2025-05-05 19:00:00+00:00,3337.60009765625,32.60499954223633,60.130001068115234,5.31,99.79499816894531
2025-05-05 20:00:00+00:00,3343.5,32.67499923706055,60.34000015258789,5.31,99.7959976196289
2025-05-05 21:00:00+00:00,3343.5,32.67499923706055,60.34000015258789,5.31,99.79299926757812
2025-05-05 22:00:00+00:00,3339.199951171875,32.65999984741211,60.279998779296875,5.31,99.77999877929688
2025-05-05 23:00:00+00:00,3342.800048828125,32.70500183105469,60.279998779296875,5.31,99.81600189208984
2025-05-06 00:00:00+00:00,3338.800048828125,32.875,60.45000076293945,5.295,100.02999877929688
2025-05-06 01:00:00+00:00,3388.89990234375,33.290000915527344,61.13999938964844,5.2975,99.99199676513672
2025-05-06 02:00:00+00:00,3366.89990234375,33.25,61.150001525878906,5.29,99.86799621582031
2025-05-06 03:00:00+00:00,3368.39990234375,33.31999969482422,61.13999938964844,5.2875,99.7959976196289
2025-05-06 04:00:00+00:00,3371.39990234375,33.314998626708984,61.20000076293945,5.2975,99.73500061035156
2025-05-06 05:00:00+00:00,3369.300048828125,33.23500061035156,61.08000183105469,5.2925,99.7969970703125
2025-05-06 06:00:00+00:00,3372.5,33.21500015258789,61.38999938964844,5.2975,99.74199676513672
2025-05-06 07:00:00+00:00,3378.5,33.25,61.5099983215332,5.3,99.62000274658203
2025-05-06 08:00:00+00:00,3385.199951171875,33.209999084472656,61.720001220703125,5.33,99.66600036621094
2025-05-06 09:00:00+00:00,3390.89990234375,33.279998779296875,61.93000030517578,5.34,99.77100372314453
2025-05-06 10:00:00+00:00,3391.39990234375,33.20000076293945,61.380001068115234,5.355,99.6240005493164
2025-05-06 11:00:00+00:00,3386.89990234375,33.279998779296875,61.56999969482422,5.355,99.55799865722656
2025-05-06 12:00:00+00:00,3399.300048828125,33.30500030517578,61.7599983215332,5.3625,99.4229965209961
2025-05-06 13:00:00+00:00,3399.800048828125,33.345001220703125,62.369998931884766,5.355,99.34700012207031
2025-05-06 14:00:00+00:00,3394.5,33.29999923706055,62.34000015258789,5.375,99.46299743652344
2025-05-06 15:00:00+00:00,3403.10009765625,33.2400016784668,62.599998474121094,5.37,99.43699645996094
2025-05-06 16:00:00+00:00,3417.300048828125,33.349998474121094,62.11000061035156,5.3525,99.41200256347656
2025-05-06 17:00:00+00:00,3422.0,33.369998931884766,62.380001068115234,5.36,99.2979965209961
2025-05-06 18:00:00+00:00,3424.300048828125,33.400001525878906,62.08000183105469,5.35,99.23799896240234
2025-05-06 19:00:00+00:00,3431.5,33.45500183105469,62.119998931884766,5.35,99.2249984741211
2025-05-06 20:00:00+00:00,3441.800048828125,33.435001373291016,62.029998779296875,5.35,99.26499938964844
2025-05-06 21:00:00+00:00,3441.800048828125,33.435001373291016,62.029998779296875,5.35,99.23400115966797
2025-05-06 22:00:00+00:00,3389.300048828125,33.290000915527344,62.470001220703125,5.35,99.39600372314453
2025-05-06 23:00:00+00:00,3409.199951171875,33.39500045776367,62.540000915527344,5.35,99.50599670410156
2025-05-07 00:00:00+00:00,3387.199951171875,33.28499984741211,62.689998626708984,5.3925,99.48899841308594
2025-05-07 01:00:00+00:00,3382.699951171875,33.13999938964844,62.58000183105469,5.425,99.48400115966797
2025-05-07 02:00:00+00:00,3398.199951171875,33.28499984741211,62.54999923706055,5.4125,99.53199768066406
2025-05-07 03:00:00+00:00,3384.300048828125,33.17499923706055,62.5099983215332,5.415,99.49800109863281
2025-05-07 04:00:00+00:00,3390.199951171875,33.189998626708984,62.709999084472656,5.415,99.53500366210938
2025-05-07 05:00:00+00:00,3396.0,33.25,62.66999816894531,5.43,99.36799621582031
2025-05-07 06:00:00+00:00,3400.800048828125,33.279998779296875,62.880001068115234,5.44,99.2979965209961
2025-05-07 07:00:00+00:00,3396.0,33.220001220703125,63.040000915527344,5.4225,99.41600036621094
2025-05-07 08:00:00+00:00,3390.60009765625,33.10499954223633,62.720001220703125,5.435,99.46700286865234
2025-05-07 09:00:00+00:00,3377.699951171875,32.994998931884766,62.41999816894531,5.43,99.48699951171875
2025-05-07 10:00:00+00:00,3399.199951171875,33.095001220703125,62.529998779296875,5.4275,99.4000015258789
2025-05-07 11:00:00+00:00,3395.0,33.1150016784668,62.68000030517578,5.4075,99.4729995727539
2025-05-07 12:00:00+00:00,3399.199951171875,33.15999984741211,62.209999084472656,5.3775,99.43399810791016
2025-05-07 13:00:00+00:00,3402.39990234375,33.02000045776367,61.939998626708984,5.355,99.37000274658203
2025-05-07 14:00:00+00:00,3393.60009765625,32.81999969482422,61.7400016784668,5.3425,99.36799621582031
2025-05-07 15:00:00+00:00,3393.0,32.814998626708984,61.459999084472656,5.3525,99.50800323486328
2025-05-07 16:00:00+00:00,3394.0,32.834999084472656,61.45000076293945,5.3525,99.48799896240234
2025-05-07 17:00:00+00:00,3393.60009765625,32.73500061035156,61.220001220703125,5.36,99.552001953125
2025-05-07 18:00:00+00:00,3392.10009765625,32.744998931884766,61.189998626708984,5.3375,99.61399841308594
2025-05-07 19:00:00+00:00,3379.300048828125,32.584999084472656,61.099998474121094,5.3375,99.86299896240234
2025-05-07 20:00:00+00:00,3372.60009765625,32.61000061035156,60.959999084472656,5.3375,99.89800262451172
2025-05-07 21:00:00+00:00,3372.60009765625,32.61000061035156,60.959999084472656,5.3375,99.82599639892578
2025-05-07 22:00:00+00:00,3376.800048828125,32.56999969482422,60.95000076293945,5.3375,99.87000274658203
2025-05-07 23:00:00+00:00,3383.10009765625,32.619998931884766,61.06999969482422,5.3375,99.8949966430664
2025-05-08 00:00:00+00:00,3387.0,32.654998779296875,61.130001068115234,5.3375,99.83799743652344
2025-05-08 01:00:00+00:00,3415.800048828125,33.029998779296875,61.45000076293945,5.34,99.63099670410156
2025-05-08 02:00:00+00:00,3408.800048828125,32.95500183105469,61.459999084472656,5.345,99.70800018310547
2025-05-08 03:00:00+00:00,3404.199951171875,33.02000045776367,61.599998474121094,5.345,99.6709976196289
2025-05-08 04:00:00+00:00,3388.199951171875,32.97999954223633,61.5,5.355,99.75199890136719
2025-05-08 05:00:00+00:00,3361.0,32.73500061035156,61.63999938964844,5.35,99.86799621582031
2025-05-08 06:00:00+00:00,3335.39990234375,32.505001068115234,61.310001373291016,5.3425,100.10800170898438
2025-05-08 07:00:00+00:00,3348.89990234375,32.525001525878906,61.38999938964844,5.35,100.00299835205078
2025-05-08 08:00:00+00:00,3344.5,32.494998931884766,61.720001220703125,5.365,100.12899780273438
2025-05-08 09:00:00+00:00,3337.39990234375,32.52000045776367,61.7599983215332,5.38,100.13600158691406
2025-05-08 10:00:00+00:00,3347.89990234375,32.584999084472656,62.040000915527344,5.385,100.11900329589844
2025-05-08 11:00:00+00:00,3350.0,32.54999923706055,62.08000183105469,5.35,100.00700378417969
2025-05-08 12:00:00+00:00,3362.0,32.625,61.81999969482422,5.3425,99.98999786376953
2025-05-08 13:00:00+00:00,3361.699951171875,32.80500030517578,62.38999938964844,5.3025,99.91200256347656
2025-05-08 14:00:00+00:00,3362.39990234375,32.790000915527344,62.4900016784668,5.2975,100.177001953125
2025-05-08 15:00:00+00:00,3336.0,32.78499984741211,62.880001068115234,5.2675,100.42500305175781
2025-05-08 16:00:00+00:00,3315.39990234375,32.66999816894531,62.900001525878906,5.285,100.59100341796875
2025-05-08 17:00:00+00:00,3313.60009765625,32.64500045776367,62.86000061035156,5.2825,100.60199737548828
2025-05-08 18:00:00+00:00,3313.60009765625,32.630001068115234,62.869998931884766,5.2925,100.63999938964844
2025-05-08 19:00:00+00:00,3311.10009765625,32.540000915527344,62.95000076293945,5.2925,100.63300323486328
2025-05-08 20:00:00+00:00,3310.39990234375,32.60499954223633,63.209999084472656,5.2925,100.62899780273438
2025-05-08 21:00:00+00:00,3310.39990234375,32.60499954223633,63.209999084472656,5.2925,100.62999725341797
2025-05-08 22:00:00+00:00,3328.89990234375,32.665000915527344,63.099998474121094,5.2925,100.63400268554688
2025-05-08 23:00:00+00:00,3321.0,32.584999084472656,63.06999969482422,5.2925,100.65299987792969
2025-05-09 00:00:00+00:00,3326.89990234375,32.64500045776367,62.90999984741211,5.3125,100.62999725341797
2025-05-09 01:00:00+00:00,3295.89990234375,32.470001220703125,62.939998626708984,5.3,100.73500061035156
2025-05-09 02:00:00+00:00,3313.199951171875,32.564998626708984,63.08000183105469,5.3025,100.67900085449219
2025-05-09 03:00:00+00:00,3312.39990234375,32.56999969482422,63.02000045776367,5.2975,100.66300201416016
2025-05-09 04:00:00+00:00,3330.39990234375,32.69499969482422,63.16999816894531,5.2975,100.59200286865234
2025-05-09 05:00:00+00:00,3326.0,32.625,63.150001525878906,5.295,100.53600311279297
2025-05-09 06:00:00+00:00,3330.39990234375,32.70000076293945,63.25,5.29,100.49500274658203
2025-05-09 07:00:00+00:00,3331.699951171875,32.834999084472656,63.529998779296875,5.3025,100.40499877929688
2025-05-09 08:00:00+00:00,3333.0,32.744998931884766,63.720001220703125,5.325,100.35700225830078
2025-05-09 09:00:00+00:00,3329.60009765625,32.7599983215332,63.95000076293945,5.325,100.44599914550781
2025-05-09 10:00:00+00:00,3327.800048828125,32.724998474121094,64.01000213623047,5.3175,100.44599914550781
2025-05-09 11:00:00+00:00,3337.800048828125,32.724998474121094,64.0999984741211,5.325,100.37100219726562
2025-05-09 12:00:00+00:00,3338.5,32.7599983215332,63.77000045776367,5.3,100.36900329589844
2025-05-09 13:00:00+00:00,3335.5,32.880001068115234,63.36000061035156,5.26,100.33699798583984
2025-05-09 14:00:00+00:00,3342.39990234375,32.880001068115234,63.560001373291016,5.22,100.26100158691406
2025-05-09 15:00:00+00:00,3350.300048828125,32.98500061035156,63.61000061035156,5.2525,100.26399993896484
2025-05-09 16:00:00+00:00,3342.0,32.875,63.77000045776367,5.23,100.36100006103516
2025-05-09 17:00:00+00:00,3346.10009765625,32.959999084472656,63.79999923706055,5.22,100.31700134277344
2025-05-09 18:00:00+00:00,3343.5,32.974998474121094,63.88999938964844,5.21,100.33899688720703
2025-05-09 19:00:00+00:00,3334.10009765625,32.93000030517578,63.83000183105469,5.21,100.35900115966797
2025-05-09 20:00:00+00:00,3329.10009765625,32.880001068115234,63.91999816894531,5.21,100.42400360107422
2025-05-11 22:00:00+00:00,3276.699951171875,32.775001525878906,64.2300033569336,5.21,100.61100006103516
2025-05-11 23:00:00+00:00,3292.89990234375,32.814998626708984,64.19000244140625,5.21,100.59200286865234
2025-05-12 00:00:00+00:00,3283.300048828125,32.814998626708984,64.01000213623047,5.1725,100.5469970703125
2025-05-12 01:00:00+00:00,3275.699951171875,32.68000030517578,63.95000076293945,5.1675,100.64600372314453
2025-05-12 02:00:00+00:00,3275.89990234375,32.790000915527344,64.19000244140625,5.17,100.60199737548828
2025-05-12 03:00:00+00:00,3287.0,33.01499938964844,64.25,5.1625,100.5459976196289
2025-05-12 04:00:00+00:00,3282.699951171875,33.07500076293945,64.31999969482422,5.16,100.60700225830078
2025-05-12 05:00:00+00:00,3279.800048828125,33.099998474121094,64.68000030517578,5.1625,100.6500015258789
2025-05-12 06:00:00+00:00,3281.300048828125,33.16999816894531,64.86000061035156,5.16,100.68399810791016
2025-05-12 07:00:00+00:00,3226.800048828125,32.20000076293945,65.58000183105469,5.1725,101.66600036621094
2025-05-12 08:00:00+00:00,3235.300048828125,32.43000030517578,65.51000213623047,5.2,101.40399932861328
2025-05-12 09:00:00+00:00,3218.699951171875,32.290000915527344,65.75,5.2025,101.55699920654297
2025-05-12 10:00:00+00:00,3211.60009765625,32.18000030517578,66.08000183105469,5.2175,101.88500213623047
2025-05-12 11:00:00+00:00,3228.60009765625,32.47999954223633,66.26000213623047,5.2125,101.59700012207031
2025-05-12 12:00:00+00:00,3237.199951171875,32.68000030517578,66.19000244140625,5.215,101.59700012207031
2025-05-12 13:00:00+00:00,3244.60009765625,32.755001068115234,65.69999694824219,5.2475,101.55899810791016
2025-05-12 14:00:00+00:00,3242.199951171875,32.78499984741211,65.30999755859375,5.2625,101.61599731445312
2025-05-12 15:00:00+00:00,3243.800048828125,32.73500061035156,65.1500015258789,5.2325,101.66400146484375
2025-05-12 16:00:00+00:00,3228.39990234375,32.654998779296875,65.20999908447266,5.175,101.83699798583984
2025-05-12 17:00:00+00:00,3227.199951171875,32.595001220703125,65.08000183105469,5.1575,101.88200378417969
2025-05-12 18:00:00+00:00,3233.89990234375,32.685001373291016,64.94000244140625,5.145,101.78800201416016
2025-05-12 19:00:00+00:00,3240.300048828125,32.7599983215332,64.79000091552734,5.145,101.7699966430664
2025-05-12 20:00:00+00:00,3241.800048828125,32.79499816894531,64.94000244140625,5.145,101.80599975585938
2025-05-12 21:00:00+00:00,3241.800048828125,32.79499816894531,64.94000244140625,5.145,101.78700256347656
2025-05-12 22:00:00+00:00,3237.39990234375,32.76499938964844,64.88999938964844,5.145,101.77899932861328
2025-05-12 23:00:00+00:00,3241.300048828125,32.77000045776367,64.91999816894531,5.145,101.73300170898438
2025-05-13 00:00:00+00:00,3243.89990234375,32.7400016784668,64.69000244140625,5.125,101.63899993896484
2025-05-13 01:00:00+00:00,3229.5,32.84000015258789,64.69000244140625,5.1225,101.62100219726562
2025-05-13 02:00:00+00:00,3233.199951171875,32.88999938964844,64.75,5.1225,101.65499877929688
2025-05-13 03:00:00+00:00,3240.89990234375,33.154998779296875,64.76000213623047,5.135,101.52899932861328
2025-05-13 04:00:00+00:00,3257.0,33.220001220703125,64.83000183105469,5.13,101.52400207519531
2025-05-13 05:00:00+00:00,3261.0,33.224998474121094,64.87999725341797,5.11,101.56900024414062
2025-05-13 06:00:00+00:00,3266.800048828125,33.32500076293945,64.94999694824219,5.1025,101.5739974975586
2025-05-13 07:00:00+00:00,3263.10009765625,33.3849983215332,64.91999816894531,5.09,101.5260009765625
2025-05-13 08:00:00+00:00,3259.5,33.334999084472656,65.2300033569336,5.0775,101.53700256347656
2025-05-13 09:00:00+00:00,3257.800048828125,33.21500015258789,65.30000305175781,5.0725,101.5770034790039
2025-05-13 10:00:00+00:00,3257.0,33.21500015258789,65.44999694824219,5.0725,101.6050033569336
2025-05-13 11:00:00+00:00,3253.10009765625,33.04999923706055,65.62999725341797,5.075,101.59100341796875
2025-05-13 12:00:00+00:00,3246.39990234375,32.900001525878906,65.79000091552734,5.085,101.41500091552734
2025-05-13 13:00:00+00:00,3232.0,32.810001373291016,65.63999938964844,5.0725,101.42500305175781
2025-05-13 14:00:00+00:00,3247.5,33.084999084472656,65.88999938964844,5.135,101.22100067138672
2025-05-13 15:00:00+00:00,3258.10009765625,33.130001068115234,66.55999755859375,5.19,101.11499786376953
2025-05-13 16:00:00+00:00,3255.5,33.150001525878906,66.7699966430664,5.1975,101.08399963378906
2025-05-13 17:00:00+00:00,3251.89990234375,33.05500030517578,66.68000030517578,5.165,101.05799865722656
2025-05-13 18:00:00+00:00,3253.39990234375,33.04499816894531,66.61000061035156,5.1775,101.00299835205078
2025-05-13 19:00:00+00:00,3253.5,33.1150016784668,66.54000091552734,5.1775,100.947998046875
2025-05-13 20:00:00+00:00,3254.5,33.09000015258789,66.55000305175781,5.1775,100.98100280761719
2025-05-13 21:00:00+00:00,3254.5,33.09000015258789,66.55000305175781,5.1775,100.9749984741211
2025-05-13 22:00:00+00:00,3256.800048828125,33.10499954223633,66.5,5.1775,100.93000030517578
2025-05-13 23:00:00+00:00,3258.300048828125,33.125,66.56999969482422,5.1775,100.9800033569336
2025-05-14 00:00:00+00:00,3247.89990234375,32.974998474121094,66.37999725341797,5.1775,100.92400360107422
2025-05-14 01:00:00+00:00,3243.300048828125,32.935001373291016,66.33000183105469,5.1725,100.93599700927734
2025-05-14 02:00:00+00:00,3236.800048828125,32.79999923706055,66.26000213623047,5.1675,100.93099975585938
2025-05-14 03:00:00+00:00,3230.800048828125,32.790000915527344,66.23999786376953,5.165,100.90399932861328
2025-05-14 04:00:00+00:00,3227.800048828125,32.744998931884766,66.2699966430664,5.1675,100.90899658203125
2025-05-14 05:00:00+00:00,3237.199951171875,32.880001068115234,66.30000305175781,5.1775,100.94000244140625
2025-05-14 06:00:00+00:00,3232.10009765625,32.880001068115234,66.31999969482422,5.19,100.94100189208984
2025-05-14 07:00:00+00:00,3242.0,33.064998626708984,66.44999694824219,5.2025,100.73699951171875
2025-05-14 08:00:00+00:00,3236.699951171875,33.005001068115234,66.33000183105469,5.17,100.49400329589844
2025-05-14 09:00:00+00:00,3236.199951171875,32.95000076293945,65.87000274658203,5.16,100.38099670410156
2025-05-14 10:00:00+00:00,3239.5,33.04999923706055,65.88999938964844,5.16,100.51399993896484
2025-05-14 11:00:00+00:00,3223.699951171875,33.040000915527344,65.97000122070312,5.145,100.64199829101562
2025-05-14 12:00:00+00:00,3188.5,32.369998931884766,66.0,5.135,100.61199951171875
2025-05-14 13:00:00+00:00,3195.199951171875,32.505001068115234,66.38999938964844,5.21,100.62799835205078
2025-05-14 14:00:00+00:00,3185.699951171875,32.34000015258789,66.3499984741211,5.215,100.74400329589844
2025-05-14 15:00:00+00:00,3186.5,32.45000076293945,66.08999633789062,5.2375,100.8219985961914
2025-05-14 16:00:00+00:00,3191.89990234375,32.46500015258789,66.31999969482422,5.23,100.94499969482422
2025-05-14 17:00:00+00:00,3185.60009765625,32.43000030517578,66.30000305175781,5.23,100.94300079345703
2025-05-14 18:00:00+00:00,3176.10009765625,32.310001373291016,65.87000274658203,5.2475,101.03900146484375
2025-05-14 19:00:00+00:00,3183.800048828125,32.314998626708984,65.7300033569336,5.2475,101.11299896240234
2025-05-14 20:00:00+00:00,3180.699951171875,32.38999938964844,65.80999755859375,5.2475,101.06900024414062
2025-05-14 21:00:00+00:00,3180.699951171875,32.38999938964844,65.80999755859375,5.2475,101.03800201416016
2025-05-14 22:00:00+00:00,3185.10009765625,32.35499954223633,65.08999633789062,5.2475,101.01699829101562
2025-05-14 23:00:00+00:00,3188.89990234375,32.35499954223633,65.20999908447266,5.2475,101.00599670410156
2025-05-15 00:00:00+00:00,3190.300048828125,32.36000061035156,65.08999633789062,5.2475,100.8949966430664
2025-05-15 01:00:00+00:00,3174.60009765625,32.255001068115234,64.86000061035156,5.26,100.88400268554688
2025-05-15 02:00:00+00:00,3156.89990234375,32.1150016784668,64.55000305175781,5.26,100.86399841308594
2025-05-15 03:00:00+00:00,3153.39990234375,31.985000610351562,64.63999938964844,5.2675,100.83899688720703
2025-05-15 04:00:00+00:00,3141.300048828125,31.895000457763672,64.61000061035156,5.2625,100.87300109863281
2025-05-15 05:00:00+00:00,3132.10009765625,31.93000030517578,64.33000183105469,5.2525,100.86499786376953
2025-05-15 06:00:00+00:00,3153.5,32.060001373291016,63.97999954223633,5.275,100.59700012207031
2025-05-15 07:00:00+00:00,3145.39990234375,31.90999984741211,64.19000244140625,5.275,100.83999633789062
2025-05-15 08:00:00+00:00,3165.5,32.040000915527344,63.630001068115234,5.2525,100.71499633789062
2025-05-15 09:00:00+00:00,3167.800048828125,32.11000061035156,63.5099983215332,5.2475,100.79399871826172
2025-05-15 10:00:00+00:00,3181.60009765625,32.22999954223633,63.9900016784668,5.235,100.81300354003906
2025-05-15 11:00:00+00:00,3182.300048828125,32.334999084472656,64.12999725341797,5.245,100.94000244140625
2025-05-15 12:00:00+00:00,3192.300048828125,32.31999969482422,64.31999969482422,5.3025,100.70099639892578
2025-05-15 13:00:00+00:00,3194.699951171875,32.3849983215332,64.68000030517578,5.27,100.7770004272461
2025-05-15 14:00:00+00:00,3208.5,32.525001525878906,64.23999786376953,5.265,100.88099670410156
2025-05-15 15:00:00+00:00,3222.800048828125,32.689998626708984,64.51000213623047,5.265,100.83699798583984
2025-05-15 16:00:00+00:00,3225.89990234375,32.67499923706055,64.54000091552734,5.3025,100.87200164794922
2025-05-15 17:00:00+00:00,3224.5,32.630001068115234,64.5999984741211,5.3175,100.93099975585938
2025-05-15 18:00:00+00:00,3226.39990234375,32.61000061035156,64.58000183105469,5.3225,100.87899780273438
2025-05-15 19:00:00+00:00,3234.60009765625,32.73500061035156,64.69000244140625,5.3225,100.81400299072266
2025-05-15 20:00:00+00:00,3243.89990234375,32.790000915527344,64.5999984741211,5.3225,100.82099914550781
2025-05-15 21:00:00+00:00,3243.89990234375,32.790000915527344,64.5999984741211,5.3225,100.78900146484375
2025-05-15 22:00:00+00:00,3254.699951171875,32.86000061035156,64.61000061035156,5.3225,100.80899810791016
2025-05-15 23:00:00+00:00,3241.199951171875,32.79999923706055,64.70999908447266,5.3225,100.77100372314453
2025-05-16 00:00:00+00:00,3246.39990234375,32.76499938964844,64.5199966430664,5.33,100.63099670410156
2025-05-16 01:00:00+00:00,3226.0,32.685001373291016,64.5999984741211,5.33,100.6500015258789
2025-05-16 02:00:00+00:00,3219.10009765625,32.625,64.61000061035156,5.3225,100.6780014038086
2025-05-16 03:00:00+00:00,3215.5,32.54999923706055,64.61000061035156,5.3175,100.66000366210938
2025-05-16 04:00:00+00:00,3223.0,32.57500076293945,64.86000061035156,5.3275,100.6520004272461
2025-05-16 05:00:00+00:00,3221.800048828125,32.59000015258789,64.55000305175781,5.3275,100.55799865722656
2025-05-16 06:00:00+00:00,3217.60009765625,32.51499938964844,64.31999969482422,5.3225,100.5780029296875
2025-05-16 07:00:00+00:00,3210.5,32.435001373291016,64.5999984741211,5.29,100.61900329589844
2025-05-16 08:00:00+00:00,3210.300048828125,32.38999938964844,64.30999755859375,5.285,100.71399688720703
2025-05-16 09:00:00+00:00,3211.89990234375,32.42499923706055,64.51000213623047,5.2975,100.78399658203125
2025-05-16 10:00:00+00:00,3179.0,32.2599983215332,64.87999725341797,5.3075,100.76499938964844
2025-05-16 11:00:00+00:00,3165.5,32.095001220703125,64.70999908447266,5.325,100.81300354003906
2025-05-16 12:00:00+00:00,3180.0,32.07500076293945,64.93000030517578,5.3225,100.7770004272461
2025-05-16 13:00:00+00:00,3183.0,32.38999938964844,64.81999969482422,5.2925,100.74400329589844
2025-05-16 14:00:00+00:00,3175.39990234375,32.17499923706055,64.95999908447266,5.2575,101.09300231933594
2025-05-16 15:00:00+00:00,3186.699951171875,32.349998474121094,65.41999816894531,5.24,101.1969985961914
2025-05-16 16:00:00+00:00,3192.5,32.349998474121094,65.37999725341797,5.2425,101.1449966430664
2025-05-16 17:00:00+00:00,3192.10009765625,32.36000061035156,65.5,5.2525,101.13999938964844
2025-05-16 18:00:00+00:00,3189.89990234375,32.3849983215332,65.44000244140625,5.2475,101.09200286865234
2025-05-16 19:00:00+00:00,3194.300048828125,32.400001525878906,65.25,5.2475,101.11399841308594
2025-05-16 20:00:00+00:00,3205.300048828125,32.43000030517578,65.38999938964844,5.2475,100.98600006103516
2025-05-18 22:00:00+00:00,3242.199951171875,32.619998931884766,65.58000183105469,5.2475,100.7490005493164
2025-05-18 23:00:00+00:00,3238.39990234375,32.6349983215332,65.52999877929688,5.2475,100.76300048828125
2025-05-19 00:00:00+00:00,3249.0,32.709999084472656,65.37000274658203,5.2875,100.68099975585938
2025-05-19 01:00:00+00:00,3222.0,32.58000183105469,65.19999694824219,5.2775,100.85299682617188
2025-05-19 02:00:00+00:00,3231.300048828125,32.57500076293945,65.27999877929688,5.29,100.81999969482422
2025-05-19 03:00:00+00:00,3214.89990234375,32.46500015258789,65.16000366210938,5.2925,100.83100128173828
2025-05-19 04:00:00+00:00,3218.39990234375,32.505001068115234,65.05000305175781,5.2925,100.82499694824219
2025-05-19 05:00:00+00:00,3226.800048828125,32.55500030517578,65.06999969482422,5.2975,100.7969970703125
2025-05-19 06:00:00+00:00,3227.199951171875,32.59000015258789,64.88999938964844,5.305,100.6240005493164
2025-05-19 07:00:00+00:00,3235.300048828125,32.619998931884766,65.05999755859375,5.3125,100.39399719238281
2025-05-19 08:00:00+00:00,3247.800048828125,32.7599983215332,64.98999786376953,5.285,100.29499816894531
2025-05-19 09:00:00+00:00,3245.199951171875,32.709999084472656,64.81999969482422,5.27,100.13500213623047
2025-05-19 10:00:00+00:00,3245.0,32.72999954223633,64.54000091552734,5.2875,100.13500213623047
2025-05-19 11:00:00+00:00,3246.699951171875,32.77000045776367,64.83000183105469,5.305,100.177001953125
2025-05-19 12:00:00+00:00,3231.89990234375,32.54499816894531,65.27999877929688,5.3075,100.28700256347656
2025-05-19 13:00:00+00:00,3232.699951171875,32.47999954223633,65.12999725341797,5.345,100.32499694824219
2025-05-19 14:00:00+00:00,3236.699951171875,32.51499938964844,65.16000366210938,5.28,100.28399658203125
2025-05-19 15:00:00+00:00,3234.60009765625,32.55500030517578,65.86000061035156,5.2675,100.42400360107422
2025-05-19 16:00:00+00:00,3234.39990234375,32.54499816894531,65.54000091552734,5.2725,100.4219970703125
2025-05-19 17:00:00+00:00,3228.699951171875,32.45500183105469,65.08000183105469,5.28,100.46900177001953
2025-05-19 18:00:00+00:00,3235.800048828125,32.525001525878906,65.26000213623047,5.295,100.4260025024414
2025-05-19 19:00:00+00:00,3235.39990234375,32.505001068115234,65.51000213623047,5.295,100.37799835205078
2025-05-19 20:00:00+00:00,3232.199951171875,32.494998931884766,65.55000305175781,5.295,100.36599731445312
2025-05-19 21:00:00+00:00,3232.199951171875,32.494998931884766,65.55000305175781,5.295,100.3550033569336
2025-05-19 22:00:00+00:00,3229.300048828125,32.494998931884766,65.56999969482422,5.295,100.38200378417969
2025-05-19 23:00:00+00:00,3224.800048828125,32.505001068115234,65.5999984741211,5.295,100.44000244140625
2025-05-20 00:00:00+00:00,3225.0,32.46500015258789,65.58000183105469,5.2925,100.49600219726562
2025-05-20 01:00:00+00:00,3224.300048828125,32.45000076293945,65.55000305175781,5.29,100.40399932861328
2025-05-20 02:00:00+00:00,3209.5,32.36000061035156,65.4800033569336,5.2925,100.46499633789062
2025-05-20 03:00:00+00:00,3213.199951171875,32.310001373291016,65.54000091552734,5.2925,100.33200073242188
2025-05-20 04:00:00+00:00,3219.5,32.349998474121094,65.29000091552734,5.2925,100.36100006103516
2025-05-20 05:00:00+00:00,3216.10009765625,32.380001068115234,65.2699966430664,5.2975,100.23300170898438
2025-05-20 06:00:00+00:00,3211.699951171875,32.279998779296875,65.58000183105469,5.335,100.2249984741211
2025-05-20 07:00:00+00:00,3224.800048828125,32.400001525878906,65.04000091552734,5.3475,100.0510025024414
2025-05-20 08:00:00+00:00,3238.39990234375,32.5099983215332,65.43000030517578,5.36,100.20800018310547
2025-05-20 09:00:00+00:00,3238.5,32.55500030517578,65.4000015258789,5.385,100.22799682617188
2025-05-20 10:00:00+00:00,3237.300048828125,32.650001525878906,65.38999938964844,5.3875,100.322998046875
2025-05-20 11:00:00+00:00,3243.699951171875,32.70000076293945,65.19000244140625,5.38,100.30400085449219
2025-05-20 12:00:00+00:00,3245.39990234375,32.7599983215332,65.37000274658203,5.3925,100.40299987792969
2025-05-20 13:00:00+00:00,3264.60009765625,32.75,65.06999969482422,5.4525,100.3270034790039
2025-05-20 14:00:00+00:00,3285.300048828125,33.029998779296875,65.12000274658203,5.4475,100.16300201416016
2025-05-20 15:00:00+00:00,3279.5,33.02000045776367,65.05999755859375,5.44,100.26000213623047
2025-05-20 16:00:00+00:00,3282.0,33.154998779296875,65.62999725341797,5.47,100.24299621582031
2025-05-20 17:00:00+00:00,3289.39990234375,33.185001373291016,65.43000030517578,5.4575,100.11100006103516
2025-05-20 18:00:00+00:00,3290.5,33.15999984741211,65.56999969482422,5.4725,100.11799621582031
2025-05-20 19:00:00+00:00,3296.800048828125,33.29499816894531,65.66000366210938,5.4725,100.0510025024414
2025-05-20 20:00:00+00:00,3292.60009765625,33.2599983215332,65.62000274658203,5.4725,100.02300262451172
2025-05-20 21:00:00+00:00,3292.60009765625,33.2599983215332,65.62000274658203,5.4725,100.03299713134766
2025-05-20 22:00:00+00:00,3300.199951171875,33.334999084472656,66.72000122070312,5.4725,100.01100158691406
2025-05-20 23:00:00+00:00,3293.89990234375,33.28499984741211,66.3499984741211,5.4725,99.96299743652344
2025-05-21 00:00:00+00:00,3305.89990234375,33.34000015258789,66.27999877929688,5.4825,99.89099884033203
2025-05-21 01:00:00+00:00,3296.800048828125,33.20000076293945,66.43000030517578,5.4875,99.87899780273438
2025-05-21 02:00:00+00:00,3304.300048828125,33.20500183105469,66.4000015258789,5.4975,99.68599700927734
2025-05-21 03:00:00+00:00,3308.699951171875,33.255001068115234,66.37000274658203,5.49,99.58899688720703
2025-05-21 04:00:00+00:00,3304.199951171875,33.27000045776367,66.44999694824219,5.4975,99.625
2025-05-21 05:00:00+00:00,3318.199951171875,33.349998474121094,66.37000274658203,5.505,99.59300231933594
2025-05-21 06:00:00+00:00,3321.89990234375,33.34000015258789,66.16000366210938,5.49,99.58100128173828
2025-05-21 07:00:00+00:00,3311.800048828125,33.36000061035156,66.25,5.4575,99.69599914550781
2025-05-21 08:00:00+00:00,3310.699951171875,33.33000183105469,66.16000366210938,5.47,99.73100280761719
2025-05-21 09:00:00+00:00,3315.60009765625,33.34000015258789,66.16000366210938,5.4775,99.62899780273438
2025-05-21 10:00:00+00:00,3314.199951171875,33.32500076293945,65.88999938964844,5.48,99.56999969482422
2025-05-21 11:00:00+00:00,3313.300048828125,33.30500030517578,65.91000366210938,5.5025,99.67900085449219
2025-05-21 12:00:00+00:00,3304.300048828125,33.345001220703125,66.1500015258789,5.52,99.58399963378906
2025-05-21 13:00:00+00:00,3306.10009765625,33.3650016784668,65.80000305175781,5.4875,99.55500030517578
2025-05-21 14:00:00+00:00,3306.800048828125,33.54999923706055,65.2699966430664,5.5425,99.51499938964844
2025-05-21 15:00:00+00:00,3313.800048828125,33.595001220703125,65.08999633789062,5.5525,99.48400115966797
2025-05-21 16:00:00+00:00,3305.199951171875,33.619998931884766,65.2699966430664,5.54,99.48699951171875
2025-05-21 17:00:00+00:00,3318.800048828125,33.560001373291016,64.95999908447266,5.4775,99.44400024414062
2025-05-21 18:00:00+00:00,3316.5,33.595001220703125,64.87000274658203,5.4825,99.55899810791016
2025-05-21 19:00:00+00:00,3320.89990234375,33.744998931884766,64.62999725341797,5.4825,99.6729965209961
2025-05-21 20:00:00+00:00,3316.60009765625,33.57500076293945,64.6500015258789,5.4825,99.60600280761719
2025-05-21 21:00:00+00:00,3316.60009765625,33.57500076293945,64.6500015258789,5.4825,99.60900115966797
2025-05-21 22:00:00+00:00,3319.39990234375,33.650001525878906,64.5999984741211,5.4825,99.68699645996094
2025-05-21 23:00:00+00:00,3321.699951171875,33.650001525878906,64.66000366210938,5.4825,99.59700012207031
2025-05-22 00:00:00+00:00,3325.199951171875,33.71500015258789,64.5199966430664,5.45,99.59200286865234
2025-05-22 01:00:00+00:00,3339.0,33.73500061035156,64.69999694824219,5.455,99.51799774169922
2025-05-22 02:00:00+00:00,3342.300048828125,33.779998779296875,64.83000183105469,5.4475,99.48899841308594
2025-05-22 03:00:00+00:00,3336.60009765625,33.79999923706055,64.83999633789062,5.4525,99.53099822998047
2025-05-22 04:00:00+00:00,3339.60009765625,33.900001525878906,64.94999694824219,5.465,99.53199768066406
2025-05-22 05:00:00+00:00,3333.5,33.80500030517578,64.98999786376953,5.4725,99.53700256347656
2025-05-22 06:00:00+00:00,3327.60009765625,33.685001373291016,63.880001068115234,5.455,99.61299896240234
2025-05-22 07:00:00+00:00,3328.300048828125,33.665000915527344,64.26000213623047,5.4675,99.58300018310547
2025-05-22 08:00:00+00:00,3311.699951171875,33.505001068115234,64.12000274658203,5.42,99.75
2025-05-22 09:00:00+00:00,3305.39990234375,33.36000061035156,63.9900016784668,5.4225,99.81800079345703
2025-05-22 10:00:00+00:00,3289.699951171875,32.88999938964844,63.58000183105469,5.4175,99.85299682617188
2025-05-22 11:00:00+00:00,3314.300048828125,32.98500061035156,63.77000045776367,5.4575,99.697998046875
2025-05-22 12:00:00+00:00,3303.60009765625,33.23500061035156,63.790000915527344,5.485,99.81900024414062
2025-05-22 13:00:00+00:00,3286.89990234375,32.9900016784668,63.869998931884766,5.4425,99.91899871826172
2025-05-22 14:00:00+00:00,3296.300048828125,33.1150016784668,64.1500015258789,5.4625,99.92400360107422
2025-05-22 15:00:00+00:00,3294.0,33.165000915527344,63.900001525878906,5.4325,99.90899658203125
2025-05-22 16:00:00+00:00,3300.89990234375,33.209999084472656,64.38999938964844,5.455,100.0009994506836
2025-05-22 17:00:00+00:00,3295.60009765625,33.2400016784668,64.38999938964844,5.4425,100.0260009765625
2025-05-22 18:00:00+00:00,3293.60009765625,33.23500061035156,64.44999694824219,5.45,99.95999908447266
2025-05-22 19:00:00+00:00,3290.39990234375,33.165000915527344,64.16000366210938,5.45,99.94599914550781
2025-05-22 20:00:00+00:00,3295.10009765625,33.18000030517578,64.05999755859375,5.45,99.93299865722656
2025-05-22 21:00:00+00:00,3295.10009765625,33.18000030517578,64.05999755859375,5.45,99.93199920654297
2025-05-22 22:00:00+00:00,3297.800048828125,33.20500183105469,64.05000305175781,5.45,99.89700317382812
2025-05-22 23:00:00+00:00,3300.0,33.185001373291016,64.01000213623047,5.45,99.90899658203125
2025-05-23 00:00:00+00:00,3299.800048828125,33.20000076293945,64.13999938964844,5.44,99.80899810791016
2025-05-23 01:00:00+00:00,3303.800048828125,33.279998779296875,64.08999633789062,5.4375,99.66600036621094
2025-05-23 02:00:00+00:00,3295.5,33.23500061035156,63.959999084472656,5.4325,99.65699768066406
2025-05-23 03:00:00+00:00,3301.800048828125,33.29499816894531,64.0199966430664,5.43,99.6520004272461
2025-05-23 04:00:00+00:00,3313.0,33.34000015258789,64.0199966430664,5.435,99.61799621582031
2025-05-23 05:00:00+00:00,3323.5,33.369998931884766,64.08999633789062,5.4425,99.5780029296875
2025-05-23 06:00:00+00:00,3330.89990234375,33.3650016784668,63.90999984741211,5.4525,99.6449966430664
2025-05-23 07:00:00+00:00,3328.89990234375,33.40999984741211,64.04000091552734,5.4725,99.43699645996094
2025-05-23 08:00:00+00:00,3326.199951171875,33.375,63.959999084472656,5.4325,99.41600036621094
2025-05-23 09:00:00+00:00,3328.5,33.314998626708984,64.41999816894531,5.435,99.35700225830078
2025-05-23 10:00:00+00:00,3328.199951171875,33.2599983215332,63.9900016784668,5.425,99.37100219726562
2025-05-23 11:00:00+00:00,3348.300048828125,33.22999954223633,63.709999084472656,5.4375,99.43599700927734
2025-05-23 12:00:00+00:00,3357.60009765625,33.32500076293945,63.66999816894531,5.4375,99.33999633789062
2025-05-23 13:00:00+00:00,3340.199951171875,33.209999084472656,63.790000915527344,5.4275,99.48400115966797
2025-05-23 14:00:00+00:00,3359.699951171875,33.46500015258789,64.05999755859375,5.4,99.26000213623047
2025-05-23 15:00:00+00:00,3361.60009765625,33.474998474121094,64.2300033569336,5.4075,99.23200225830078
2025-05-23 16:00:00+00:00,3359.39990234375,33.55500030517578,64.05999755859375,5.4,99.15599822998047
2025-05-23 17:00:00+00:00,3363.0,33.619998931884766,64.7699966430664,5.4125,99.11799621582031
2025-05-23 18:00:00+00:00,3361.699951171875,33.64500045776367,64.94999694824219,5.435,99.11199951171875
2025-05-23 19:00:00+00:00,3360.39990234375,33.63999938964844,64.30000305175781,5.435,99.09600067138672
2025-05-23 20:00:00+00:00,3357.699951171875,33.63999938964844,65.0199966430664,5.435,99.10199737548828
2025-05-25 22:00:00+00:00,3342.5,33.625,65.23999786376953,5.435,99.06900024414062
2025-05-25 23:00:00+00:00,3341.5,33.59000015258789,64.5999984741211,5.435,99.0780029296875
2025-05-26 00:00:00+00:00,3340.39990234375,33.60499954223633,65.02999877929688,5.435,98.90299987792969
2025-05-26 01:00:00+00:00,3343.300048828125,33.69499969482422,64.37000274658203,5.435,98.74800109863281
2025-05-26 02:00:00+00:00,3347.0,33.689998626708984,64.20999908447266,5.435,98.77100372314453
2025-05-26 03:00:00+00:00,3345.800048828125,33.650001525878906,64.41999816894531,5.435,98.7770004272461
2025-05-26 04:00:00+00:00,3348.60009765625,33.68000030517578,64.4000015258789,5.435,98.7979965209961
2025-05-26 05:00:00+00:00,3346.5,33.724998474121094,65.02999877929688,5.435,98.74600219726562
2025-05-26 06:00:00+00:00,3336.39990234375,33.654998779296875,64.4000015258789,5.435,98.81500244140625
2025-05-26 07:00:00+00:00,3336.60009765625,33.67499923706055,64.4800033569336,5.435,98.9489974975586
2025-05-26 08:00:00+00:00,3333.199951171875,33.619998931884766,64.48999786376953,5.435,98.98999786376953
2025-05-26 09:00:00+00:00,3328.300048828125,33.494998931884766,64.25,5.435,99.02200317382812
2025-05-26 10:00:00+00:00,3331.199951171875,33.540000915527344,64.58999633789062,5.435,98.99299621582031
2025-05-26 11:00:00+00:00,3332.89990234375,33.53499984741211,64.72000122070312,5.435,99.04499816894531
2025-05-26 12:00:00+00:00,3334.199951171875,33.57500076293945,64.7699966430664,5.435,99.06800079345703
2025-05-26 13:00:00+00:00,3338.300048828125,33.46500015258789,64.52999877929688,5.435,99.00800323486328
2025-05-26 14:00:00+00:00,3337.5,33.48500061035156,63.959999084472656,5.435,98.99199676513672
2025-05-26 15:00:00+00:00,3337.89990234375,33.525001525878906,64.26000213623047,5.435,99.01200103759766
2025-05-26 16:00:00+00:00,3342.60009765625,33.599998474121094,64.12000274658203,5.435,98.99299621582031
2025-05-26 17:00:00+00:00,3341.10009765625,33.625,64.18000030517578,5.435,99.01499938964844
2025-05-26 18:00:00+00:00,3342.199951171875,33.64500045776367,64.7699966430664,5.435,99.01200103759766
2025-05-26 19:00:00+00:00,3342.199951171875,33.64500045776367,64.7699966430664,5.435,98.98899841308594
2025-05-26 20:00:00+00:00,3342.199951171875,33.64500045776367,64.7699966430664,5.435,98.98699951171875
2025-05-26 21:00:00+00:00,3342.199951171875,33.64500045776367,64.7699966430664,5.435,98.98200225830078
2025-05-26 22:00:00+00:00,3347.5,33.61000061035156,64.01000213623047,5.435,98.93099975585938
2025-05-26 23:00:00+00:00,3345.699951171875,33.58000183105469,64.70999908447266,5.435,98.95500183105469
2025-05-27 00:00:00+00:00,3344.800048828125,33.68000030517578,64.31999969482422,5.4275,98.83399963378906
2025-05-27 01:00:00+00:00,3335.0,33.494998931884766,63.9900016784668,5.4175,98.87699890136719
2025-05-27 02:00:00+00:00,3342.199951171875,33.54999923706055,63.970001220703125,5.4175,98.91000366210938
2025-05-27 03:00:00+00:00,3341.0,33.474998474121094,64.55999755859375,5.4175,98.90799713134766
2025-05-27 04:00:00+00:00,3330.300048828125,33.41999816894531,64.52999877929688,5.4125,99.0530014038086
2025-05-27 05:00:00+00:00,3322.800048828125,33.36000061035156,64.56999969482422,5.41,99.08999633789062
2025-05-27 06:00:00+00:00,3308.39990234375,33.27000045776367,63.63999938964844,5.3925,99.19599914550781
2025-05-27 07:00:00+00:00,3295.800048828125,33.119998931884766,63.88999938964844,5.3675,99.39800262451172
2025-05-27 08:00:00+00:00,3297.10009765625,33.189998626708984,64.22000122070312,5.36,99.35600280761719
2025-05-27 09:00:00+00:00,3295.10009765625,33.14500045776367,64.87999725341797,5.3475,99.36000061035156
2025-05-27 10:00:00+00:00,3291.5,33.01499938964844,63.439998626708984,5.3325,99.41799926757812
2025-05-27 11:00:00+00:00,3286.800048828125,32.970001220703125,64.45999908447266,5.34,99.37300109863281
2025-05-27 12:00:00+00:00,3292.10009765625,32.9900016784668,63.900001525878906,5.33,99.26799774169922
2025-05-27 13:00:00+00:00,3294.10009765625,33.16999816894531,64.33999633789062,5.3325,99.36000061035156
2025-05-27 14:00:00+00:00,3298.800048828125,33.150001525878906,63.779998779296875,5.285,99.48699951171875
2025-05-27 15:00:00+00:00,3291.800048828125,33.209999084472656,62.59000015258789,5.2925,99.60399627685547
2025-05-27 16:00:00+00:00,3296.60009765625,33.290000915527344,63.93000030517578,5.285,99.55799865722656
2025-05-27 17:00:00+00:00,3300.199951171875,33.314998626708984,63.40999984741211,5.28,99.55000305175781
2025-05-27 18:00:00+00:00,3302.0,33.35499954223633,63.59000015258789,5.285,99.52100372314453
2025-05-27 19:00:00+00:00,3302.89990234375,33.369998931884766,63.65999984741211,5.285,99.59400177001953
2025-05-27 20:00:00+00:00,3299.699951171875,33.3849983215332,64.2699966430664,5.285,99.5989990234375
2025-05-27 21:00:00+00:00,3299.699951171875,33.3849983215332,64.2699966430664,5.285,99.56600189208984
2025-05-27 22:00:00+00:00,3301.699951171875,33.380001068115234,63.83000183105469,5.285,99.55899810791016
2025-05-27 23:00:00+00:00,3308.300048828125,33.39500045776367,63.88999938964844,5.285,99.52799987792969
2025-05-28 00:00:00+00:00,3307.10009765625,33.39500045776367,64.01000213623047,5.31,99.53299713134766
2025-05-28 01:00:00+00:00,3300.0,33.369998931884766,63.84000015258789,5.3125,99.68099975585938
2025-05-28 02:00:00+00:00,3301.699951171875,33.439998626708984,63.9900016784668,5.3375,99.78800201416016
2025-05-28 03:00:00+00:00,3296.699951171875,33.39500045776367,63.27000045776367,5.345,99.73100280761719
2025-05-28 04:00:00+00:00,3295.199951171875,33.375,63.86000061035156,5.3425,99.77899932861328
2025-05-28 05:00:00+00:00,3305.60009765625,33.41999816894531,63.790000915527344,5.345,99.70500183105469
2025-05-28 06:00:00+00:00,3306.699951171875,33.314998626708984,63.59000015258789,5.35,99.78199768066406
2025-05-28 07:00:00+00:00,3317.39990234375,33.494998931884766,63.970001220703125,5.33,99.59500122070312
2025-05-28 08:00:00+00:00,3320.300048828125,33.5099983215332,63.66999816894531,5.35,99.54499816894531
2025-05-28 09:00:00+00:00,3323.300048828125,33.564998626708984,64.48999786376953,5.35,99.55799865722656
2025-05-28 10:00:00+00:00,3311.89990234375,33.439998626708984,64.1500015258789,5.3325,99.61599731445312
2025-05-28 11:00:00+00:00,3310.60009765625,33.38999938964844,64.5999984741211,5.31,99.68699645996094
2025-05-28 12:00:00+00:00,3310.89990234375,33.375,64.37999725341797,5.3225,99.75199890136719
2025-05-28 13:00:00+00:00,3303.89990234375,33.275001525878906,64.38999938964844,5.325,99.81800079345703
2025-05-28 14:00:00+00:00,3301.300048828125,33.23500061035156,64.2300033569336,5.31,99.81099700927734
2025-05-28 15:00:00+00:00,3294.300048828125,33.1349983215332,64.83999633789062,5.305,99.94999694824219
2025-05-28 16:00:00+00:00,3291.300048828125,33.130001068115234,64.62999725341797,5.285,99.87000274658203
2025-05-28 17:00:00+00:00,3294.89990234375,33.150001525878906,64.43000030517578,5.2925,99.87799835205078
2025-05-28 18:00:00+00:00,3299.60009765625,33.154998779296875,64.05000305175781,5.305,99.875
2025-05-28 19:00:00+00:00,3294.60009765625,33.084999084472656,64.04000091552734,5.305,99.90899658203125
2025-05-28 20:00:00+00:00,3284.39990234375,33.095001220703125,64.31999969482422,5.305,99.89199829101562
2025-05-28 21:00:00+00:00,3284.39990234375,33.095001220703125,64.31999969482422,5.305,99.86799621582031
2025-05-28 22:00:00+00:00,3282.60009765625,33.09000015258789,63.83000183105469,5.305,99.875
2025-05-28 23:00:00+00:00,3255.39990234375,32.98500061035156,64.66999816894531,5.305,100.39700317382812
2025-05-29 00:00:00+00:00,3261.10009765625,33.064998626708984,64.36000061035156,5.33,100.39600372314453
2025-05-29 01:00:00+00:00,3260.300048828125,33.244998931884766,65.08000183105469,5.315,100.25
2025-05-29 02:00:00+00:00,3268.699951171875,33.25,65.69999694824219,5.3125,100.29900360107422
2025-05-29 03:00:00+00:00,3271.39990234375,33.310001373291016,65.68000030517578,5.31,100.27799987792969
2025-05-29 04:00:00+00:00,3266.5,33.33000183105469,65.19000244140625,5.3075,100.26499938964844
2025-05-29 05:00:00+00:00,3269.60009765625,33.375,65.95999908447266,5.3,100.31900024414062
2025-05-29 06:00:00+00:00,3267.89990234375,33.28499984741211,65.37999725341797,5.3075,100.09600067138672
2025-05-29 07:00:00+00:00,3310.699951171875,33.46500015258789,65.44000244140625,5.305,100.00299835205078
2025-05-29 08:00:00+00:00,3306.300048828125,33.470001220703125,64.9800033569336,5.29,100.0510025024414
2025-05-29 09:00:00+00:00,3306.199951171875,33.435001373291016,65.18000030517578,5.2825,99.99600219726562
2025-05-29 10:00:00+00:00,3321.5,33.540000915527344,64.41000366210938,5.2875,99.91899871826172
2025-05-29 11:00:00+00:00,3324.199951171875,33.564998626708984,63.849998474121094,5.285,100.03199768066406
2025-05-29 12:00:00+00:00,3341.300048828125,33.494998931884766,64.04000091552734,5.3125,99.46399688720703
2025-05-29 13:00:00+00:00,3337.300048828125,33.2599983215332,64.16999816894531,5.2975,99.47000122070312
2025-05-29 14:00:00+00:00,3334.699951171875,33.27000045776367,63.54999923706055,5.3075,99.47699737548828
2025-05-29 15:00:00+00:00,3346.199951171875,33.3849983215332,63.47999954223633,5.285,99.33799743652344
2025-05-29 16:00:00+00:00,3347.10009765625,33.44499969482422,63.349998474121094,5.325,99.32099914550781
2025-05-29 17:00:00+00:00,3349.0,33.43000030517578,63.25,5.3275,99.2760009765625
2025-05-29 18:00:00+00:00,3345.5,33.435001373291016,63.34000015258789,5.34,99.27799987792969
2025-05-29 19:00:00+00:00,3340.60009765625,33.46500015258789,63.34000015258789,5.34,99.34300231933594
2025-05-29 20:00:00+00:00,3342.60009765625,33.439998626708984,63.36000061035156,5.34,99.35299682617188
2025-05-29 21:00:00+00:00,3342.60009765625,33.439998626708984,63.36000061035156,5.34,99.33300018310547
2025-05-29 22:00:00+00:00,3337.39990234375,33.38999938964844,63.34000015258789,5.34,99.33300018310547
2025-05-29 23:00:00+00:00,3339.0,33.3849983215332,63.2400016784668,5.34,99.2509994506836
2025-05-30 00:00:00+00:00,3335.89990234375,33.345001220703125,63.20000076293945,5.3625,99.27799987792969
2025-05-30 01:00:00+00:00,3334.10009765625,33.29499816894531,63.150001525878906,5.3575,99.41200256347656
2025-05-30 02:00:00+00:00,3320.5,33.125,63.150001525878906,5.3575,99.45800018310547
2025-05-30 03:00:00+00:00,3318.199951171875,33.08000183105469,63.0099983215332,5.355,99.45500183105469
2025-05-30 04:00:00+00:00,3319.5,33.09000015258789,63.11000061035156,5.3575,99.45600128173828
2025-05-30 05:00:00+00:00,3327.300048828125,33.220001220703125,63.150001525878906,5.365,99.41600036621094
2025-05-30 06:00:00+00:00,3325.5,33.2599983215332,63.08000183105469,5.3775,99.45899963378906
2025-05-30 07:00:00+00:00,3319.199951171875,33.26499938964844,63.41999816894531,5.375,99.52200317382812
2025-05-30 08:00:00+00:00,3320.0,33.314998626708984,63.65999984741211,5.375,99.61100006103516
2025-05-30 09:00:00+00:00,3320.0,33.26499938964844,63.650001525878906,5.3725,99.59600067138672
2025-05-30 10:00:00+00:00,3319.300048828125,33.224998474121094,63.880001068115234,5.355,99.572998046875
2025-05-30 11:00:00+00:00,3318.199951171875,33.244998931884766,63.31999969482422,5.3325,99.49600219726562
2025-05-30 12:00:00+00:00,3328.800048828125,33.39500045776367,62.58000183105469,5.335,99.40699768066406
2025-05-30 13:00:00+00:00,3300.60009765625,33.08000183105469,62.529998779296875,5.345,99.64299774169922
2025-05-30 14:00:00+00:00,3306.60009765625,33.064998626708984,62.7400016784668,5.325,99.43099975585938
2025-05-30 15:00:00+00:00,3312.60009765625,33.04499816894531,62.40999984741211,5.35,99.46099853515625
2025-05-30 16:00:00+00:00,3317.5,32.97999954223633,62.40999984741211,5.3425,99.41799926757812
2025-05-30 17:00:00+00:00,3315.199951171875,32.97999954223633,62.619998931884766,5.3325,99.35700225830078
2025-05-30 18:00:00+00:00,3318.10009765625,33.06999969482422,62.68000030517578,5.3325,99.3290023803711
2025-05-30 19:00:00+00:00,3318.699951171875,33.07500076293945,62.84000015258789,5.3325,99.3499984741211
2025-05-30 20:00:00+00:00,3313.10009765625,33.07500076293945,62.689998626708984,5.3325,99.44100189208984
2025-06-01 22:00:00+00:00,3336.39990234375,33.2400016784668,63.81999969482422,5.3325,99.36199951171875
2025-06-01 23:00:00+00:00,3333.300048828125,33.21500015258789,63.91999816894531,5.3325,99.36399841308594
2025-06-02 00:00:00+00:00,3334.5,33.220001220703125,64.08000183105469,5.3675,99.2239990234375
2025-06-02 01:00:00+00:00,3326.60009765625,33.09000015258789,64.19000244140625,5.3725,99.20700073242188
2025-06-02 02:00:00+00:00,3330.5,33.154998779296875,64.45999908447266,5.515,99.24700164794922
2025-06-02 03:00:00+00:00,3332.10009765625,33.14500045776367,64.25,5.365,99.28099822998047
2025-06-02 04:00:00+00:00,3337.699951171875,33.21500015258789,64.23999786376953,5.3825,99.24600219726562
2025-06-02 05:00:00+00:00,3347.800048828125,33.28499984741211,64.29000091552734,5.375,99.13999938964844
2025-06-02 06:00:00+00:00,3368.89990234375,33.33000183105469,64.27999877929688,5.535,98.96399688720703
2025-06-02 07:00:00+00:00,3377.199951171875,33.564998626708984,64.23999786376953,5.395,98.76499938964844
2025-06-02 08:00:00+00:00,3376.5,33.55500030517578,64.68000030517578,5.3975,98.80699920654297
2025-06-02 09:00:00+00:00,3372.699951171875,33.44499969482422,64.95999908447266,5.375,98.78800201416016
2025-06-02 10:00:00+00:00,3373.300048828125,33.43000030517578,65.19999694824219,5.3875,98.83999633789062
2025-06-02 11:00:00+00:00,3381.199951171875,33.40999984741211,65.11000061035156,5.415,98.83399963378906
2025-06-02 12:00:00+00:00,3380.10009765625,33.84000015258789,65.36000061035156,5.4575,98.80899810791016
2025-06-02 13:00:00+00:00,3395.800048828125,34.32500076293945,64.66999816894531,5.4425,98.78600311279297
2025-06-02 14:00:00+00:00,3400.60009765625,34.45500183105469,64.87999725341797,5.4775,98.70700073242188
2025-06-02 15:00:00+00:00,3399.10009765625,34.60499954223633,64.88999938964844,5.5675,98.74800109863281
2025-06-02 16:00:00+00:00,3396.89990234375,34.654998779296875,65.08000183105469,5.5425,98.85700225830078
2025-06-02 17:00:00+00:00,3399.199951171875,34.70000076293945,65.04000091552734,5.4025,98.83999633789062
2025-06-02 18:00:00+00:00,3404.39990234375,34.78499984741211,64.94000244140625,5.3775,98.70600128173828
2025-06-02 19:00:00+00:00,3406.300048828125,34.904998779296875,65.12000274658203,5.3775,98.66100311279297
2025-06-02 20:00:00+00:00,3406.39990234375,34.93000030517578,65.11000061035156,5.3775,98.68599700927734
2025-06-02 21:00:00+00:00,3406.39990234375,34.93000030517578,65.11000061035156,5.3775,98.6989974975586
2025-06-02 22:00:00+00:00,3414.800048828125,34.904998779296875,65.16999816894531,5.3775,98.70899963378906
2025-06-02 23:00:00+00:00,3412.800048828125,34.900001525878906,65.18000030517578,5.3775,98.58799743652344
2025-06-03 00:00:00+00:00,3401.300048828125,34.75,65.01000213623047,5.35,98.68900299072266
2025-06-03 01:00:00+00:00,3397.300048828125,34.38999938964844,65.06999969482422,5.3475,98.8290023803711
2025-06-03 02:00:00+00:00,3393.60009765625,34.23500061035156,65.0199966430664,5.34,98.85299682617188
2025-06-03 03:00:00+00:00,3387.10009765625,34.244998931884766,64.91999816894531,5.4975,98.90399932861328
2025-06-03 04:00:00+00:00,3386.89990234375,34.33000183105469,64.8499984741211,5.35,98.83899688720703
2025-06-03 05:00:00+00:00,3389.800048828125,34.380001068115234,64.75,5.35,98.85700225830078
2025-06-03 06:00:00+00:00,3383.199951171875,34.375,64.8499984741211,5.36,98.80500030517578
2025-06-03 07:00:00+00:00,3384.60009765625,34.40999984741211,65.08999633789062,5.3475,98.89099884033203
2025-06-03 08:00:00+00:00,3385.5,34.400001525878906,64.79000091552734,5.33,98.91500091552734
2025-06-03 09:00:00+00:00,3381.199951171875,34.3849983215332,64.62000274658203,5.34,98.91200256347656
2025-06-03 10:00:00+00:00,3379.89990234375,34.404998779296875,64.87000274658203,5.3425,99.03399658203125
2025-06-03 11:00:00+00:00,3383.300048828125,34.459999084472656,65.0999984741211,5.39,99.08300018310547
2025-06-03 12:00:00+00:00,3383.60009765625,34.584999084472656,65.20999908447266,5.58,99.16300201416016
2025-06-03 13:00:00+00:00,3370.39990234375,34.46500015258789,65.16999816894531,5.4975,99.14600372314453
2025-06-03 14:00:00+00:00,3370.5,34.65999984741211,65.72000122070312,5.5425,99.11199951171875
2025-06-03 15:00:00+00:00,3374.0,34.59000015258789,65.73999786376953,5.5375,99.25599670410156
2025-06-03 16:00:00+00:00,3372.300048828125,34.584999084472656,65.79000091552734,5.515,99.25700378417969
2025-06-03 17:00:00+00:00,3377.60009765625,34.67499923706055,65.72000122070312,5.4975,99.1989974975586
2025-06-03 18:00:00+00:00,3377.60009765625,34.71500015258789,65.72000122070312,5.5025,99.22699737548828
2025-06-03 19:00:00+00:00,3376.39990234375,34.720001220703125,65.58000183105469,5.5025,99.29000091552734
2025-06-03 20:00:00+00:00,3376.89990234375,34.67499923706055,65.5999984741211,5.5025,99.27300262451172
2025-06-03 21:00:00+00:00,3376.89990234375,34.67499923706055,65.5999984741211,5.5025,99.23300170898438
2025-06-03 22:00:00+00:00,3381.199951171875,34.70000076293945,65.5999984741211,5.5025,99.25
2025-06-03 23:00:00+00:00,3384.5,34.7400016784668,65.54000091552734,5.5025,99.16400146484375
2025-06-04 00:00:00+00:00,3373.60009765625,34.69499969482422,65.48999786376953,5.495,99.18900299072266
2025-06-04 01:00:00+00:00,3395.199951171875,34.814998626708984,65.58000183105469,5.49,99.13800048828125
2025-06-04 02:00:00+00:00,3389.39990234375,34.724998474121094,65.44000244140625,5.5,99.2239990234375
2025-06-04 03:00:00+00:00,3383.699951171875,34.654998779296875,65.41999816894531,5.4975,99.28800201416016
2025-06-04 04:00:00+00:00,3378.39990234375,34.625,65.37000274658203,5.495,99.31999969482422
2025-06-04 05:00:00+00:00,3374.699951171875,34.599998474121094,65.37999725341797,5.4925,99.33899688720703
2025-06-04 06:00:00+00:00,3379.60009765625,34.595001220703125,65.4000015258789,5.485,99.21199798583984
2025-06-04 07:00:00+00:00,3378.0,34.584999084472656,65.62999725341797,5.4975,99.16899871826172
2025-06-04 08:00:00+00:00,3386.5,34.724998474121094,65.5,5.5175,99.06300354003906
2025-06-04 09:00:00+00:00,3387.10009765625,34.689998626708984,65.91999816894531,5.5225,99.19000244140625
2025-06-04 10:00:00+00:00,3374.60009765625,34.51499938964844,65.7300033569336,5.53,99.21900177001953
2025-06-04 11:00:00+00:00,3370.5,34.529998779296875,65.66999816894531,5.5525,99.23699951171875
2025-06-04 12:00:00+00:00,3383.0,34.5099983215332,65.26000213623047,5.5425,98.96499633789062
2025-06-04 13:00:00+00:00,3376.800048828125,34.54999923706055,65.73999786376953,5.535,99.04900360107422
2025-06-04 14:00:00+00:00,3401.5,34.65999984741211,65.29000091552734,5.5225,98.74500274658203
2025-06-04 15:00:00+00:00,3396.300048828125,34.56999969482422,64.69000244140625,5.54,98.78299713134766
2025-06-04 16:00:00+00:00,3399.39990234375,34.60499954223633,64.70999908447266,5.5875,98.6760025024414
2025-06-04 17:00:00+00:00,3403.699951171875,34.63999938964844,64.77999877929688,5.5575,98.75499725341797
2025-06-04 18:00:00+00:00,3400.699951171875,34.64500045776367,64.95999908447266,5.58,98.78700256347656
2025-06-04 19:00:00+00:00,3397.300048828125,34.630001068115234,64.91000366210938,5.58,98.86399841308594
2025-06-04 20:00:00+00:00,3397.39990234375,34.654998779296875,64.83000183105469,5.58,98.81099700927734
2025-06-04 21:00:00+00:00,3397.39990234375,34.654998779296875,64.83000183105469,5.58,98.81400299072266
2025-06-04 22:00:00+00:00,3397.199951171875,34.625,64.72000122070312,5.58,98.81900024414062
2025-06-04 23:00:00+00:00,3401.60009765625,34.64500045776367,64.75,5.58,98.7979965209961
2025-06-05 00:00:00+00:00,3403.5,34.685001373291016,64.73999786376953,5.595,98.73400115966797
2025-06-05 01:00:00+00:00,3397.300048828125,34.67499923706055,64.9000015258789,5.595,98.84400177001953
2025-06-05 02:00:00+00:00,3393.699951171875,34.69499969482422,64.79000091552734,5.61,98.83200073242188
2025-06-05 03:00:00+00:00,3393.60009765625,34.67499923706055,64.76000213623047,5.6025,98.88899993896484
2025-06-05 04:00:00+00:00,3391.60009765625,34.64500045776367,64.69999694824219,5.6025,98.88999938964844
2025-06-05 05:00:00+00:00,3387.300048828125,34.65999984741211,64.77999877929688,5.605,98.93000030517578
2025-06-05 06:00:00+00:00,3389.300048828125,34.65999984741211,64.97000122070312,5.6,98.9209976196289
2025-06-05 07:00:00+00:00,3394.800048828125,34.80500030517578,65.11000061035156,5.605,98.9020004272461
2025-06-05 08:00:00+00:00,3398.800048828125,35.040000915527344,65.12999725341797,5.6075,98.88899993896484
2025-06-05 09:00:00+00:00,3413.5,35.744998931884766,65.08000183105469,5.6025,98.83599853515625
2025-06-05 10:00:00+00:00,3424.10009765625,35.994998931884766,65.23999786376953,5.61,98.78800201416016
2025-06-05 11:00:00+00:00,3416.60009765625,35.90999984741211,65.12999725341797,5.6175,98.7979965209961
2025-06-05 12:00:00+00:00,3405.10009765625,35.93000030517578,65.5999984741211,5.6025,98.77799987792969
2025-06-05 13:00:00+00:00,3401.89990234375,35.959999084472656,65.69000244140625,5.56,98.44499969482422
2025-06-05 14:00:00+00:00,3391.0,35.970001220703125,65.69000244140625,5.63,98.62899780273438
2025-06-05 15:00:00+00:00,3368.10009765625,35.564998626708984,65.48999786376953,5.5875,98.78900146484375
2025-06-05 16:00:00+00:00,3376.800048828125,35.744998931884766,65.26000213623047,5.585,98.7030029296875
2025-06-05 17:00:00+00:00,3376.89990234375,35.814998626708984,65.38999938964844,5.6,98.73100280761719
2025-06-05 18:00:00+00:00,3376.60009765625,35.775001525878906,65.37999725341797,5.5925,98.74099731445312
2025-06-05 19:00:00+00:00,3380.5,35.84000015258789,65.30999755859375,5.5925,98.77899932861328
2025-06-05 20:00:00+00:00,3376.10009765625,35.79499816894531,65.25,5.5925,98.73999786376953
2025-06-05 21:00:00+00:00,3376.10009765625,35.79499816894531,65.25,5.5925,98.73999786376953
2025-06-05 22:00:00+00:00,3381.5,35.8650016784668,65.1500015258789,5.5925,98.71199798583984
2025-06-05 23:00:00+00:00,3384.60009765625,35.88999938964844,65.19999694824219,5.5925,98.67900085449219
2025-06-06 00:00:00+00:00,3381.699951171875,35.915000915527344,65.30000305175781,5.6125,98.71800231933594
2025-06-06 01:00:00+00:00,3386.89990234375,36.08000183105469,65.20999908447266,5.6175,98.75700378417969
2025-06-06 02:00:00+00:00,3386.699951171875,36.185001373291016,65.13999938964844,5.615,98.80500030517578
2025-06-06 03:00:00+00:00,3392.39990234375,36.220001220703125,65.16999816894531,5.6125,98.7760009765625
2025-06-06 04:00:00+00:00,3396.300048828125,36.334999084472656,65.16000366210938,5.61,98.78600311279297
2025-06-06 05:00:00+00:00,3389.5,36.209999084472656,65.08000183105469,5.605,98.8219985961914
2025-06-06 06:00:00+00:00,3384.0,36.31999969482422,65.19999694824219,5.5875,98.85900115966797
2025-06-06 07:00:00+00:00,3382.699951171875,36.334999084472656,64.9800033569336,5.565,98.88999938964844
2025-06-06 08:00:00+00:00,3388.5,36.380001068115234,65.1500015258789,5.55,98.99199676513672
2025-06-06 09:00:00+00:00,3379.800048828125,36.27000045776367,65.2300033569336,5.5625,98.97699737548828
2025-06-06 10:00:00+00:00,3383.60009765625,36.400001525878906,65.41999816894531,5.57,98.94100189208984
2025-06-06 11:00:00+00:00,3381.699951171875,36.25,65.30000305175781,5.59,98.97799682617188
2025-06-06 12:00:00+00:00,3376.199951171875,36.35499954223633,65.62000274658203,5.6125,99.14800262451172
2025-06-06 13:00:00+00:00,3365.60009765625,36.255001068115234,66.38999938964844,5.58,99.22200012207031
2025-06-06 14:00:00+00:00,3348.800048828125,36.02000045776367,66.29000091552734,5.5925,99.24099731445312
2025-06-06 15:00:00+00:00,3354.60009765625,36.224998474121094,66.54000091552734,5.6075,99.18699645996094
2025-06-06 16:00:00+00:00,3344.89990234375,36.06999969482422,66.47000122070312,5.6625,99.2699966430664
2025-06-06 17:00:00+00:00,3345.89990234375,36.185001373291016,66.3499984741211,5.665,99.21099853515625
2025-06-06 18:00:00+00:00,3339.800048828125,36.14500045776367,66.56999969482422,5.7025,99.19000244140625
2025-06-06 19:00:00+00:00,3334.39990234375,36.11000061035156,66.4800033569336,5.7025,99.18299865722656
2025-06-06 20:00:00+00:00,3331.0,36.130001068115234,66.6500015258789,5.7025,99.2020034790039
2025-06-08 22:00:00+00:00,3334.60009765625,36.18000030517578,66.54000091552734,5.7025,99.10700225830078
2025-06-08 23:00:00+00:00,3338.39990234375,36.20000076293945,66.5199966430664,5.7025,99.11399841308594
2025-06-09 00:00:00+00:00,3325.300048828125,36.09000015258789,66.43000030517578,5.68,99.21399688720703
2025-06-09 01:00:00+00:00,3315.5,36.11000061035156,66.44999694824219,5.685,99.0270004272461
2025-06-09 02:00:00+00:00,3325.300048828125,36.18000030517578,66.43000030517578,5.6875,99.01399993896484
2025-06-09 03:00:00+00:00,3330.300048828125,36.154998779296875,66.41000366210938,5.6925,99.04299926757812
2025-06-09 04:00:00+00:00,3331.800048828125,36.21500015258789,66.41000366210938,5.695,98.99800109863281
2025-06-09 05:00:00+00:00,3335.10009765625,36.255001068115234,66.38999938964844,5.7175,98.97699737548828
2025-06-09 06:00:00+00:00,3345.199951171875,36.474998474121094,66.26000213623047,5.7125,98.90699768066406
2025-06-09 07:00:00+00:00,3345.199951171875,36.45500183105469,66.33000183105469,5.7125,98.93599700927734
2025-06-09 08:00:00+00:00,3340.5,36.45500183105469,66.52999877929688,5.6775,98.89299774169922
2025-06-09 09:00:00+00:00,3339.60009765625,36.415000915527344,66.62000274658203,5.6775,98.9000015258789
2025-06-09 10:00:00+00:00,3335.699951171875,36.415000915527344,66.68000030517578,5.6625,98.95500183105469
2025-06-09 11:00:00+00:00,3338.39990234375,36.5099983215332,66.86000061035156,5.6425,98.99700164794922
2025-06-09 12:00:00+00:00,3341.39990234375,36.47999954223633,66.86000061035156,5.5975,99.13200378417969
2025-06-09 13:00:00+00:00,3340.10009765625,36.595001220703125,66.41999816894531,5.5575,99.14099884033203
2025-06-09 14:00:00+00:00,3341.699951171875,36.744998931884766,66.87000274658203,5.57,99.0719985961914
2025-06-09 15:00:00+00:00,3349.800048828125,36.775001525878906,66.9000015258789,5.5875,98.94000244140625
2025-06-09 16:00:00+00:00,3358.39990234375,36.77000045776367,66.76000213623047,5.58,98.94400024414062
2025-06-09 17:00:00+00:00,3354.0,36.8650016784668,66.73999786376953,5.5825,98.9729995727539
2025-06-09 18:00:00+00:00,3354.0,36.994998931884766,67.08000183105469,5.5725,98.93900299072266
2025-06-09 19:00:00+00:00,3348.199951171875,36.875,67.0199966430664,5.5725,98.9739990234375
2025-06-09 20:00:00+00:00,3346.699951171875,36.904998779296875,67.0999984741211,5.5725,99.01200103759766
2025-06-09 21:00:00+00:00,3346.699951171875,36.904998779296875,67.0999984741211,5.5725,99.0009994506836
2025-06-09 22:00:00+00:00,3344.10009765625,36.935001373291016,67.06999969482422,5.5725,99.00299835205078
2025-06-09 23:00:00+00:00,3346.60009765625,36.94499969482422,67.0999984741211,5.5725,98.97100067138672
2025-06-10 00:00:00+00:00,3336.10009765625,36.7400016784668,67.1500015258789,5.535,98.97699737548828
2025-06-10 01:00:00+00:00,3326.199951171875,36.564998626708984,67.3499984741211,5.545,99.20600128173828
2025-06-10 02:00:00+00:00,3329.10009765625,36.63999938964844,67.33999633789062,5.545,99.17400360107422
2025-06-10 03:00:00+00:00,3329.199951171875,36.65999984741211,67.20999908447266,5.54,99.13899993896484
2025-06-10 04:00:00+00:00,3326.800048828125,36.64500045776367,67.19999694824219,5.5375,99.177001953125
2025-06-10 05:00:00+00:00,3337.89990234375,36.60499954223633,67.16999816894531,5.5375,99.11299896240234
2025-06-10 06:00:00+00:00,3345.199951171875,36.560001373291016,67.12000274658203,5.545,99.21700286865234
2025-06-10 07:00:00+00:00,3349.89990234375,36.61000061035156,67.06999969482422,5.52,99.26799774169922
2025-06-10 08:00:00+00:00,3350.0,36.665000915527344,67.23999786376953,5.525,99.13700103759766
2025-06-10 09:00:00+00:00,3350.5,36.779998779296875,67.16999816894531,5.53,99.08300018310547
2025-06-10 10:00:00+00:00,3356.199951171875,36.915000915527344,67.4000015258789,5.5125,99.02999877929688
2025-06-10 11:00:00+00:00,3354.39990234375,36.869998931884766,67.45999908447266,5.4975,98.99299621582031
2025-06-10 12:00:00+00:00,3358.10009765625,36.70000076293945,67.2699966430664,5.515,98.97699737548828
2025-06-10 13:00:00+00:00,3364.60009765625,36.70500183105469,67.5999984741211,5.5225,98.8740005493164
2025-06-10 14:00:00+00:00,3349.39990234375,36.5099983215332,67.68000030517578,5.485,99.02999877929688
2025-06-10 15:00:00+00:00,3347.699951171875,36.560001373291016,67.55999755859375,5.4575,99.06199645996094
2025-06-10 16:00:00+00:00,3342.10009765625,36.599998474121094,67.27999877929688,5.4825,99.07099914550781
2025-06-10 17:00:00+00:00,3345.800048828125,36.68000030517578,67.08999633789062,5.4875,99.072998046875
2025-06-10 18:00:00+00:00,3342.5,36.60499954223633,66.58999633789062,5.4975,99.0979995727539
2025-06-10 19:00:00+00:00,3349.89990234375,36.69499969482422,66.7300033569336,5.4975,99.0479965209961
2025-06-10 20:00:00+00:00,3344.800048828125,36.654998779296875,66.56999969482422,5.4975,99.0469970703125
2025-06-10 21:00:00+00:00,3344.800048828125,36.654998779296875,66.56999969482422,5.4975,99.0479965209961
2025-06-10 22:00:00+00:00,3344.5,36.685001373291016,66.55999755859375,5.4975,99.04499816894531
2025-06-10 23:00:00+00:00,3348.5,36.69499969482422,66.62999725341797,5.4975,98.96499633789062
2025-06-11 00:00:00+00:00,3353.199951171875,36.72999954223633,66.58000183105469,5.4925,99.0770034790039
2025-06-11 01:00:00+00:00,3349.5,36.68000030517578,66.7300033569336,5.4975,99.16999816894531
2025-06-11 02:00:00+00:00,3359.199951171875,36.72999954223633,66.66999816894531,5.505,99.12699890136719
2025-06-11 03:00:00+00:00,3361.0,36.75,66.77999877929688,5.5,99.12699890136719
2025-06-11 04:00:00+00:00,3363.10009765625,36.75,66.7699966430664,5.505,99.13099670410156
2025-06-11 05:00:00+00:00,3360.5,36.650001525878906,66.87999725341797,5.5075,99.08100128173828
2025-06-11 06:00:00+00:00,3358.10009765625,36.720001220703125,66.73999786376953,5.52,99.19100189208984
2025-06-11 07:00:00+00:00,3366.60009765625,36.720001220703125,67.01000213623047,5.5175,99.11599731445312
2025-06-11 08:00:00+00:00,3365.5,36.65999984741211,66.94000244140625,5.515,99.0459976196289
2025-06-11 09:00:00+00:00,3354.699951171875,36.439998626708984,67.47000122070312,5.4975,99.02799987792969
2025-06-11 10:00:00+00:00,3350.39990234375,36.345001220703125,67.7300033569336,5.5125,99.01499938964844
2025-06-11 11:00:00+00:00,3353.800048828125,36.38999938964844,67.83999633789062,5.52,99.0530014038086
2025-06-11 12:00:00+00:00,3357.300048828125,36.474998474121094,68.05999755859375,5.525,98.81300354003906
2025-06-11 13:00:00+00:00,3350.699951171875,36.224998474121094,68.12999725341797,5.495,98.7959976196289
2025-06-11 14:00:00+00:00,3358.800048828125,36.38999938964844,67.9800033569336,5.505,98.67500305175781
2025-06-11 15:00:00+00:00,3353.699951171875,36.380001068115234,68.41999816894531,5.4675,98.60199737548828
2025-06-11 16:00:00+00:00,3351.0,36.275001525878906,68.36000061035156,5.49,98.61499786376953
2025-06-11 17:00:00+00:00,3344.5,36.185001373291016,68.9000015258789,5.475,98.55999755859375
2025-06-11 18:00:00+00:00,3364.300048828125,36.23500061035156,69.66999816894531,5.49,98.63099670410156
2025-06-11 19:00:00+00:00,3367.89990234375,36.334999084472656,69.5199966430664,5.49,98.68099975585938
2025-06-11 20:00:00+00:00,3376.0,36.36000061035156,69.91999816894531,5.49,98.64299774169922
2025-06-11 21:00:00+00:00,3376.0,36.36000061035156,69.91999816894531,5.49,98.63099670410156
2025-06-11 22:00:00+00:00,3389.39990234375,36.46500015258789,70.56999969482422,5.49,98.58399963378906
2025-06-11 23:00:00+00:00,3385.800048828125,36.48500061035156,70.20999908447266,5.49,98.4540023803711
2025-06-12 00:00:00+00:00,3386.39990234375,36.435001373291016,69.7699966430664,5.4975,98.36299896240234
2025-06-12 01:00:00+00:00,3391.60009765625,36.45500183105469,69.41999816894531,5.5025,98.36799621582031
2025-06-12 02:00:00+00:00,3394.89990234375,36.44499969482422,69.37999725341797,5.49,98.41600036621094
2025-06-12 03:00:00+00:00,3393.89990234375,36.5099983215332,69.47000122070312,5.505,98.34100341796875
2025-06-12 04:00:00+00:00,3390.800048828125,36.4900016784668,69.45999908447266,5.5075,98.375
2025-06-12 05:00:00+00:00,3394.800048828125,36.529998779296875,69.2300033569336,5.505,98.26899719238281
2025-06-12 06:00:00+00:00,3395.0,36.42499923706055,69.30999755859375,5.495,98.32499694824219
2025-06-12 07:00:00+00:00,3366.60009765625,35.8650016784668,68.97000122070312,5.4575,98.3479995727539
2025-06-12 08:00:00+00:00,3376.300048828125,36.04999923706055,69.12000274658203,5.47,98.20800018310547
2025-06-12 09:00:00+00:00,3385.5,36.07500076293945,68.7699966430664,5.4975,98.02999877929688
2025-06-12 10:00:00+00:00,3402.89990234375,36.314998626708984,68.70999908447266,5.495,97.88300323486328
2025-06-12 11:00:00+00:00,3399.699951171875,36.349998474121094,68.47000122070312,5.5025,97.89800262451172
2025-06-12 12:00:00+00:00,3409.199951171875,36.404998779296875,68.80999755859375,5.5075,97.72100067138672
2025-06-12 13:00:00+00:00,3412.800048828125,36.2400016784668,69.08999633789062,5.5,97.89299774169922
2025-06-12 14:00:00+00:00,3404.39990234375,36.345001220703125,69.20999908447266,5.485,97.93800354003906
2025-06-12 15:00:00+00:00,3406.5,36.369998931884766,69.76000213623047,5.4675,97.96199798583984
2025-06-12 16:00:00+00:00,3404.39990234375,36.310001373291016,69.55999755859375,5.42,97.94999694824219
2025-06-12 17:00:00+00:00,3403.300048828125,36.30500030517578,69.6500015258789,5.4225,97.94000244140625
2025-06-12 18:00:00+00:00,3406.199951171875,36.34000015258789,69.4800033569336,5.42,97.9209976196289
2025-06-12 19:00:00+00:00,3408.5,36.42499923706055,69.58000183105469,5.42,97.92900085449219
2025-06-12 20:00:00+00:00,3406.39990234375,36.40999984741211,70.26000213623047,5.42,97.86699676513672
2025-06-12 21:00:00+00:00,3406.39990234375,36.40999984741211,70.26000213623047,5.42,97.8479995727539
2025-06-12 22:00:00+00:00,3404.0,36.400001525878906,69.94999694824219,5.42,97.83599853515625
2025-06-12 23:00:00+00:00,3416.39990234375,36.46500015258789,70.66999816894531,5.42,97.677001953125
2025-06-13 00:00:00+00:00,3436.39990234375,36.20000076293945,74.38999938964844,5.4075,98.01300048828125
2025-06-13 01:00:00+00:00,3449.0,36.630001068115234,74.66999816894531,5.4375,98.08200073242188
2025-06-13 02:00:00+00:00,3463.800048828125,36.6150016784668,76.80999755859375,5.48,98.08799743652344
2025-06-13 03:00:00+00:00,3448.199951171875,36.3650016784668,75.44999694824219,5.48,98.19999694824219
2025-06-13 04:00:00+00:00,3447.300048828125,36.29999923706055,74.7300033569336,5.47,98.3010025024414
2025-06-13 05:00:00+00:00,3447.199951171875,36.380001068115234,74.37000274658203,5.4725,98.25199890136719
2025-06-13 06:00:00+00:00,3436.89990234375,36.185001373291016,73.08999633789062,5.4525,98.20700073242188
2025-06-13 07:00:00+00:00,3435.5,36.34000015258789,73.16000366210938,5.4475,98.21900177001953
2025-06-13 08:00:00+00:00,3444.699951171875,36.40999984741211,74.19999694824219,5.475,98.25299835205078
2025-06-13 09:00:00+00:00,3444.699951171875,36.470001220703125,74.9800033569336,5.47,98.34500122070312
2025-06-13 10:00:00+00:00,3436.0,36.26499938964844,74.91999816894531,5.4525,98.48600006103516
2025-06-13 11:00:00+00:00,3442.10009765625,36.30500030517578,74.2699966430664,5.4575,98.4209976196289
2025-06-13 12:00:00+00:00,3457.10009765625,36.2599983215332,74.88999938964844,5.4575,98.4010009765625
2025-06-13 13:00:00+00:00,3457.60009765625,36.22999954223633,73.8499984741211,5.52,98.34400177001953
2025-06-13 14:00:00+00:00,3448.39990234375,36.22999954223633,73.16000366210938,5.545,98.18199920654297
2025-06-13 15:00:00+00:00,3446.300048828125,36.27000045776367,73.44999694824219,5.5675,98.08399963378906
2025-06-13 16:00:00+00:00,3450.699951171875,36.375,73.4800033569336,5.5775,98.08899688720703
2025-06-13 17:00:00+00:00,3450.60009765625,36.35499954223633,74.4800033569336,5.5775,98.14099884033203
2025-06-13 18:00:00+00:00,3456.5,36.369998931884766,75.08999633789062,5.5875,98.18399810791016
2025-06-13 19:00:00+00:00,3452.10009765625,36.31999969482422,74.31999969482422,5.5875,98.125
2025-06-13 20:00:00+00:00,3452.60009765625,36.369998931884766,74.55000305175781,5.5875,98.13800048828125
2025-06-15 22:00:00+00:00,3468.699951171875,36.345001220703125,75.6500015258789,5.5875,98.2300033569336
2025-06-15 23:00:00+00:00,3464.0,36.375,75.58999633789062,5.5875,98.27200317382812
2025-06-16 00:00:00+00:00,3456.5,36.27000045776367,75.01000213623047,5.565,98.27200317382812
2025-06-16 01:00:00+00:00,3460.60009765625,36.2400016784668,75.12999725341797,5.56,98.29100036621094
2025-06-16 02:00:00+00:00,3458.0,36.3650016784668,74.9800033569336,5.5525,98.31600189208984
2025-06-16 03:00:00+00:00,3450.699951171875,36.279998779296875,74.81999969482422,5.5575,98.35299682617188
2025-06-16 04:00:00+00:00,3446.5,36.255001068115234,74.87000274658203,5.5475,98.27999877929688
2025-06-16 05:00:00+00:00,3441.199951171875,36.369998931884766,74.62000274658203,5.5525,98.0989990234375
2025-06-16 06:00:00+00:00,3438.0,36.540000915527344,74.80999755859375,5.54,98.02100372314453
2025-06-16 07:00:00+00:00,3431.800048828125,36.529998779296875,74.0199966430664,5.53,97.98600006103516
2025-06-16 08:00:00+00:00,3432.89990234375,36.48500061035156,73.6500015258789,5.5125,97.99500274658203
2025-06-16 09:00:00+00:00,3431.60009765625,36.39500045776367,73.69000244140625,5.53,97.93399810791016
2025-06-16 10:00:00+00:00,3440.5,36.47999954223633,73.25,5.525,97.98100280761719
2025-06-16 11:00:00+00:00,3434.60009765625,36.38999938964844,73.30000305175781,5.5325,98.00299835205078
2025-06-16 12:00:00+00:00,3435.300048828125,36.55500030517578,72.9000015258789,5.5175,97.93499755859375
2025-06-16 13:00:00+00:00,3407.300048828125,36.28499984741211,71.36000061035156,5.5325,97.77799987792969
2025-06-16 14:00:00+00:00,3416.0,36.42499923706055,71.44999694824219,5.51,97.8759994506836
2025-06-16 15:00:00+00:00,3423.800048828125,36.459999084472656,72.58000183105469,5.53,97.94599914550781
2025-06-16 16:00:00+00:00,3418.300048828125,36.45500183105469,73.13999938964844,5.5325,97.91899871826172
2025-06-16 17:00:00+00:00,3412.199951171875,36.400001525878906,72.91999816894531,5.525,97.98100280761719
2025-06-16 18:00:00+00:00,3404.699951171875,36.375,72.75,5.5275,97.99800109863281
2025-06-16 19:00:00+00:00,3402.89990234375,36.369998931884766,72.9000015258789,5.5275,98.19400024414062
2025-06-16 20:00:00+00:00,3404.300048828125,36.369998931884766,72.98999786376953,5.5275,98.14299774169922
2025-06-16 21:00:00+00:00,3404.300048828125,36.369998931884766,72.98999786376953,5.5275,98.12899780273438
2025-06-16 22:00:00+00:00,3414.5,36.375,74.08000183105469,5.5275,98.13999938964844
2025-06-16 23:00:00+00:00,3422.39990234375,36.369998931884766,74.55000305175781,5.5275,98.18199920654297
2025-06-17 00:00:00+00:00,3413.89990234375,36.33000183105469,73.68000030517578,5.5425,98.24400329589844
2025-06-17 01:00:00+00:00,3412.60009765625,36.43000030517578,73.88999938964844,5.56,98.1989974975586
2025-06-17 02:00:00+00:00,3409.39990234375,36.439998626708984,73.95999908447266,5.575,98.18000030517578
2025-06-17 03:00:00+00:00,3405.39990234375,36.290000915527344,73.48999786376953,5.565,98.13899993896484
2025-06-17 04:00:00+00:00,3412.800048828125,36.5,73.83999633789062,5.5575,98.12799835205078
2025-06-17 05:00:00+00:00,3411.0,36.52000045776367,73.61000061035156,5.555,98.15799713134766
2025-06-17 06:00:00+00:00,3403.39990234375,36.53499984741211,72.83999633789062,5.555,98.15499877929688
2025-06-17 07:00:00+00:00,3406.199951171875,36.54499816894531,74.12000274658203,5.57,98.13800048828125
2025-06-17 08:00:00+00:00,3397.199951171875,36.505001068115234,74.2300033569336,5.5625,98.21800231933594
2025-06-17 09:00:00+00:00,3403.800048828125,36.654998779296875,74.37999725341797,5.555,98.19300079345703
2025-06-17 10:00:00+00:00,3417.10009765625,37.20000076293945,74.55999755859375,5.5425,98.09600067138672
2025-06-17 11:00:00+00:00,3407.10009765625,37.09000015258789,74.80000305175781,5.5525,98.12300109863281
2025-06-17 12:00:00+00:00,3405.300048828125,36.900001525878906,74.55000305175781,5.57,98.24299621582031
2025-06-17 13:00:00+00:00,3409.800048828125,37.165000915527344,75.2699966430664,5.5975,98.2030029296875
2025-06-17 14:00:00+00:00,3403.800048828125,37.23500061035156,75.08000183105469,5.5975,98.43499755859375
2025-06-17 15:00:00+00:00,3397.89990234375,37.2599983215332,75.08999633789062,5.655,98.3740005493164
2025-06-17 16:00:00+00:00,3401.39990234375,37.185001373291016,75.38999938964844,5.68,98.61599731445312
2025-06-17 17:00:00+00:00,3408.699951171875,37.125,75.98999786376953,5.64,98.73899841308594
2025-06-17 18:00:00+00:00,3401.39990234375,37.09000015258789,76.7300033569336,5.6575,98.81999969482422
2025-06-17 19:00:00+00:00,3404.39990234375,37.165000915527344,76.45999908447266,5.6575,98.78099822998047
2025-06-17 20:00:00+00:00,3406.5,37.18000030517578,76.88999938964844,5.6575,98.83000183105469
2025-06-17 21:00:00+00:00,3406.5,37.18000030517578,76.88999938964844,5.6575,98.81400299072266
2025-06-17 22:00:00+00:00,3407.699951171875,37.16999816894531,76.86000061035156,5.6575,98.81999969482422
2025-06-17 23:00:00+00:00,3405.5,37.18000030517578,76.77999877929688,5.6575,98.83399963378906
2025-06-18 00:00:00+00:00,3404.0,37.189998626708984,76.69000244140625,5.6675,98.76699829101562
2025-06-18 01:00:00+00:00,3397.699951171875,37.220001220703125,76.33000183105469,5.6925,98.72100067138672
2025-06-18 02:00:00+00:00,3397.89990234375,37.25,76.75,5.68,98.70999908447266
2025-06-18 03:00:00+00:00,3409.60009765625,37.34000015258789,76.73999786376953,5.67,98.68800354003906
2025-06-18 04:00:00+00:00,3413.699951171875,37.36000061035156,76.48999786376953,5.675,98.64099884033203
2025-06-18 05:00:00+00:00,3405.10009765625,37.369998931884766,76.38999938964844,5.6725,98.64600372314453
2025-06-18 06:00:00+00:00,3400.699951171875,37.314998626708984,76.31999969482422,5.685,98.58799743652344
2025-06-18 07:00:00+00:00,3404.0,37.30500030517578,76.04000091552734,5.6875,98.5989990234375
2025-06-18 08:00:00+00:00,3401.5,37.2599983215332,75.55000305175781,5.7,98.6719970703125
2025-06-18 09:00:00+00:00,3396.60009765625,37.27000045776367,75.77999877929688,5.685,98.65899658203125
2025-06-18 10:00:00+00:00,3398.39990234375,37.22999954223633,76.55000305175781,5.685,98.71800231933594
2025-06-18 11:00:00+00:00,3400.39990234375,37.20000076293945,76.55000305175781,5.69,98.63600158691406
2025-06-18 12:00:00+00:00,3405.5,37.11000061035156,76.66000366210938,5.6875,98.6449966430664
2025-06-18 13:00:00+00:00,3411.10009765625,37.09000015258789,77.30999755859375,5.7475,98.76000213623047
2025-06-18 14:00:00+00:00,3405.699951171875,36.90999984741211,75.30000305175781,5.8475,98.66100311279297
2025-06-18 15:00:00+00:00,3411.0,36.95000076293945,75.5199966430664,5.875,98.55699920654297
2025-06-18 16:00:00+00:00,3409.5,36.959999084472656,75.97000122070312,5.8825,98.66999816894531
2025-06-18 17:00:00+00:00,3404.5,36.91999816894531,76.18000030517578,5.8975,98.70600128173828
2025-06-18 18:00:00+00:00,3397.10009765625,36.775001525878906,76.73999786376953,5.895,98.90499877929688
2025-06-18 19:00:00+00:00,3385.300048828125,36.63999938964844,76.29000091552734,5.895,98.92400360107422
2025-06-18 20:00:00+00:00,3387.300048828125,36.7599983215332,76.20999908447266,5.895,98.8759994506836
2025-06-18 21:00:00+00:00,3387.300048828125,36.7599983215332,76.20999908447266,5.895,98.8550033569336
2025-06-18 22:00:00+00:00,3392.0,36.775001525878906,76.54000091552734,5.895,98.8499984741211
2025-06-18 23:00:00+00:00,3391.89990234375,36.77000045776367,76.51000213623047,5.895,98.89399719238281
2025-06-19 00:00:00+00:00,3396.300048828125,36.80500030517578,75.93000030517578,5.895,98.86499786376953
2025-06-19 01:00:00+00:00,3392.300048828125,36.65999984741211,76.30000305175781,5.895,99.0719985961914
2025-06-19 02:00:00+00:00,3393.89990234375,36.724998474121094,76.4800033569336,5.895,99.06400299072266
2025-06-19 03:00:00+00:00,3391.0,36.790000915527344,76.4800033569336,5.895,98.97599792480469
2025-06-19 04:00:00+00:00,3391.89990234375,36.779998779296875,76.56999969482422,5.895,98.95500183105469
2025-06-19 05:00:00+00:00,3381.699951171875,36.650001525878906,76.80999755859375,5.895,99.05599975585938
2025-06-19 06:00:00+00:00,3373.5,36.415000915527344,77.4800033569336,5.895,99.00700378417969
2025-06-19 07:00:00+00:00,3382.89990234375,36.279998779296875,77.05000305175781,5.895,99.04299926757812
2025-06-19 08:00:00+00:00,3386.10009765625,36.349998474121094,76.93000030517578,5.895,98.89900207519531
2025-06-19 09:00:00+00:00,3387.300048828125,36.349998474121094,76.81999969482422,5.895,98.93800354003906
2025-06-19 10:00:00+00:00,3391.89990234375,36.31999969482422,77.33999633789062,5.895,98.9729995727539
2025-06-19 11:00:00+00:00,3388.89990234375,36.345001220703125,77.73999786376953,5.895,98.90499877929688
2025-06-19 12:00:00+00:00,3384.699951171875,36.314998626708984,77.58000183105469,5.895,98.93099975585938
2025-06-19 13:00:00+00:00,3386.60009765625,36.2599983215332,77.93000030517578,5.895,98.95099639892578
2025-06-19 14:00:00+00:00,3381.699951171875,36.32500076293945,78.44999694824219,5.895,99.02100372314453
2025-06-19 15:00:00+00:00,3385.89990234375,36.36000061035156,78.33999633789062,5.895,99.05899810791016
2025-06-19 16:00:00+00:00,3387.800048828125,36.345001220703125,78.83999633789062,5.895,99.08699798583984
2025-06-19 17:00:00+00:00,3385.300048828125,36.35499954223633,76.56999969482422,5.895,98.90899658203125
2025-06-19 18:00:00+00:00,3387.39990234375,36.36000061035156,77.22000122070312,5.895,98.86299896240234
2025-06-19 19:00:00+00:00,3387.39990234375,36.36000061035156,77.22000122070312,5.895,98.76599884033203
2025-06-19 20:00:00+00:00,3387.39990234375,36.36000061035156,77.22000122070312,5.895,98.78299713134766
2025-06-19 21:00:00+00:00,3387.39990234375,36.36000061035156,77.22000122070312,5.895,98.79199981689453
2025-06-19 22:00:00+00:00,3382.10009765625,36.3849983215332,76.66999816894531,5.895,98.78399658203125
2025-06-19 23:00:00+00:00,3385.199951171875,36.3650016784668,77.20999908447266,5.895,98.66999816894531
2025-06-20 00:00:00+00:00,3384.5,36.3650016784668,77.33000183105469,5.8675,98.5979995727539
2025-06-20 01:00:00+00:00,3372.800048828125,36.2400016784668,76.76000213623047,5.875,98.6709976196289
2025-06-20 02:00:00+00:00,3368.5,35.77000045776367,76.98999786376953,5.8675,98.63099670410156
2025-06-20 03:00:00+00:00,3371.800048828125,35.81999969482422,76.97000122070312,5.86,98.55500030517578
2025-06-20 04:00:00+00:00,3370.60009765625,35.7400016784668,77.1500015258789,5.855,98.58300018310547
2025-06-20 05:00:00+00:00,3360.89990234375,35.595001220703125,76.4000015258789,5.84,98.5790023803711
2025-06-20 06:00:00+00:00,3361.39990234375,35.630001068115234,76.87999725341797,5.8325,98.66500091552734
2025-06-20 07:00:00+00:00,3363.39990234375,35.875,77.08999633789062,5.8525,98.66699981689453
2025-06-20 08:00:00+00:00,3367.300048828125,36.02000045776367,77.12000274658203,5.8525,98.6050033569336
2025-06-20 09:00:00+00:00,3371.300048828125,36.1150016784668,77.08000183105469,5.85,98.58999633789062
2025-06-20 10:00:00+00:00,3371.300048828125,36.1150016784668,77.12000274658203,5.845,98.625
2025-06-20 11:00:00+00:00,3362.800048828125,35.974998474121094,76.30999755859375,5.8675,98.65699768066406
2025-06-20 12:00:00+00:00,3360.10009765625,35.974998474121094,76.41999816894531,5.86,98.71600341796875
2025-06-20 13:00:00+00:00,3386.60009765625,36.0,76.2300033569336,5.8975,98.71399688720703
2025-06-20 14:00:00+00:00,3385.5,35.939998626708984,76.80999755859375,5.9075,98.78900146484375
2025-06-20 15:00:00+00:00,3385.60009765625,35.935001373291016,76.73999786376953,5.88,98.76000213623047
2025-06-20 16:00:00+00:00,3387.699951171875,35.994998931884766,76.68000030517578,5.8725,98.6449966430664
2025-06-20 17:00:00+00:00,3383.199951171875,36.025001525878906,77.18000030517578,5.84,98.6729965209961
2025-06-20 18:00:00+00:00,3382.300048828125,36.0099983215332,77.01000213623047,5.8275,98.70700073242188
2025-06-20 19:00:00+00:00,3381.39990234375,35.97999954223633,77.18000030517578,5.8275,98.81999969482422
2025-06-20 20:00:00+00:00,3384.39990234375,35.95000076293945,77.2699966430664,5.8275,98.77400207519531
2025-06-22 22:00:00+00:00,3394.10009765625,36.025001525878906,78.5,5.8275,98.99700164794922
2025-06-22 23:00:00+00:00,3388.39990234375,36.04999923706055,79.0199966430664,5.8275,98.91699981689453
2025-06-23 00:00:00+00:00,3381.39990234375,35.994998931884766,79.08999633789062,5.835,99.02300262451172
2025-06-23 01:00:00+00:00,3371.0,35.974998474121094,78.45999908447266,5.8225,99.02999877929688
2025-06-23 02:00:00+00:00,3376.60009765625,35.9900016784668,78.43000030517578,5.8325,98.9739990234375
2025-06-23 03:00:00+00:00,3378.39990234375,36.064998626708984,78.44999694824219,5.8375,99.03299713134766
2025-06-23 04:00:00+00:00,3373.5,36.0099983215332,78.05999755859375,5.8375,99.0780029296875
2025-06-23 05:00:00+00:00,3371.5,36.0099983215332,78.27999877929688,5.835,98.947998046875
2025-06-23 06:00:00+00:00,3372.5,36.10499954223633,78.12999725341797,5.8075,98.96800231933594
2025-06-23 07:00:00+00:00,3372.800048828125,36.10499954223633,77.33000183105469,5.8175,99.0270004272461
2025-06-23 08:00:00+00:00,3377.199951171875,36.20000076293945,76.94999694824219,5.805,99.18900299072266
2025-06-23 09:00:00+00:00,3382.10009765625,36.1150016784668,77.52999877929688,5.82,99.3010025024414
2025-06-23 10:00:00+00:00,3383.300048828125,36.08000183105469,77.80000305175781,5.84,99.36900329589844
2025-06-23 11:00:00+00:00,3395.699951171875,36.165000915527344,77.51000213623047,5.8175,99.25399780273438
2025-06-23 12:00:00+00:00,3375.60009765625,36.01499938964844,76.94999694824219,5.775,99.2750015258789
2025-06-23 13:00:00+00:00,3396.5,36.16999816894531,76.86000061035156,5.7275,99.09100341796875
2025-06-23 14:00:00+00:00,3402.300048828125,36.224998474121094,76.19999694824219,5.675,98.71900177001953
2025-06-23 15:00:00+00:00,3403.300048828125,36.255001068115234,76.88999938964844,5.6825,98.69499969482422
2025-06-23 16:00:00+00:00,3405.60009765625,36.18000030517578,75.33000183105469,5.71,98.63600158691406
2025-06-23 17:00:00+00:00,3397.699951171875,36.2599983215332,72.33000183105469,5.705,98.44499969482422
2025-06-23 18:00:00+00:00,3393.800048828125,36.244998931884766,71.52999877929688,5.7025,98.41600036621094
2025-06-23 19:00:00+00:00,3391.300048828125,36.20500183105469,70.94000244140625,5.7025,98.37899780273438
2025-06-23 20:00:00+00:00,3384.39990234375,36.04999923706055,70.12999725341797,5.7025,98.38400268554688
2025-06-23 21:00:00+00:00,3384.39990234375,36.04999923706055,70.12999725341797,5.7025,98.38600158691406
2025-06-23 22:00:00+00:00,3370.5,35.89500045776367,68.55000305175781,5.7025,98.3499984741211
2025-06-23 23:00:00+00:00,3358.699951171875,35.84000015258789,68.69999694824219,5.7025,98.23600006103516
2025-06-24 00:00:00+00:00,3365.39990234375,36.029998779296875,68.98999786376953,5.635,98.19400024414062
2025-06-24 01:00:00+00:00,3362.300048828125,35.98500061035156,69.37999725341797,5.65,98.25299835205078
2025-06-24 02:00:00+00:00,3366.199951171875,36.084999084472656,69.87000274658203,5.655,98.16999816894531
2025-06-24 03:00:00+00:00,3366.39990234375,36.09000015258789,69.76000213623047,5.65,98.10700225830078
2025-06-24 04:00:00+00:00,3362.699951171875,36.130001068115234,69.56999969482422,5.6425,98.11299896240234
2025-06-24 05:00:00+00:00,3346.0,36.040000915527344,68.8499984741211,5.625,98.0780029296875
2025-06-24 06:00:00+00:00,3337.300048828125,35.9900016784668,68.37999725341797,5.615,98.0790023803711
2025-06-24 07:00:00+00:00,3343.800048828125,36.064998626708984,69.33999633789062,5.635,98.16400146484375
2025-06-24 08:00:00+00:00,3341.60009765625,36.099998474121094,69.12999725341797,5.6325,98.11299896240234
2025-06-24 09:00:00+00:00,3332.199951171875,36.005001068115234,69.1500015258789,5.625,97.99099731445312
2025-06-24 10:00:00+00:00,3339.5,36.05500030517578,69.51000213623047,5.62,98.0790023803711
2025-06-24 11:00:00+00:00,3335.199951171875,36.1150016784668,68.94999694824219,5.5925,97.98699951171875
2025-06-24 12:00:00+00:00,3328.300048828125,35.79499816894531,68.68000030517578,5.595,98.03700256347656
2025-06-24 13:00:00+00:00,3315.60009765625,35.275001525878906,68.37999725341797,5.56,98.10099792480469
2025-06-24 14:00:00+00:00,3318.60009765625,35.42499923706055,68.0199966430664,5.545,97.89600372314453
2025-06-24 15:00:00+00:00,3326.89990234375,35.650001525878906,67.33999633789062,5.55,97.97599792480469
2025-06-24 16:00:00+00:00,3332.60009765625,35.685001373291016,67.02999877929688,5.5325,97.8499984741211
2025-06-24 17:00:00+00:00,3332.10009765625,35.7599983215332,67.63999938964844,5.5325,97.83899688720703
2025-06-24 18:00:00+00:00,3331.39990234375,35.79999923706055,67.43000030517578,5.5175,97.85800170898438
2025-06-24 19:00:00+00:00,3337.800048828125,35.849998474121094,67.77999877929688,5.5175,97.93599700927734
2025-06-24 20:00:00+00:00,3338.5,35.869998931884766,67.79000091552734,5.5175,97.97100067138672
2025-06-24 21:00:00+00:00,3338.5,35.869998931884766,67.79000091552734,5.5175,97.95899963378906
2025-06-24 22:00:00+00:00,3335.60009765625,35.880001068115234,67.91000366210938,5.5175,97.97000122070312
2025-06-24 23:00:00+00:00,3338.0,35.88999938964844,67.91999816894531,5.5175,97.9530029296875
2025-06-25 00:00:00+00:00,3340.60009765625,35.8849983215332,67.83999633789062,5.4975,97.87699890136719
2025-06-25 01:00:00+00:00,3348.800048828125,35.904998779296875,68.05999755859375,5.5025,97.8290023803711
2025-06-25 02:00:00+00:00,3343.800048828125,35.904998779296875,67.9800033569336,5.4975,97.89700317382812
2025-06-25 03:00:00+00:00,3342.300048828125,35.875,67.98999786376953,5.5125,97.97200012207031
2025-06-25 04:00:00+00:00,3341.300048828125,35.915000915527344,67.91999816894531,5.52,97.95099639892578
2025-06-25 05:00:00+00:00,3345.39990234375,35.959999084472656,68.18000030517578,5.515,97.9209976196289
2025-06-25 06:00:00+00:00,3345.800048828125,35.98500061035156,68.23999786376953,5.505,98.01499938964844
2025-06-25 07:00:00+00:00,3344.5,35.95500183105469,68.3499984741211,5.5225,98.05999755859375
2025-06-25 08:00:00+00:00,3340.5,35.83000183105469,67.02999877929688,5.5275,98.01000213623047
2025-06-25 09:00:00+00:00,3338.699951171875,35.709999084472656,66.87999725341797,5.51,98.08699798583984
2025-06-25 10:00:00+00:00,3338.10009765625,35.69499969482422,66.73999786376953,5.5025,98.08799743652344
2025-06-25 11:00:00+00:00,3336.699951171875,35.709999084472656,66.47000122070312,5.495,98.10900115966797
2025-06-25 12:00:00+00:00,3334.39990234375,35.75,66.69999694824219,5.485,98.18000030517578
2025-06-25 13:00:00+00:00,3328.199951171875,35.79499816894531,66.58000183105469,5.4525,98.12000274658203
2025-06-25 14:00:00+00:00,3337.5,35.89500045776367,66.80000305175781,5.4425,97.97899627685547
2025-06-25 15:00:00+00:00,3339.199951171875,35.94499969482422,67.08999633789062,5.4375,97.98500061035156
2025-06-25 16:00:00+00:00,3348.60009765625,36.11000061035156,67.16000366210938,5.4525,97.89099884033203
2025-06-25 17:00:00+00:00,3342.199951171875,36.15999984741211,66.80999755859375,5.4425,97.81600189208984
2025-06-25 18:00:00+00:00,3345.60009765625,36.17499923706055,66.75,5.4425,97.67900085449219
2025-06-25 19:00:00+00:00,3348.199951171875,36.27000045776367,66.66000366210938,5.4425,97.6989974975586
2025-06-25 20:00:00+00:00,3346.39990234375,36.21500015258789,66.41999816894531,5.4425,97.6969985961914
2025-06-25 21:00:00+00:00,3346.39990234375,36.21500015258789,66.41999816894531,5.4425,97.70899963378906
2025-06-25 22:00:00+00:00,3346.300048828125,36.23500061035156,66.6500015258789,5.4425,97.70899963378906
2025-06-25 23:00:00+00:00,3352.800048828125,36.29499816894531,66.5,5.4425,97.50399780273438
2025-06-26 00:00:00+00:00,3347.300048828125,36.2599983215332,66.55000305175781,5.45,97.48899841308594
2025-06-26 01:00:00+00:00,3343.699951171875,36.189998626708984,66.76000213623047,5.45,97.46900177001953
2025-06-26 02:00:00+00:00,3353.10009765625,36.30500030517578,66.76000213623047,5.4525,97.43399810791016
2025-06-26 03:00:00+00:00,3352.10009765625,36.36000061035156,66.70999908447266,5.445,97.41699981689453
2025-06-26 04:00:00+00:00,3347.89990234375,36.3650016784668,66.76000213623047,5.4475,97.50599670410156
2025-06-26 05:00:00+00:00,3348.39990234375,36.28499984741211,66.73999786376953,5.4575,97.45800018310547
2025-06-26 06:00:00+00:00,3353.199951171875,36.334999084472656,67.01000213623047,5.445,97.3290023803711
2025-06-26 07:00:00+00:00,3359.39990234375,36.36000061035156,66.63999938964844,5.43,97.23699951171875
2025-06-26 08:00:00+00:00,3361.800048828125,36.709999084472656,66.4000015258789,5.4575,97.0999984741211
2025-06-26 09:00:00+00:00,3353.800048828125,36.60499954223633,66.58000183105469,5.465,97.14900207519531
2025-06-26 10:00:00+00:00,3355.89990234375,36.529998779296875,66.8499984741211,5.445,97.22000122070312
2025-06-26 11:00:00+00:00,3346.39990234375,36.529998779296875,66.86000061035156,5.42,97.36799621582031
2025-06-26 12:00:00+00:00,3338.300048828125,36.290000915527344,66.55999755859375,5.435,97.26200103759766
2025-06-26 13:00:00+00:00,3337.89990234375,36.380001068115234,67.0,5.4125,97.16899871826172
2025-06-26 14:00:00+00:00,3330.199951171875,36.435001373291016,67.47000122070312,5.41,97.2490005493164
2025-06-26 15:00:00+00:00,3337.60009765625,36.54499816894531,67.26000213623047,5.39,97.1780014038086
2025-06-26 16:00:00+00:00,3344.699951171875,36.560001373291016,67.44999694824219,5.3675,97.09500122070312
2025-06-26 17:00:00+00:00,3346.300048828125,36.540000915527344,66.86000061035156,5.375,97.11699676513672
2025-06-26 18:00:00+00:00,3346.89990234375,36.52000045776367,66.69000244140625,5.3675,97.14700317382812
2025-06-26 19:00:00+00:00,3345.0,36.58000183105469,66.9000015258789,5.3675,97.26499938964844
2025-06-26 20:00:00+00:00,3341.60009765625,36.54999923706055,66.68000030517578,5.3675,97.2969970703125
2025-06-26 21:00:00+00:00,3341.60009765625,36.54999923706055,66.68000030517578,5.3675,97.30500030517578
2025-06-26 22:00:00+00:00,3335.0,36.53499984741211,66.80000305175781,5.3675,97.3499984741211
2025-06-26 23:00:00+00:00,3331.800048828125,36.505001068115234,66.83000183105469,5.3675,97.37100219726562
2025-06-27 00:00:00+00:00,3331.699951171875,36.48500061035156,66.88999938964844,5.4075,97.38400268554688
2025-06-27 01:00:00+00:00,3329.10009765625,36.525001525878906,67.0999984741211,5.4025,97.28700256347656
2025-06-27 02:00:00+00:00,3321.199951171875,36.595001220703125,67.12000274658203,5.39,97.28700256347656
2025-06-27 03:00:00+00:00,3306.800048828125,36.32500076293945,67.0199966430664,5.3875,97.3290023803711
2025-06-27 04:00:00+00:00,3306.300048828125,36.3650016784668,67.11000061035156,5.3875,97.41500091552734
2025-06-27 05:00:00+00:00,3309.800048828125,36.474998474121094,67.12000274658203,5.3975,97.37799835205078
2025-06-27 06:00:00+00:00,3307.0,36.36000061035156,67.05000305175781,5.4125,97.16999816894531
2025-06-27 07:00:00+00:00,3296.199951171875,36.279998779296875,67.05000305175781,5.4325,97.21399688720703
2025-06-27 08:00:00+00:00,3301.300048828125,36.23500061035156,67.22000122070312,5.4325,97.21700286865234
2025-06-27 09:00:00+00:00,3294.60009765625,36.084999084472656,67.06999969482422,5.425,97.23999786376953
2025-06-27 10:00:00+00:00,3297.39990234375,36.19499969482422,66.72000122070312,5.4375,97.24400329589844
2025-06-27 11:00:00+00:00,3292.89990234375,36.23500061035156,67.0999984741211,5.4125,97.2249984741211
2025-06-27 12:00:00+00:00,3281.300048828125,36.18000030517578,66.91000366210938,5.4175,97.04100036621094
2025-06-27 13:00:00+00:00,3286.300048828125,36.22999954223633,67.12000274658203,5.41,97.18900299072266
2025-06-27 14:00:00+00:00,3284.300048828125,36.31999969482422,67.05000305175781,5.4075,97.27100372314453
2025-06-27 15:00:00+00:00,3286.300048828125,36.32500076293945,66.5199966430664,5.3925,97.22899627685547
2025-06-27 16:00:00+00:00,3289.39990234375,36.375,66.55999755859375,5.4175,97.24199676513672
2025-06-27 17:00:00+00:00,3289.699951171875,36.32500076293945,66.86000061035156,5.425,97.41200256347656
2025-06-27 18:00:00+00:00,3288.0,36.209999084472656,66.62999725341797,5.4125,97.4010009765625
2025-06-27 19:00:00+00:00,3282.699951171875,36.10499954223633,66.47000122070312,5.4125,97.35099792480469
2025-06-27 20:00:00+00:00,3286.10009765625,36.165000915527344,66.38999938964844,5.4125,97.25399780273438
2025-06-29 22:00:00+00:00,3274.699951171875,35.93000030517578,66.1500015258789,5.4125,97.1760025024414
2025-06-29 23:00:00+00:00,3274.5,35.939998626708984,66.19999694824219,5.4125,97.19599914550781
2025-06-30 00:00:00+00:00,3275.300048828125,36.060001373291016,66.04000091552734,5.4175,97.2699966430664
2025-06-30 01:00:00+00:00,3285.199951171875,36.15999984741211,66.19000244140625,5.4125,97.22699737548828
2025-06-30 02:00:00+00:00,3291.60009765625,36.255001068115234,66.61000061035156,5.3975,97.21299743652344
2025-06-30 03:00:00+00:00,3289.199951171875,36.29999923706055,66.55000305175781,5.3975,97.24500274658203
2025-06-30 04:00:00+00:00,3296.800048828125,36.35499954223633,66.63999938964844,5.4,97.11000061035156
2025-06-30 05:00:00+00:00,3299.60009765625,36.369998931884766,66.83999633789062,5.4,97.12300109863281
2025-06-30 06:00:00+00:00,3303.0,36.435001373291016,66.51000213623047,5.41,97.01599884033203
2025-06-30 07:00:00+00:00,3304.0,36.34000015258789,66.58999633789062,5.3725,97.18299865722656
2025-06-30 08:00:00+00:00,3300.60009765625,36.36000061035156,66.87999725341797,5.3975,97.16400146484375
2025-06-30 09:00:00+00:00,3299.300048828125,36.29999923706055,66.69999694824219,5.3825,97.23699951171875
2025-06-30 10:00:00+00:00,3295.300048828125,36.244998931884766,66.66000366210938,5.3875,97.19100189208984
2025-06-30 11:00:00+00:00,3289.199951171875,36.125,66.72000122070312,5.3825,97.20899963378906
2025-06-30 12:00:00+00:00,3293.60009765625,36.209999084472656,66.7699966430664,5.375,97.28500366210938
2025-06-30 13:00:00+00:00,3296.699951171875,36.25,66.80000305175781,5.4325,97.24500274658203
2025-06-30 14:00:00+00:00,3299.39990234375,36.185001373291016,66.41000366210938,5.43,97.13500213623047
2025-06-30 15:00:00+00:00,3301.699951171875,36.18000030517578,66.47000122070312,5.4275,96.90599822998047
2025-06-30 16:00:00+00:00,3309.10009765625,36.22999954223633,66.75,5.385,96.9530029296875
2025-06-30 17:00:00+00:00,3305.800048828125,36.16999816894531,66.56999969482422,5.415,96.95099639892578
2025-06-30 18:00:00+00:00,3310.5,36.26499938964844,66.62000274658203,5.375,96.875
2025-06-30 19:00:00+00:00,3320.5,36.32500076293945,66.62999725341797,5.375,96.8270034790039
2025-06-30 20:00:00+00:00,3315.0,36.33000183105469,66.55999755859375,5.375,96.7750015258789
2025-06-30 21:00:00+00:00,3315.0,36.33000183105469,66.55999755859375,5.375,96.80500030517578
2025-06-30 22:00:00+00:00,3323.0,36.33000183105469,66.62999725341797,5.375,96.78500366210938
2025-06-30 23:00:00+00:00,3324.39990234375,36.369998931884766,66.54000091552734,5.375,96.75800323486328
2025-07-01 00:00:00+00:00,3326.800048828125,36.35499954223633,66.55999755859375,5.365,96.66699981689453
2025-07-01 01:00:00+00:00,3328.89990234375,36.154998779296875,66.44000244140625,5.3575,96.80000305175781
2025-07-01 02:00:00+00:00,3327.5,36.130001068115234,66.41999816894531,5.3875,96.73999786376953
2025-07-01 03:00:00+00:00,3332.10009765625,36.2599983215332,66.4000015258789,5.385,96.7490005493164
2025-07-01 04:00:00+00:00,3335.10009765625,36.415000915527344,66.44000244140625,5.3975,96.74500274658203
2025-07-01 05:00:00+00:00,3339.800048828125,36.36000061035156,66.52999877929688,5.4,96.72200012207031
2025-07-01 06:00:00+00:00,3342.800048828125,36.494998931884766,66.87999725341797,5.4075,96.76899719238281
2025-07-01 07:00:00+00:00,3351.199951171875,36.47999954223633,66.77999877929688,5.3875,96.64299774169922
2025-07-01 08:00:00+00:00,3351.39990234375,36.55500030517578,66.72000122070312,5.38,96.53199768066406
2025-07-01 09:00:00+00:00,3357.5,36.76499938964844,66.56999969482422,5.395,96.4729995727539
2025-07-01 10:00:00+00:00,3360.60009765625,36.75,67.37000274658203,5.4075,96.49400329589844
2025-07-01 11:00:00+00:00,3361.0,36.665000915527344,67.23999786376953,5.4425,96.48500061035156
2025-07-01 12:00:00+00:00,3366.60009765625,36.529998779296875,67.36000061035156,5.43,96.60600280761719
2025-07-01 13:00:00+00:00,3363.800048828125,36.58000183105469,66.94999694824219,5.495,96.61199951171875
2025-07-01 14:00:00+00:00,3357.800048828125,36.560001373291016,66.79000091552734,5.45,96.80799865722656
2025-07-01 15:00:00+00:00,3352.10009765625,36.43000030517578,67.19999694824219,5.4525,96.8479995727539
2025-07-01 16:00:00+00:00,3354.0,36.40999984741211,67.22000122070312,5.4625,96.9209976196289
2025-07-01 17:00:00+00:00,3352.0,36.380001068115234,67.12000274658203,5.475,96.7979965209961
2025-07-01 18:00:00+00:00,3350.199951171875,36.34000015258789,67.23999786376953,5.4975,96.81900024414062
2025-07-01 19:00:00+00:00,3349.60009765625,36.22999954223633,67.3499984741211,5.4975,96.76399993896484
2025-07-01 20:00:00+00:00,3349.89990234375,36.244998931884766,67.19999694824219,5.4975,96.64299774169922
2025-07-01 21:00:00+00:00,3349.89990234375,36.244998931884766,67.19999694824219,5.4975,96.65499877929688
2025-07-01 22:00:00+00:00,3352.0,36.27000045776367,67.18000030517578,5.4975,96.6520004272461
2025-07-01 23:00:00+00:00,3348.60009765625,36.275001525878906,67.0999984741211,5.4975,96.64099884033203
2025-07-02 00:00:00+00:00,3348.89990234375,36.28499984741211,67.1500015258789,5.475,96.63400268554688
2025-07-02 01:00:00+00:00,3342.0,36.25,67.1500015258789,5.4775,96.73899841308594
2025-07-02 02:00:00+00:00,3346.800048828125,36.35499954223633,67.18000030517578,5.4825,96.68399810791016
2025-07-02 03:00:00+00:00,3349.699951171875,36.19499969482422,67.1500015258789,5.475,96.68299865722656
2025-07-02 04:00:00+00:00,3349.800048828125,36.310001373291016,67.16999816894531,5.475,96.70700073242188
2025-07-02 05:00:00+00:00,3348.800048828125,36.275001525878906,67.2300033569336,5.48,96.78700256347656
2025-07-02 06:00:00+00:00,3343.300048828125,36.189998626708984,67.02999877929688,5.47,96.83399963378906
2025-07-02 07:00:00+00:00,3344.800048828125,36.279998779296875,67.41000366210938,5.48,96.89800262451172
2025-07-02 08:00:00+00:00,3343.800048828125,36.30500030517578,67.41000366210938,5.485,96.9010009765625
2025-07-02 09:00:00+00:00,3351.60009765625,36.43000030517578,67.62000274658203,5.5,96.95700073242188
2025-07-02 10:00:00+00:00,3354.89990234375,36.5099983215332,67.9000015258789,5.505,96.93199920654297
2025-07-02 11:00:00+00:00,3352.60009765625,36.45000076293945,67.97000122070312,5.4675,97.08799743652344
2025-07-02 12:00:00+00:00,3357.39990234375,36.38999938964844,67.76000213623047,5.4575,97.0770034790039
2025-07-02 13:00:00+00:00,3347.60009765625,36.474998474121094,67.44000244140625,5.5375,97.0979995727539
2025-07-02 14:00:00+00:00,3354.10009765625,36.6349983215332,67.48999786376953,5.5325,97.052001953125
2025-07-02 15:00:00+00:00,3351.5,36.67499923706055,68.20999908447266,5.5575,96.87899780273438
2025-07-02 16:00:00+00:00,3359.5,36.689998626708984,68.48999786376953,5.605,96.85600280761719
2025-07-02 17:00:00+00:00,3360.199951171875,36.73500061035156,69.12999725341797,5.63,96.80699920654297
2025-07-02 18:00:00+00:00,3365.5,36.744998931884766,68.94999694824219,5.65,96.7760009765625
2025-07-02 19:00:00+00:00,3368.5,36.80500030517578,68.87999725341797,5.65,96.7509994506836
2025-07-02 20:00:00+00:00,3368.699951171875,36.790000915527344,69.12999725341797,5.65,96.77899932861328
2025-07-02 21:00:00+00:00,3368.699951171875,36.790000915527344,69.12999725341797,5.65,96.77100372314453
2025-07-02 22:00:00+00:00,3372.89990234375,36.81999969482422,68.97000122070312,5.65,96.77300262451172
2025-07-02 23:00:00+00:00,3360.300048828125,36.66999816894531,68.86000061035156,5.65,96.7509994506836
2025-07-03 00:00:00+00:00,3355.60009765625,36.650001525878906,68.81999969482422,5.67,96.71700286865234
2025-07-03 01:00:00+00:00,3356.699951171875,36.654998779296875,68.51000213623047,5.625,96.72599792480469
2025-07-03 02:00:00+00:00,3362.10009765625,36.65999984741211,68.52999877929688,5.6325,96.78900146484375
2025-07-03 03:00:00+00:00,3358.800048828125,36.599998474121094,68.62000274658203,5.6275,96.83999633789062
2025-07-03 13:30:00+00:00,3342.39990234375,37.025001525878906,68.83999633789062,5.645,96.98200225830078
2025-07-03 14:30:00+00:00,3333.800048828125,36.88999938964844,68.68000030517578,5.635,97.14800262451172
2025-07-03 15:30:00+00:00,3338.300048828125,37.040000915527344,68.75,5.615,97.10099792480469
2025-07-03 16:30:00+00:00,3344.10009765625,37.064998626708984,68.63999938964844,5.6225,97.13600158691406
2025-07-04 04:00:00+00:00,3351.10009765625,37.064998626708984,68.66000366210938,5.6225,96.91400146484375
2025-07-04 05:00:00+00:00,3348.89990234375,37.05500030517578,68.62000274658203,5.6225,96.88500213623047
2025-07-04 06:00:00+00:00,3352.10009765625,37.040000915527344,68.44000244140625,5.6225,96.88400268554688
2025-07-04 07:00:00+00:00,3352.699951171875,37.03499984741211,68.68000030517578,5.6225,96.99800109863281
2025-07-04 08:00:00+00:00,3352.5,37.040000915527344,68.2699966430664,5.6225,96.95800018310547
2025-07-04 09:00:00+00:00,3344.800048828125,36.9900016784668,68.0199966430664,5.6225,96.93699645996094
2025-07-04 10:00:00+00:00,3347.10009765625,37.07500076293945,68.2300033569336,5.6225,96.95600128173828
2025-07-04 11:00:00+00:00,3344.60009765625,37.064998626708984,68.26000213623047,5.6225,97.00499725341797
2025-07-04 12:00:00+00:00,3343.699951171875,37.04999923706055,68.20999908447266,5.6225,97.04100036621094
2025-07-04 13:00:00+00:00,3343.800048828125,37.10499954223633,68.16000366210938,5.6225,96.95999908447266
2025-07-04 14:00:00+00:00,3343.300048828125,37.09000015258789,68.30999755859375,5.6225,96.98699951171875
2025-07-04 15:00:00+00:00,3342.699951171875,37.119998931884766,68.22000122070312,5.6225,96.97899627685547
2025-07-04 16:00:00+00:00,3346.5,37.1349983215332,68.29000091552734,5.6225,96.9990005493164
2025-07-04 17:00:00+00:00,3346.5,37.1349983215332,68.29000091552734,5.6225,96.99099731445312
2025-07-04 18:00:00+00:00,3346.5,37.1349983215332,68.29000091552734,5.6225,96.96499633789062
2025-07-04 19:00:00+00:00,3346.5,37.1349983215332,68.29000091552734,5.6225,97.00700378417969
2025-07-04 20:00:00+00:00,3346.5,37.1349983215332,68.29000091552734,5.6225,96.98600006103516
2025-07-06 22:00:00+00:00,3343.300048828125,37.33000183105469,67.91999816894531,5.6225,96.96700286865234
2025-07-06 23:00:00+00:00,3337.800048828125,37.23500061035156,67.69999694824219,5.6225,96.96800231933594
2025-07-07 00:00:00+00:00,3335.699951171875,37.21500015258789,67.68000030517578,5.4775,96.96099853515625
2025-07-07 01:00:00+00:00,3325.300048828125,37.10499954223633,67.63999938964844,5.4625,97.03700256347656
2025-07-07 02:00:00+00:00,3317.89990234375,36.98500061035156,67.80000305175781,5.4575,97.09600067138672
2025-07-07 03:00:00+00:00,3320.199951171875,36.974998474121094,67.7699966430664,5.455,97.09200286865234
2025-07-07 04:00:00+00:00,3316.300048828125,36.689998626708984,67.98999786376953,5.4525,97.13800048828125
2025-07-07 05:00:00+00:00,3322.300048828125,36.79999923706055,68.0,5.4425,97.10700225830078
2025-07-07 06:00:00+00:00,3318.89990234375,36.77000045776367,68.1500015258789,5.4275,97.19300079345703
2025-07-07 07:00:00+00:00,3311.199951171875,36.665000915527344,68.29000091552734,5.4225,97.26000213623047
2025-07-07 08:00:00+00:00,3319.39990234375,36.775001525878906,68.62999725341797,5.435,97.41999816894531
2025-07-07 09:00:00+00:00,3318.10009765625,36.79499816894531,68.81999969482422,5.4425,97.3550033569336
2025-07-07 10:00:00+00:00,3310.89990234375,36.40999984741211,68.66999816894531,5.4475,97.38099670410156
2025-07-07 11:00:00+00:00,3310.89990234375,36.40999984741211,68.69000244140625,5.465,97.36100006103516
2025-07-07 12:00:00+00:00,3318.39990234375,36.505001068115234,68.83000183105469,5.445,97.40899658203125
2025-07-07 13:00:00+00:00,3326.0,36.779998779296875,68.94000244140625,5.4275,97.3280029296875
2025-07-07 14:00:00+00:00,3327.800048828125,36.775001525878906,69.16000366210938,5.4625,97.31099700927734
2025-07-07 15:00:00+00:00,3330.60009765625,36.875,69.22000122070312,5.4775,97.34500122070312
2025-07-07 16:00:00+00:00,3337.300048828125,36.84000015258789,69.38999938964844,5.48,97.62899780273438
2025-07-07 17:00:00+00:00,3341.699951171875,36.904998779296875,69.18000030517578,5.475,97.5510025024414
2025-07-07 18:00:00+00:00,3344.10009765625,36.94499969482422,69.70999908447266,5.4875,97.4800033569336
2025-07-07 19:00:00+00:00,3347.10009765625,36.96500015258789,69.61000061035156,5.4875,97.47200012207031
2025-07-07 20:00:00+00:00,3346.39990234375,36.939998626708984,69.54000091552734,5.4875,97.5530014038086
2025-07-07 21:00:00+00:00,3346.39990234375,36.939998626708984,69.54000091552734,5.4875,97.53900146484375
2025-07-07 22:00:00+00:00,3349.5,36.970001220703125,69.41999816894531,5.4875,97.51699829101562
2025-07-07 23:00:00+00:00,3344.39990234375,36.98500061035156,69.44999694824219,5.4875,97.35199737548828
2025-07-08 00:00:00+00:00,3344.199951171875,36.95500183105469,69.2699966430664,5.46,97.33399963378906
2025-07-08 01:00:00+00:00,3344.800048828125,37.0099983215332,69.30000305175781,5.46,97.375
2025-07-08 02:00:00+00:00,3344.60009765625,37.029998779296875,69.33000183105469,5.4575,97.3499984741211
2025-07-08 03:00:00+00:00,3341.60009765625,37.005001068115234,69.27999877929688,5.4725,97.29900360107422
2025-07-08 04:00:00+00:00,3339.39990234375,36.974998474121094,69.25,5.4625,97.3219985961914
2025-07-08 05:00:00+00:00,3344.10009765625,37.05500030517578,69.38999938964844,5.445,97.37200164794922
2025-07-08 06:00:00+00:00,3345.699951171875,37.03499984741211,69.22000122070312,5.445,97.34600067138672
2025-07-08 07:00:00+00:00,3343.89990234375,37.060001373291016,69.23999786376953,5.43,97.21099853515625
2025-07-08 08:00:00+00:00,3333.0,36.935001373291016,69.16999816894531,5.43,97.30799865722656
2025-07-08 09:00:00+00:00,3331.300048828125,36.8650016784668,69.16000366210938,5.47,97.36900329589844
2025-07-08 10:00:00+00:00,3333.800048828125,36.9900016784668,69.54000091552734,5.46,97.4800033569336
2025-07-08 11:00:00+00:00,3334.39990234375,36.880001068115234,69.58000183105469,5.4525,97.53399658203125
2025-07-08 12:00:00+00:00,3337.5,36.92499923706055,69.63999938964844,5.445,97.54399871826172
2025-07-08 13:00:00+00:00,3324.60009765625,36.720001220703125,69.56999969482422,5.4525,97.66500091552734
2025-07-08 14:00:00+00:00,3305.10009765625,36.55500030517578,69.87999725341797,5.4625,97.76699829101562
2025-07-08 15:00:00+00:00,3307.0,36.57500076293945,70.19000244140625,5.47,97.6520004272461
2025-07-08 16:00:00+00:00,3309.0,36.69499969482422,70.45999908447266,5.4725,97.63099670410156
2025-07-08 17:00:00+00:00,3315.10009765625,36.834999084472656,70.36000061035156,5.4725,97.52899932861328
2025-07-08 18:00:00+00:00,3313.89990234375,36.869998931884766,70.18000030517578,5.4775,97.51599884033203
2025-07-08 19:00:00+00:00,3312.699951171875,36.85499954223633,70.12000274658203,5.4775,97.5270004272461
2025-07-08 20:00:00+00:00,3311.0,36.92499923706055,70.02999877929688,5.4775,97.49500274658203
2025-07-08 21:00:00+00:00,3311.0,36.92499923706055,70.02999877929688,5.4775,97.51499938964844
2025-07-08 22:00:00+00:00,3310.0,36.90999984741211,69.93000030517578,5.4775,97.51000213623047
2025-07-08 23:00:00+00:00,3310.39990234375,36.7400016784668,69.91000366210938,5.4775,97.5469970703125
2025-07-09 00:00:00+00:00,3315.89990234375,36.83000183105469,69.98999786376953,5.5,97.53299713134766
2025-07-09 01:00:00+00:00,3310.89990234375,36.814998626708984,70.0,5.5025,97.56300354003906
2025-07-09 02:00:00+00:00,3297.0,36.75,69.97000122070312,5.495,97.64600372314453
2025-07-09 03:00:00+00:00,3301.39990234375,36.78499984741211,70.08999633789062,5.5,97.69200134277344
2025-07-09 04:00:00+00:00,3302.10009765625,36.80500030517578,70.0199966430664,5.4975,97.62899780273438
2025-07-09 05:00:00+00:00,3297.699951171875,36.8849983215332,69.98999786376953,5.4925,97.59600067138672
2025-07-09 06:00:00+00:00,3300.699951171875,36.790000915527344,70.04000091552734,5.4825,97.51300048828125
2025-07-09 07:00:00+00:00,3300.0,36.72999954223633,70.45999908447266,5.4725,97.63099670410156
2025-07-09 08:00:00+00:00,3292.699951171875,36.689998626708984,70.68000030517578,5.5025,97.57499694824219
2025-07-09 09:00:00+00:00,3297.10009765625,36.810001373291016,70.41000366210938,5.5,97.56600189208984
2025-07-09 10:00:00+00:00,3303.60009765625,36.79999923706055,70.27999877929688,5.495,97.6500015258789
2025-07-09 11:00:00+00:00,3292.800048828125,36.70000076293945,70.31999969482422,5.465,97.74299621582031
2025-07-09 12:00:00+00:00,3305.0,36.625,70.16999816894531,5.465,97.54199981689453
2025-07-09 13:00:00+00:00,3310.89990234375,36.64500045776367,69.80999755859375,5.4375,97.61499786376953
2025-07-09 14:00:00+00:00,3321.0,36.6349983215332,70.1500015258789,5.4675,97.55899810791016
2025-07-09 15:00:00+00:00,3318.39990234375,36.68000030517578,70.43000030517578,5.48,97.61599731445312
2025-07-09 16:00:00+00:00,3320.699951171875,36.67499923706055,70.48999786376953,5.495,97.60600280761719
2025-07-09 17:00:00+00:00,3318.199951171875,36.54999923706055,70.43000030517578,5.4675,97.5790023803711
2025-07-09 18:00:00+00:00,3319.699951171875,36.57500076293945,70.08999633789062,5.475,97.55500030517578
2025-07-09 19:00:00+00:00,3324.300048828125,36.57500076293945,70.11000061035156,5.475,97.50700378417969
2025-07-09 20:00:00+00:00,3322.5,36.60499954223633,70.12999725341797,5.475,97.5
2025-07-09 21:00:00+00:00,3322.5,36.60499954223633,70.12999725341797,5.475,97.49099731445312
2025-07-09 22:00:00+00:00,3327.5,36.625,70.08999633789062,5.475,97.47000122070312
2025-07-09 23:00:00+00:00,3325.39990234375,36.630001068115234,70.04000091552734,5.475,97.37999725341797
2025-07-10 00:00:00+00:00,3325.60009765625,36.6349983215332,69.97000122070312,5.4275,97.30699920654297
2025-07-10 01:00:00+00:00,3330.5,36.65999984741211,70.08999633789062,5.4225,97.33499908447266
2025-07-10 02:00:00+00:00,3327.60009765625,36.67499923706055,70.1500015258789,5.4275,97.36199951171875
2025-07-10 03:00:00+00:00,3324.39990234375,36.689998626708984,70.18000030517578,5.43,97.40699768066406
2025-07-10 04:00:00+00:00,3330.39990234375,36.73500061035156,70.33000183105469,5.425,97.4020004272461
2025-07-10 05:00:00+00:00,3329.699951171875,36.71500015258789,70.23999786376953,5.4275,97.38300323486328
2025-07-10 06:00:00+00:00,3333.699951171875,36.810001373291016,70.23999786376953,5.445,97.39700317382812
2025-07-10 07:00:00+00:00,3329.39990234375,36.790000915527344,70.13999938964844,5.445,97.40799713134766
2025-07-10 08:00:00+00:00,3337.199951171875,36.869998931884766,69.94000244140625,5.4775,97.44999694824219
2025-07-10 09:00:00+00:00,3335.199951171875,36.875,69.95999908447266,5.51,97.41600036621094
2025-07-10 10:00:00+00:00,3334.199951171875,37.05500030517578,70.01000213623047,5.53,97.42500305175781
2025-07-10 11:00:00+00:00,3329.199951171875,36.95000076293945,69.54000091552734,5.5125,97.55500030517578
2025-07-10 12:00:00+00:00,3332.89990234375,37.08000183105469,69.69000244140625,5.525,97.625
2025-07-10 13:00:00+00:00,3322.10009765625,36.91999816894531,68.91000366210938,5.5225,97.72799682617188
2025-07-10 14:00:00+00:00,3323.699951171875,37.005001068115234,69.05000305175781,5.4875,97.7750015258789
2025-07-10 15:00:00+00:00,3329.800048828125,37.290000915527344,68.66000366210938,5.505,97.71199798583984
2025-07-10 16:00:00+00:00,3324.199951171875,37.255001068115234,68.79000091552734,5.545,97.72899627685547
2025-07-10 17:00:00+00:00,3326.39990234375,37.310001373291016,68.7300033569336,5.55,97.68299865722656
2025-07-10 18:00:00+00:00,3330.300048828125,37.494998931884766,68.87999725341797,5.545,97.6520004272461
2025-07-10 19:00:00+00:00,3334.0,37.68000030517578,68.87000274658203,5.545,97.62100219726562
2025-07-10 20:00:00+00:00,3333.0,37.625,68.86000061035156,5.545,97.58799743652344
2025-07-10 21:00:00+00:00,3333.0,37.625,68.86000061035156,5.545,97.5780029296875
2025-07-10 22:00:00+00:00,3333.39990234375,37.779998779296875,68.87000274658203,5.545,97.5790023803711
2025-07-10 23:00:00+00:00,3333.699951171875,37.790000915527344,68.77999877929688,5.545,97.58399963378906
2025-07-11 00:00:00+00:00,3343.5,37.6150016784668,68.66000366210938,5.52,97.79399871826172
2025-07-11 01:00:00+00:00,3340.0,37.70500183105469,69.08999633789062,5.53,97.81099700927734
2025-07-11 02:00:00+00:00,3343.39990234375,37.76499938964844,68.8499984741211,5.545,97.86699676513672
2025-07-11 03:00:00+00:00,3344.800048828125,37.78499984741211,68.87000274658203,5.5475,97.78700256347656
2025-07-11 04:00:00+00:00,3342.300048828125,37.78499984741211,68.70999908447266,5.5525,97.83799743652344
2025-07-11 05:00:00+00:00,3346.199951171875,38.10499954223633,68.86000061035156,5.55,97.802001953125
2025-07-11 06:00:00+00:00,3343.0,37.95500183105469,69.08000183105469,5.535,97.86000061035156
2025-07-11 07:00:00+00:00,3352.10009765625,38.2400016784668,68.81999969482422,5.545,97.76399993896484
2025-07-11 08:00:00+00:00,3342.5,38.279998779296875,68.62999725341797,5.53,97.8280029296875
2025-07-11 09:00:00+00:00,3350.300048828125,38.404998779296875,68.7699966430664,5.5125,97.7509994506836
2025-07-11 10:00:00+00:00,3355.89990234375,38.33000183105469,68.9800033569336,5.52,97.75
2025-07-11 11:00:00+00:00,3358.699951171875,38.42499923706055,69.47000122070312,5.525,97.8239974975586
2025-07-11 12:00:00+00:00,3367.0,38.39500045776367,69.27999877929688,5.515,97.80400085449219
2025-07-11 13:00:00+00:00,3363.5,38.494998931884766,69.69000244140625,5.4925,97.85199737548828
2025-07-11 14:00:00+00:00,3374.10009765625,38.77000045776367,70.16000366210938,5.52,97.83100128173828
2025-07-11 15:00:00+00:00,3374.5,38.814998626708984,70.4800033569336,5.55,97.8030014038086
2025-07-11 16:00:00+00:00,3368.39990234375,38.970001220703125,70.23999786376953,5.4875,97.8290023803711
2025-07-11 17:00:00+00:00,3367.39990234375,39.02000045776367,70.45999908447266,5.445,97.81700134277344
2025-07-11 18:00:00+00:00,3370.39990234375,39.150001525878906,70.5199966430664,5.45,97.85299682617188
2025-07-11 19:00:00+00:00,3371.60009765625,39.185001373291016,70.58000183105469,5.45,97.86499786376953
2025-07-11 20:00:00+00:00,3370.60009765625,39.07500076293945,70.69000244140625,5.45,97.86900329589844
2025-07-13 22:00:00+00:00,3370.60009765625,39.07500076293945,70.69000244140625,5.45,98.01799774169922
2025-07-13 23:00:00+00:00,3370.60009765625,39.07500076293945,70.69000244140625,5.45,97.89299774169922
2025-07-14 00:00:00+00:00,3370.60009765625,39.07500076293945,70.69000244140625,5.45,97.7969970703125
2025-07-14 01:00:00+00:00,3370.60009765625,39.07500076293945,70.69000244140625,5.45,97.87999725341797
2025-07-14 02:00:00+00:00,3370.60009765625,39.07500076293945,70.69000244140625,5.45,97.96700286865234
2025-07-14 03:00:00+00:00,3370.60009765625,39.07500076293945,70.69000244140625,5.45,97.9209976196289
2025-07-14 04:00:00+00:00,3373.89990234375,39.47999954223633,70.55999755859375,5.45,97.96900177001953
2025-07-14 05:00:00+00:00,3370.60009765625,39.43000030517578,70.48999786376953,5.45,98.00599670410156
2025-07-14 06:00:00+00:00,3381.699951171875,39.3650016784668,70.55000305175781,5.4575,98.03700256347656
2025-07-14 07:00:00+00:00,3382.699951171875,39.35499954223633,71.11000061035156,5.4625,97.89700317382812
2025-07-14 08:00:00+00:00,3376.800048828125,39.35499954223633,70.94999694824219,5.4975,97.9219970703125
2025-07-14 09:00:00+00:00,3381.89990234375,39.48500061035156,71.26000213623047,5.51,97.86699676513672
2025-07-14 10:00:00+00:00,3382.89990234375,39.380001068115234,71.33999633789062,5.485,97.8280029296875
2025-07-14 11:00:00+00:00,3374.39990234375,39.279998779296875,71.37999725341797,5.5125,97.87999725341797
2025-07-14 12:00:00+00:00,3358.60009765625,39.150001525878906,71.0199966430664,5.49,97.91500091552734
2025-07-14 13:00:00+00:00,3363.300048828125,39.095001220703125,70.26000213623047,5.4275,97.92400360107422
2025-07-14 14:00:00+00:00,3351.10009765625,38.625,70.05000305175781,5.4075,97.96099853515625
2025-07-14 15:00:00+00:00,3352.699951171875,38.619998931884766,69.45999908447266,5.4025,98.06500244140625
2025-07-14 16:00:00+00:00,3355.60009765625,38.76499938964844,69.52999877929688,5.3925,98.10700225830078
2025-07-14 17:00:00+00:00,3359.199951171875,38.65999984741211,69.16999816894531,5.415,98.11799621582031
2025-07-14 18:00:00+00:00,3357.800048828125,38.6349983215332,69.26000213623047,5.42,98.08100128173828
2025-07-14 19:00:00+00:00,3353.199951171875,38.415000915527344,69.16999816894531,5.42,98.08999633789062
2025-07-14 20:00:00+00:00,3352.10009765625,38.40999984741211,69.0199966430664,5.42,98.11399841308594
2025-07-14 21:00:00+00:00,3352.10009765625,38.40999984741211,69.0199966430664,5.42,98.11000061035156
2025-07-14 22:00:00+00:00,3354.0,38.48500061035156,69.18000030517578,5.42,98.10199737548828
2025-07-14 23:00:00+00:00,3354.199951171875,38.525001525878906,69.18000030517578,5.42,98.11799621582031
2025-07-15 00:00:00+00:00,3356.800048828125,38.51499938964844,69.0199966430664,5.4175,98.0469970703125
2025-07-15 01:00:00+00:00,3355.300048828125,38.584999084472656,69.06999969482422,5.425,98.08599853515625
2025-07-15 02:00:00+00:00,3359.5,38.474998474121094,68.95999908447266,5.43,98.04100036621094
2025-07-15 03:00:00+00:00,3366.800048828125,38.474998474121094,68.87999725341797,5.4325,98.04100036621094
2025-07-15 04:00:00+00:00,3369.5,38.540000915527344,68.8499984741211,5.43,98.03800201416016
2025-07-15 05:00:00+00:00,3371.300048828125,38.564998626708984,69.05000305175781,5.4375,97.96800231933594
2025-07-15 06:00:00+00:00,3367.0,38.60499954223633,68.81999969482422,5.415,98.02999877929688
2025-07-15 07:00:00+00:00,3372.89990234375,38.68000030517578,68.73999786376953,5.3975,97.9520034790039
2025-07-15 08:00:00+00:00,3369.5,38.560001373291016,68.91000366210938,5.395,97.96099853515625
2025-07-15 09:00:00+00:00,3372.39990234375,38.6150016784668,68.91999816894531,5.3925,97.97100067138672
2025-07-15 10:00:00+00:00,3370.60009765625,38.650001525878906,69.05000305175781,5.385,97.98100280761719
2025-07-15 11:00:00+00:00,3363.60009765625,38.619998931884766,69.2300033569336,5.3775,98.09200286865234
2025-07-15 12:00:00+00:00,3357.300048828125,38.505001068115234,69.12000274658203,5.3825,98.0270004272461
2025-07-15 13:00:00+00:00,3355.10009765625,38.290000915527344,69.01000213623047,5.4275,98.34500122070312
2025-07-15 14:00:00+00:00,3355.60009765625,38.2400016784668,69.01000213623047,5.4375,98.51799774169922
2025-07-15 15:00:00+00:00,3336.5,37.9900016784668,68.8499984741211,5.4125,98.51799774169922
2025-07-15 16:00:00+00:00,3336.5,38.02000045776367,68.61000061035156,5.3725,98.66999816894531
2025-07-15 17:00:00+00:00,3334.800048828125,38.099998474121094,68.69999694824219,5.365,98.66600036621094
2025-07-15 18:00:00+00:00,3335.39990234375,38.119998931884766,68.77999877929688,5.385,98.61599731445312
2025-07-15 19:00:00+00:00,3336.5,38.095001220703125,68.77999877929688,5.385,98.64099884033203
2025-07-15 20:00:00+00:00,3330.5,37.98500061035156,68.8499984741211,5.385,98.63500213623047
2025-07-15 21:00:00+00:00,3330.5,37.98500061035156,68.8499984741211,5.385,98.63400268554688
2025-07-15 22:00:00+00:00,3332.60009765625,38.06999969482422,68.94000244140625,5.385,98.63500213623047
2025-07-15 23:00:00+00:00,3337.699951171875,38.11000061035156,68.97000122070312,5.385,98.58300018310547
2025-07-16 00:00:00+00:00,3337.0,38.09000015258789,68.97000122070312,5.385,98.59200286865234
2025-07-16 01:00:00+00:00,3336.89990234375,38.10499954223633,69.05999755859375,5.3925,98.5510025024414
2025-07-16 02:00:00+00:00,3332.5,38.060001373291016,68.87999725341797,5.3875,98.59200286865234
2025-07-16 03:00:00+00:00,3341.300048828125,38.1349983215332,68.83000183105469,5.39,98.6050033569336
2025-07-16 04:00:00+00:00,3345.10009765625,38.154998779296875,68.86000061035156,5.39,98.53099822998047
2025-07-16 05:00:00+00:00,3344.5,38.1349983215332,68.87000274658203,5.4025,98.51000213623047
2025-07-16 06:00:00+00:00,3346.10009765625,38.185001373291016,68.94999694824219,5.41,98.44499969482422
2025-07-16 07:00:00+00:00,3344.60009765625,38.23500061035156,68.63999938964844,5.3975,98.54000091552734
2025-07-16 08:00:00+00:00,3348.800048828125,38.2599983215332,68.54000091552734,5.4,98.50800323486328
2025-07-16 09:00:00+00:00,3347.10009765625,38.30500030517578,68.44000244140625,5.3725,98.55799865722656
2025-07-16 10:00:00+00:00,3342.300048828125,38.16999816894531,68.33999633789062,5.3875,98.53299713134766
2025-07-16 11:00:00+00:00,3346.39990234375,38.255001068115234,67.9800033569336,5.3675,98.63700103759766
2025-07-16 12:00:00+00:00,3342.0,38.11000061035156,68.12999725341797,5.36,98.6520004272461
2025-07-16 13:00:00+00:00,3333.89990234375,37.95000076293945,67.94999694824219,5.3675,98.83599853515625
2025-07-16 14:00:00+00:00,3345.39990234375,38.025001525878906,67.9800033569336,5.38,98.6780014038086
2025-07-16 15:00:00+00:00,3350.39990234375,38.060001373291016,68.0999984741211,5.415,98.38700103759766
2025-07-16 16:00:00+00:00,3356.10009765625,38.03499984741211,68.44000244140625,5.405,98.31400299072266
2025-07-16 17:00:00+00:00,3362.10009765625,38.15999984741211,68.75,5.3975,98.2770004272461
2025-07-16 18:00:00+00:00,3357.39990234375,38.1150016784668,68.79000091552734,5.4225,98.39199829101562
2025-07-16 19:00:00+00:00,3354.300048828125,38.099998474121094,68.7699966430664,5.4225,98.31600189208984
2025-07-16 20:00:00+00:00,3354.199951171875,38.125,68.68000030517578,5.4225,98.29100036621094
2025-07-16 21:00:00+00:00,3354.199951171875,38.125,68.68000030517578,5.4225,98.30699920654297
2025-07-16 22:00:00+00:00,3355.39990234375,38.13999938964844,68.70999908447266,5.4225,98.27999877929688
2025-07-16 23:00:00+00:00,3352.0,38.11000061035156,68.7300033569336,5.4225,98.34300231933594
2025-07-17 00:00:00+00:00,3346.60009765625,38.07500076293945,68.91999816894531,5.4,98.45899963378906
2025-07-17 01:00:00+00:00,3350.199951171875,38.20500183105469,68.81999969482422,5.4175,98.42500305175781
2025-07-17 02:00:00+00:00,3347.300048828125,38.18000030517578,68.83999633789062,5.42,98.5199966430664
2025-07-17 03:00:00+00:00,3347.699951171875,38.25,68.93000030517578,5.4025,98.52100372314453
2025-07-17 04:00:00+00:00,3349.0,38.26499938964844,68.76000213623047,5.4025,98.47699737548828
2025-07-17 05:00:00+00:00,3345.39990234375,38.25,68.76000213623047,5.3925,98.5250015258789
2025-07-17 06:00:00+00:00,3341.300048828125,38.125,68.54000091552734,5.405,98.73999786376953
2025-07-17 07:00:00+00:00,3331.39990234375,37.9900016784668,68.4000015258789,5.3975,98.71299743652344
2025-07-17 08:00:00+00:00,3334.0,37.95000076293945,68.48999786376953,5.4025,98.62000274658203
2025-07-17 09:00:00+00:00,3331.199951171875,37.98500061035156,68.51000213623047,5.3875,98.70800018310547
2025-07-17 10:00:00+00:00,3331.0,37.95500183105469,68.69000244140625,5.3725,98.73100280761719
2025-07-17 11:00:00+00:00,3329.5,38.06999969482422,68.7300033569336,5.375,98.81099700927734
2025-07-17 12:00:00+00:00,3318.199951171875,37.78499984741211,68.62000274658203,5.3625,98.7249984741211
2025-07-17 13:00:00+00:00,3323.699951171875,37.95000076293945,68.62000274658203,5.3625,98.72000122070312
2025-07-17 14:00:00+00:00,3340.0,38.185001373291016,68.87999725341797,5.36,98.6989974975586
2025-07-17 15:00:00+00:00,3342.300048828125,38.27000045776367,69.0199966430664,5.3425,98.64399719238281
2025-07-17 16:00:00+00:00,3344.10009765625,38.244998931884766,69.3499984741211,5.3325,98.7229995727539
2025-07-17 17:00:00+00:00,3342.800048828125,38.35499954223633,69.19999694824219,5.33,98.73100280761719
2025-07-17 18:00:00+00:00,3343.800048828125,38.400001525878906,69.58000183105469,5.34,98.73400115966797
2025-07-17 19:00:00+00:00,3345.199951171875,38.45000076293945,69.55999755859375,5.34,98.63200378417969
2025-07-17 20:00:00+00:00,3345.39990234375,38.435001373291016,69.58999633789062,5.34,98.6500015258789
2025-07-17 21:00:00+00:00,3345.39990234375,38.435001373291016,69.58999633789062,5.34,98.63300323486328
2025-07-17 22:00:00+00:00,3349.10009765625,38.435001373291016,69.55000305175781,5.34,98.61599731445312
2025-07-17 23:00:00+00:00,3345.60009765625,38.41999816894531,69.51000213623047,5.34,98.50599670410156
2025-07-18 00:00:00+00:00,3345.199951171875,38.46500015258789,69.62000274658203,5.3525,98.46900177001953
2025-07-18 01:00:00+00:00,3343.0,38.474998474121094,69.5,5.3475,98.43699645996094
2025-07-18 02:00:00+00:00,3343.800048828125,38.54999923706055,69.48999786376953,5.3525,98.43199920654297
2025-07-18 03:00:00+00:00,3341.10009765625,38.494998931884766,69.45999908447266,5.365,98.48400115966797
2025-07-18 04:00:00+00:00,3342.699951171875,38.45500183105469,69.83999633789062,5.365,98.51399993896484
2025-07-18 05:00:00+00:00,3338.800048828125,38.40999984741211,69.70999908447266,5.3675,98.53900146484375
2025-07-18 06:00:00+00:00,3347.89990234375,38.720001220703125,70.0999984741211,5.3675,98.50299835205078
2025-07-18 07:00:00+00:00,3355.89990234375,38.70500183105469,69.7300033569336,5.37,98.447998046875
2025-07-18 08:00:00+00:00,3352.89990234375,38.64500045776367,69.9800033569336,5.4025,98.38500213623047
2025-07-18 09:00:00+00:00,3358.0,38.744998931884766,70.2699966430664,5.425,98.4010009765625
2025-07-18 10:00:00+00:00,3357.199951171875,38.654998779296875,69.98999786376953,5.4225,98.3280029296875
2025-07-18 11:00:00+00:00,3360.699951171875,38.73500061035156,70.41000366210938,5.4275,98.3010025024414
2025-07-18 12:00:00+00:00,3366.60009765625,38.76499938964844,70.33000183105469,5.4325,98.20700073242188
2025-07-18 13:00:00+00:00,3362.0,38.57500076293945,70.18000030517578,5.475,98.13200378417969
2025-07-18 14:00:00+00:00,3361.5,38.59000015258789,70.4000015258789,5.4625,98.28600311279297
2025-07-18 15:00:00+00:00,3360.39990234375,38.529998779296875,69.63999938964844,5.47,98.30999755859375
2025-07-18 16:00:00+00:00,3360.0,38.474998474121094,69.2699966430664,5.4875,98.43199920654297
2025-07-18 17:00:00+00:00,3358.5,38.53499984741211,69.19999694824219,5.47,98.44400024414062
2025-07-18 18:00:00+00:00,3357.39990234375,38.4900016784668,69.36000061035156,5.47,98.48200225830078
2025-07-18 19:00:00+00:00,3354.0,38.3849983215332,69.23999786376953,5.47,98.47699737548828
2025-07-18 20:00:00+00:00,3355.5,38.42499923706055,69.20999908447266,5.47,98.46399688720703
2025-07-20 22:00:00+00:00,3354.300048828125,38.40999984741211,69.47000122070312,5.47,98.44200134277344
2025-07-20 23:00:00+00:00,3355.199951171875,38.46500015258789,69.37999725341797,5.47,98.40599822998047
2025-07-21 00:00:00+00:00,3358.39990234375,38.525001525878906,69.41000366210938,5.47,98.4729995727539
2025-07-21 01:00:00+00:00,3362.800048828125,38.57500076293945,69.36000061035156,5.47,98.48600006103516
2025-07-21 02:00:00+00:00,3360.5,38.54499816894531,69.30000305175781,5.47,98.46099853515625
2025-07-21 03:00:00+00:00,3361.10009765625,38.53499984741211,69.38999938964844,5.47,98.44000244140625
2025-07-21 04:00:00+00:00,3364.10009765625,38.5,69.3499984741211,5.445,98.40499877929688
2025-07-21 05:00:00+00:00,3374.0,38.584999084472656,69.51000213623047,5.4575,98.36100006103516
2025-07-21 06:00:00+00:00,3375.60009765625,38.630001068115234,69.19000244140625,5.4575,98.26699829101562
2025-07-21 07:00:00+00:00,3372.10009765625,38.75,69.1500015258789,5.45,98.27400207519531
2025-07-21 08:00:00+00:00,3373.5,38.81999969482422,68.91000366210938,5.435,98.2509994506836
2025-07-21 09:00:00+00:00,3373.699951171875,38.834999084472656,69.05000305175781,5.475,98.23899841308594
2025-07-21 10:00:00+00:00,3373.10009765625,38.845001220703125,69.06999969482422,5.4675,98.20899963378906
2025-07-21 11:00:00+00:00,3383.10009765625,38.904998779296875,69.1500015258789,5.485,98.04100036621094
2025-07-21 12:00:00+00:00,3395.39990234375,38.83000183105469,68.93000030517578,5.4875,98.04499816894531
2025-07-21 13:00:00+00:00,3400.89990234375,39.22999954223633,68.70999908447266,5.455,98.0739974975586
2025-07-21 14:00:00+00:00,3413.699951171875,39.31999969482422,68.83999633789062,5.4225,97.83999633789062
2025-07-21 15:00:00+00:00,3411.10009765625,39.279998779296875,68.68000030517578,5.43,97.78399658203125
2025-07-21 16:00:00+00:00,3409.800048828125,39.349998474121094,68.75,5.4275,97.8010025024414
2025-07-21 17:00:00+00:00,3407.60009765625,39.334999084472656,69.16000366210938,5.43,97.87200164794922
2025-07-21 18:00:00+00:00,3408.199951171875,39.334999084472656,69.0199966430664,5.4175,97.85299682617188
2025-07-21 19:00:00+00:00,3409.800048828125,39.209999084472656,68.9800033569336,5.4175,97.88500213623047
2025-07-21 20:00:00+00:00,3410.300048828125,39.2400016784668,68.98999786376953,5.4175,97.84700012207031
2025-07-21 21:00:00+00:00,3410.300048828125,39.2400016784668,68.98999786376953,5.4175,97.85399627685547
2025-07-21 22:00:00+00:00,3412.89990234375,39.2599983215332,69.0999984741211,5.4175,97.8489990234375
2025-07-21 23:00:00+00:00,3410.89990234375,39.29499816894531,69.06999969482422,5.4175,97.84700012207031
2025-07-22 00:00:00+00:00,3407.89990234375,39.23500061035156,68.97000122070312,5.4,97.9010009765625
2025-07-22 01:00:00+00:00,3400.89990234375,39.11000061035156,68.66000366210938,5.395,97.91500091552734
2025-07-22 02:00:00+00:00,3405.699951171875,39.185001373291016,68.69999694824219,5.4,97.88600158691406
2025-07-22 03:00:00+00:00,3405.60009765625,39.17499923706055,68.66000366210938,5.3975,97.91999816894531
2025-07-22 04:00:00+00:00,3404.5,39.09000015258789,68.56999969482422,5.3925,97.91999816894531
2025-07-22 05:00:00+00:00,3399.5,39.095001220703125,68.7300033569336,5.3775,97.94599914550781
2025-07-22 06:00:00+00:00,3397.39990234375,39.19499969482422,68.91999816894531,5.3875,97.93699645996094
2025-07-22 07:00:00+00:00,3399.300048828125,39.150001525878906,68.4800033569336,5.3775,97.95500183105469
2025-07-22 08:00:00+00:00,3400.89990234375,39.17499923706055,68.51000213623047,5.37,97.85299682617188
2025-07-22 09:00:00+00:00,3396.300048828125,39.150001525878906,68.56999969482422,5.3875,97.79499816894531
2025-07-22 10:00:00+00:00,3396.39990234375,39.119998931884766,67.83999633789062,5.405,97.84100341796875
2025-07-22 11:00:00+00:00,3401.10009765625,39.244998931884766,68.51000213623047,5.405,97.7979965209961
2025-07-22 12:00:00+00:00,3419.300048828125,39.459999084472656,68.58999633789062,5.4325,97.83000183105469
2025-07-22 13:00:00+00:00,3423.10009765625,39.18000030517578,68.30999755859375,5.5125,97.71399688720703
2025-07-22 14:00:00+00:00,3440.0,39.459999084472656,68.26000213623047,5.4875,97.56500244140625
2025-07-22 15:00:00+00:00,3439.699951171875,39.53499984741211,68.43000030517578,5.505,97.38899993896484
2025-07-22 16:00:00+00:00,3446.300048828125,39.56999969482422,68.41000366210938,5.495,97.34400177001953
2025-07-22 17:00:00+00:00,3442.60009765625,39.529998779296875,68.4000015258789,5.4875,97.41300201416016
2025-07-22 18:00:00+00:00,3442.199951171875,39.52000045776367,68.79000091552734,5.495,97.39199829101562
2025-07-22 19:00:00+00:00,3443.89990234375,39.6150016784668,68.80000305175781,5.495,97.36499786376953
2025-07-22 20:00:00+00:00,3444.0,39.65999984741211,68.72000122070312,5.495,97.35900115966797
2025-07-22 21:00:00+00:00,3444.0,39.65999984741211,68.72000122070312,5.495,97.38700103759766
2025-07-22 22:00:00+00:00,3441.800048828125,39.65999984741211,68.79000091552734,5.495,97.39900207519531
2025-07-22 23:00:00+00:00,3439.39990234375,39.619998931884766,68.93000030517578,5.495,97.46399688720703
2025-07-23 00:00:00+00:00,3442.199951171875,39.60499954223633,68.94999694824219,5.5,97.37000274658203
2025-07-23 01:00:00+00:00,3435.10009765625,39.560001373291016,68.7699966430664,5.505,97.4489974975586
2025-07-23 02:00:00+00:00,3436.89990234375,39.59000015258789,68.7699966430664,5.5,97.49500274658203
2025-07-23 03:00:00+00:00,3437.5,39.65999984741211,68.77999877929688,5.5025,97.45999908447266
2025-07-23 04:00:00+00:00,3436.699951171875,39.665000915527344,68.80999755859375,5.4925,97.48699951171875
2025-07-23 05:00:00+00:00,3434.0,39.630001068115234,68.77999877929688,5.51,97.54299926757812
2025-07-23 06:00:00+00:00,3438.0,39.66999816894531,68.62000274658203,5.49,97.43199920654297
2025-07-23 07:00:00+00:00,3434.300048828125,39.54499816894531,68.5199966430664,5.5025,97.39299774169922
2025-07-23 08:00:00+00:00,3440.300048828125,39.73500061035156,68.4000015258789,5.495,97.44599914550781
2025-07-23 09:00:00+00:00,3444.199951171875,39.814998626708984,68.25,5.495,97.4000015258789
2025-07-23 10:00:00+00:00,3435.199951171875,39.724998474121094,67.38999938964844,5.505,97.45800018310547
2025-07-23 11:00:00+00:00,3440.5,39.755001068115234,67.37999725341797,5.4725,97.43699645996094
2025-07-23 12:00:00+00:00,3429.89990234375,39.81999969482422,68.29000091552734,5.47,97.4749984741211
2025-07-23 13:00:00+00:00,3422.699951171875,39.72999954223633,68.1500015258789,5.4475,97.48799896240234
2025-07-23 14:00:00+00:00,3422.89990234375,39.755001068115234,68.19000244140625,5.4375,97.42900085449219
2025-07-23 15:00:00+00:00,3406.300048828125,39.584999084472656,68.37999725341797,5.4275,97.36199951171875
2025-07-23 16:00:00+00:00,3396.199951171875,39.44499969482422,68.37999725341797,5.415,97.36599731445312
2025-07-23 17:00:00+00:00,3402.300048828125,39.5099983215332,68.44000244140625,5.4075,97.30599975585938
2025-07-23 18:00:00+00:00,3402.699951171875,39.58000183105469,68.63999938964844,5.41,97.21399688720703
2025-07-23 19:00:00+00:00,3400.39990234375,39.59000015258789,68.70999908447266,5.41,97.20500183105469
2025-07-23 20:00:00+00:00,3397.5,39.52000045776367,68.66999816894531,5.41,97.21499633789062
2025-07-23 21:00:00+00:00,3397.5,39.52000045776367,68.66999816894531,5.41,97.22699737548828
2025-07-23 22:00:00+00:00,3395.300048828125,39.55500030517578,68.69999694824219,5.41,97.20700073242188
2025-07-23 23:00:00+00:00,3397.10009765625,39.57500076293945,68.69999694824219,5.41,97.19599914550781
2025-07-24 00:00:00+00:00,3399.10009765625,39.57500076293945,68.73999786376953,5.4225,97.24299621582031
2025-07-24 01:00:00+00:00,3392.89990234375,39.375,68.69999694824219,5.4225,97.1449966430664
2025-07-24 02:00:00+00:00,3388.800048828125,39.34000015258789,68.68000030517578,5.43,97.1500015258789
2025-07-24 03:00:00+00:00,3388.800048828125,39.26499938964844,68.76000213623047,5.435,97.1510009765625
2025-07-24 04:00:00+00:00,3387.39990234375,39.279998779296875,68.83999633789062,5.4375,97.16400146484375
2025-07-24 05:00:00+00:00,3385.199951171875,39.279998779296875,68.66000366210938,5.4425,97.18000030517578
2025-07-24 06:00:00+00:00,3381.10009765625,39.38999938964844,69.11000061035156,5.4425,97.29199981689453
2025-07-24 07:00:00+00:00,3372.60009765625,39.29499816894531,68.94999694824219,5.44,97.29000091552734
2025-07-24 08:00:00+00:00,3374.5,39.334999084472656,69.06999969482422,5.4375,97.3280029296875
2025-07-24 09:00:00+00:00,3368.800048828125,39.33000183105469,69.36000061035156,5.4525,97.36900329589844
2025-07-24 10:00:00+00:00,3368.699951171875,39.29999923706055,69.11000061035156,5.425,97.39700317382812
2025-07-24 11:00:00+00:00,3366.39990234375,39.35499954223633,68.98999786376953,5.4075,97.33200073242188
2025-07-24 12:00:00+00:00,3357.300048828125,39.005001068115234,68.43000030517578,5.4325,97.48999786376953
2025-07-24 13:00:00+00:00,3370.60009765625,39.279998779296875,69.12999725341797,5.4,97.26699829101562
2025-07-24 14:00:00+00:00,3377.699951171875,39.255001068115234,69.38999938964844,5.3775,97.3219985961914
2025-07-24 15:00:00+00:00,3375.60009765625,39.220001220703125,68.62999725341797,5.38,97.38700103759766
2025-07-24 16:00:00+00:00,3369.89990234375,39.154998779296875,68.56999969482422,5.3975,97.39900207519531
2025-07-24 17:00:00+00:00,3372.699951171875,39.244998931884766,68.58000183105469,5.3925,97.34200286865234
2025-07-24 18:00:00+00:00,3375.0,39.32500076293945,68.41999816894531,5.4175,97.37699890136719
2025-07-24 19:00:00+00:00,3374.300048828125,39.314998626708984,68.5,5.4175,97.43199920654297
2025-07-24 20:00:00+00:00,3371.300048828125,39.28499984741211,68.4800033569336,5.4175,97.49299621582031
2025-07-24 21:00:00+00:00,3371.300048828125,39.28499984741211,68.4800033569336,5.4175,97.50299835205078
2025-07-24 22:00:00+00:00,3370.5,39.334999084472656,68.47000122070312,5.4175,97.51799774169922
2025-07-24 23:00:00+00:00,3371.800048828125,39.345001220703125,68.5199966430664,5.4175,97.4520034790039
2025-07-25 00:00:00+00:00,3375.199951171875,39.400001525878906,68.44999694824219,5.42,97.47599792480469
2025-07-25 01:00:00+00:00,3372.5,39.5,68.69999694824219,5.4175,97.56600189208984
2025-07-25 02:00:00+00:00,3364.699951171875,39.380001068115234,68.66999816894531,5.4075,97.60199737548828
2025-07-25 03:00:00+00:00,3361.5,39.275001525878906,68.45999908447266,5.4,97.55500030517578
2025-07-25 04:00:00+00:00,3363.10009765625,39.209999084472656,68.45999908447266,5.405,97.5719985961914
2025-07-25 05:00:00+00:00,3360.5,39.224998474121094,68.83999633789062,5.415,97.50299835205078
2025-07-25 06:00:00+00:00,3361.0,39.29499816894531,68.87999725341797,5.4025,97.52300262451172
2025-07-25 07:00:00+00:00,3356.10009765625,39.2400016784668,68.63999938964844,5.39,97.55000305175781
2025-07-25 08:00:00+00:00,3347.199951171875,39.06999969482422,68.54000091552734,5.3875,97.64199829101562
2025-07-25 09:00:00+00:00,3348.0,39.03499984741211,68.56999969482422,5.385,97.69499969482422
2025-07-25 10:00:00+00:00,3344.199951171875,38.97999954223633,68.62999725341797,5.3875,97.72200012207031
2025-07-25 11:00:00+00:00,3342.10009765625,38.970001220703125,68.5999984741211,5.395,97.75199890136719
2025-07-25 12:00:00+00:00,3341.89990234375,39.07500076293945,68.79000091552734,5.375,97.81099700927734
2025-07-25 13:00:00+00:00,3345.199951171875,39.029998779296875,68.20999908447266,5.375,97.78299713134766
2025-07-25 14:00:00+00:00,3333.10009765625,38.56999969482422,68.0,5.36,97.7490005493164
2025-07-25 15:00:00+00:00,3328.199951171875,38.220001220703125,67.75,5.3525,97.77300262451172
2025-07-25 16:00:00+00:00,3330.199951171875,38.30500030517578,67.80999755859375,5.3525,97.7699966430664
2025-07-25 17:00:00+00:00,3336.60009765625,38.36000061035156,67.61000061035156,5.3725,97.71199798583984
2025-07-25 18:00:00+00:00,3339.89990234375,38.38999938964844,67.62000274658203,5.3825,97.6449966430664
2025-07-25 19:00:00+00:00,3339.199951171875,38.345001220703125,67.5199966430664,5.3825,97.65499877929688
2025-07-25 20:00:00+00:00,3338.5,38.32500076293945,67.55000305175781,5.3825,97.67400360107422
2025-07-27 22:00:00+00:00,3338.5,38.32500076293945,67.55000305175781,5.3825,97.62100219726562
2025-07-27 23:00:00+00:00,3338.5,38.32500076293945,67.55000305175781,5.3825,97.61299896240234
2025-07-28 00:00:00+00:00,3333.5,38.38999938964844,67.88999938964844,5.3825,97.54100036621094
2025-07-28 01:00:00+00:00,3331.5,38.36000061035156,67.9000015258789,5.3825,97.63899993896484
2025-07-28 02:00:00+00:00,3335.5,38.45500183105469,67.97000122070312,5.3825,97.61299896240234
2025-07-28 03:00:00+00:00,3342.300048828125,38.400001525878906,67.83999633789062,5.3825,97.59100341796875
2025-07-28 04:00:00+00:00,3339.60009765625,38.33000183105469,67.98999786376953,5.3775,97.64600372314453
2025-07-28 05:00:00+00:00,3343.300048828125,38.415000915527344,67.98999786376953,5.355,97.70600128173828
2025-07-28 06:00:00+00:00,3339.89990234375,38.41999816894531,68.18000030517578,5.35,97.82599639892578
2025-07-28 07:00:00+00:00,3334.60009765625,38.334999084472656,67.87999725341797,5.345,98.13400268554688
2025-07-28 08:00:00+00:00,3335.10009765625,38.334999084472656,68.23999786376953,5.335,98.09200286865234
2025-07-28 09:00:00+00:00,3337.699951171875,38.310001373291016,68.27999877929688,5.3425,98.1709976196289
2025-07-28 10:00:00+00:00,3336.10009765625,38.2400016784668,68.36000061035156,5.3675,98.2229995727539
2025-07-28 11:00:00+00:00,3336.10009765625,38.290000915527344,68.66999816894531,5.345,98.22200012207031
2025-07-28 12:00:00+00:00,3328.0,38.27000045776367,68.95999908447266,5.3375,98.16200256347656
2025-07-28 13:00:00+00:00,3300.699951171875,38.09000015258789,69.29000091552734,5.34,98.33399963378906
2025-07-28 14:00:00+00:00,3306.5,38.27000045776367,69.05000305175781,5.3825,98.31300354003906
2025-07-28 15:00:00+00:00,3314.10009765625,38.345001220703125,69.02999877929688,5.3675,98.50399780273438
2025-07-28 16:00:00+00:00,3311.300048828125,38.28499984741211,69.12999725341797,5.385,98.56700134277344
2025-07-28 17:00:00+00:00,3309.699951171875,38.220001220703125,69.13999938964844,5.3875,98.63200378417969
2025-07-28 18:00:00+00:00,3312.5,38.28499984741211,69.4800033569336,5.3825,98.63400268554688
2025-07-28 19:00:00+00:00,3316.5,38.314998626708984,69.66000366210938,5.3825,98.64800262451172
2025-07-28 20:00:00+00:00,3314.0,38.33000183105469,69.55999755859375,5.3825,98.66400146484375
2025-07-28 21:00:00+00:00,3314.0,38.33000183105469,69.55999755859375,5.3825,98.6510009765625
2025-07-28 22:00:00+00:00,3311.5,38.33000183105469,69.58999633789062,5.3825,98.66400146484375
2025-07-28 23:00:00+00:00,3310.5,38.345001220703125,69.55999755859375,5.3825,98.61199951171875
2025-07-29 00:00:00+00:00,3309.300048828125,38.279998779296875,69.47000122070312,5.3725,98.70800018310547
2025-07-29 01:00:00+00:00,3316.699951171875,38.27000045776367,69.29000091552734,5.375,98.66500091552734
2025-07-29 02:00:00+00:00,3317.199951171875,38.34000015258789,69.41000366210938,5.3725,98.59700012207031
2025-07-29 03:00:00+00:00,3311.10009765625,38.2599983215332,69.2300033569336,5.385,98.68499755859375
2025-07-29 04:00:00+00:00,3314.39990234375,38.275001525878906,69.26000213623047,5.385,98.6510009765625
2025-07-29 05:00:00+00:00,3317.699951171875,38.32500076293945,69.31999969482422,5.3875,98.697998046875
2025-07-29 06:00:00+00:00,3314.699951171875,38.22999954223633,69.29000091552734,5.3725,99.00800323486328
2025-07-29 07:00:00+00:00,3315.60009765625,38.20000076293945,69.23999786376953,5.3425,98.89800262451172
2025-07-29 08:00:00+00:00,3324.300048828125,38.345001220703125,69.80000305175781,5.3475,98.80000305175781
2025-07-29 09:00:00+00:00,3323.199951171875,38.34000015258789,69.63999938964844,5.325,98.75499725341797
2025-07-29 10:00:00+00:00,3320.39990234375,38.279998779296875,69.37999725341797,5.32,98.76399993896484
2025-07-29 11:00:00+00:00,3313.39990234375,38.209999084472656,69.47000122070312,5.3125,98.99400329589844
2025-07-29 12:00:00+00:00,3321.60009765625,38.20000076293945,69.80999755859375,5.315,99.08200073242188
2025-07-29 13:00:00+00:00,3315.39990234375,38.25,70.08000183105469,5.2725,98.94999694824219
2025-07-29 14:00:00+00:00,3325.60009765625,38.310001373291016,70.02999877929688,5.325,99.0739974975586
2025-07-29 15:00:00+00:00,3318.39990234375,38.310001373291016,70.23999786376953,5.295,99.0199966430664
2025-07-29 16:00:00+00:00,3321.0,38.314998626708984,70.26000213623047,5.29,98.96399688720703
2025-07-29 17:00:00+00:00,3326.199951171875,38.35499954223633,71.4000015258789,5.295,98.95500183105469
2025-07-29 18:00:00+00:00,3323.800048828125,38.349998474121094,71.93000030517578,5.2975,98.88600158691406
2025-07-29 19:00:00+00:00,3323.699951171875,38.32500076293945,71.83000183105469,5.2975,98.89600372314453
2025-07-29 20:00:00+00:00,3325.300048828125,38.3849983215332,71.77999877929688,5.2975,98.91899871826172
2025-07-29 21:00:00+00:00,3325.300048828125,38.3849983215332,71.77999877929688,5.2975,98.90499877929688
2025-07-29 22:00:00+00:00,3326.199951171875,38.380001068115234,71.7699966430664,5.2975,98.89800262451172
2025-07-29 23:00:00+00:00,3326.300048828125,38.3849983215332,71.69000244140625,5.2975,98.88899993896484
2025-07-30 00:00:00+00:00,3327.5,38.38999938964844,71.76000213623047,5.2775,98.74299621582031
2025-07-30 01:00:00+00:00,3321.60009765625,38.220001220703125,71.75,5.2775,98.77999877929688
2025-07-30 02:00:00+00:00,3327.300048828125,38.314998626708984,71.6500015258789,5.2825,98.77100372314453
2025-07-30 03:00:00+00:00,3326.39990234375,38.35499954223633,71.7699966430664,5.28,98.7699966430664
2025-07-30 04:00:00+00:00,3324.300048828125,38.33000183105469,71.80000305175781,5.2775,98.85900115966797
2025-07-30 05:00:00+00:00,3322.0,38.220001220703125,71.63999938964844,5.27,98.85700225830078
2025-07-30 06:00:00+00:00,3324.0,38.189998626708984,71.7699966430664,5.275,98.7979965209961
2025-07-30 07:00:00+00:00,3383.0,38.165000915527344,72.16999816894531,5.28,98.83799743652344
2025-07-30 08:00:00+00:00,3386.89990234375,38.21500015258789,71.4000015258789,5.2825,98.80000305175781
2025-07-30 09:00:00+00:00,3386.60009765625,38.21500015258789,71.25,5.2875,98.8239974975586
2025-07-30 10:00:00+00:00,3383.0,38.07500076293945,71.02999877929688,5.2925,98.92500305175781
2025-07-30 11:00:00+00:00,3385.39990234375,38.04999923706055,71.4000015258789,5.27,98.97699737548828
2025-07-30 12:00:00+00:00,3367.10009765625,37.88999938964844,72.05000305175781,5.26,99.43199920654297
2025-07-30 13:00:00+00:00,3356.89990234375,37.80500030517578,72.0,5.2975,99.5009994506836
2025-07-30 14:00:00+00:00,3355.89990234375,37.77000045776367,72.11000061035156,5.3075,99.41899871826172
2025-07-30 15:00:00+00:00,3344.39990234375,37.689998626708984,72.48999786376953,5.265,99.52100372314453
2025-07-30 16:00:00+00:00,3352.199951171875,37.755001068115234,72.56999969482422,5.255,99.46199798583984
2025-07-30 17:00:00+00:00,3354.89990234375,37.77000045776367,72.75,5.2375,99.39099884033203
2025-07-30 18:00:00+00:00,3332.300048828125,37.125,72.56999969482422,5.2375,99.81500244140625
2025-07-30 19:00:00+00:00,3322.10009765625,36.95000076293945,72.73999786376953,5.2375,99.8489990234375
2025-07-30 20:00:00+00:00,3327.89990234375,37.17499923706055,72.6500015258789,5.2375,99.96399688720703
2025-07-30 21:00:00+00:00,3327.89990234375,37.17499923706055,72.6500015258789,5.2375,99.93900299072266
2025-07-30 22:00:00+00:00,3329.89990234375,37.13999938964844,72.63999938964844,5.2375,99.88700103759766
2025-07-30 23:00:00+00:00,3335.800048828125,37.19499969482422,72.80000305175781,5.2375,99.78600311279297
2025-07-31 00:00:00+00:00,3337.0,37.18000030517578,72.5999984741211,5.255,99.76599884033203
2025-07-31 01:00:00+00:00,3343.39990234375,37.005001068115234,72.4000015258789,5.245,99.75
2025-07-31 02:00:00+00:00,3346.89990234375,37.165000915527344,72.4000015258789,5.245,99.73799896240234
2025-07-31 03:00:00+00:00,3344.199951171875,37.16999816894531,72.30000305175781,5.24,99.76300048828125
2025-07-31 04:00:00+00:00,3347.89990234375,37.2599983215332,72.2300033569336,5.2375,99.68800354003906
2025-07-31 05:00:00+00:00,3349.10009765625,37.2400016784668,72.3499984741211,5.2425,99.67900085449219
2025-07-31 06:00:00+00:00,3350.10009765625,37.189998626708984,72.26000213623047,5.2275,99.54399871826172
2025-07-31 07:00:00+00:00,3356.10009765625,37.0099983215332,72.5199966430664,5.2275,99.67400360107422
2025-07-31 08:00:00+00:00,3362.10009765625,37.01499938964844,72.27999877929688,5.23,99.70700073242188
2025-07-31 09:00:00+00:00,3358.800048828125,36.83000183105469,71.79000091552734,5.2475,99.85600280761719
2025-07-31 10:00:00+00:00,3348.300048828125,36.3650016784668,72.08000183105469,5.245,99.82099914550781
2025-07-31 11:00:00+00:00,3358.89990234375,36.67499923706055,72.05999755859375,5.235,99.73699951171875
2025-07-31 12:00:00+00:00,3360.39990234375,36.724998474121094,71.97000122070312,5.2225,99.90699768066406
2025-07-31 13:00:00+00:00,3353.5,36.63999938964844,71.87000274658203,5.1725,100.08399963378906
2025-07-31 14:00:00+00:00,3349.699951171875,36.540000915527344,71.61000061035156,5.2125,99.82099914550781
2025-07-31 15:00:00+00:00,3348.10009765625,36.69499969482422,71.12999725341797,5.2225,99.93699645996094
2025-07-31 16:00:00+00:00,3347.699951171875,36.724998474121094,71.66999816894531,5.1925,99.98400115966797
2025-07-31 17:00:00+00:00,3347.699951171875,36.685001373291016,71.47000122070312,5.22,100.0199966430664
2025-07-31 18:00:00+00:00,3348.300048828125,36.77000045776367,71.63999938964844,5.24,99.96800231933594
2025-07-31 19:00:00+00:00,3344.199951171875,36.77000045776367,71.61000061035156,5.24,100.06800079345703
2025-07-31 20:00:00+00:00,3342.300048828125,36.790000915527344,71.80999755859375,5.24,100.05400085449219
2025-07-31 21:00:00+00:00,3342.300048828125,36.790000915527344,71.80999755859375,5.24,100.04100036621094
2025-07-31 22:00:00+00:00,3346.10009765625,36.790000915527344,71.86000061035156,5.24,100.0510025024414
2025-07-31 23:00:00+00:00,3340.10009765625,36.755001068115234,71.8499984741211,5.24,100.03099822998047
2025-08-01 00:00:00+00:00,3340.699951171875,36.724998474121094,71.76000213623047,5.25,99.99400329589844
2025-08-01 01:00:00+00:00,3333.5,36.595001220703125,71.7699966430664,5.245,100.13400268554688
2025-08-01 02:00:00+00:00,3341.699951171875,36.654998779296875,71.66999816894531,5.2375,100.0999984741211
2025-08-01 03:00:00+00:00,3341.199951171875,36.654998779296875,71.80999755859375,5.2425,100.04000091552734
2025-08-01 04:00:00+00:00,3343.199951171875,36.64500045776367,71.91000366210938,5.245,100.03399658203125
2025-08-01 05:00:00+00:00,3348.39990234375,36.755001068115234,71.76000213623047,5.25,99.95500183105469
2025-08-01 06:00:00+00:00,3343.60009765625,36.665000915527344,71.66999816894531,5.255,99.97899627685547
2025-08-01 07:00:00+00:00,3337.699951171875,36.5099983215332,71.69000244140625,5.235,100.052001953125
2025-08-01 08:00:00+00:00,3345.10009765625,36.474998474121094,71.3499984741211,5.4075,100.16799926757812
2025-08-01 09:00:00+00:00,3346.0,36.470001220703125,71.58000183105469,5.2075,100.20700073242188
2025-08-01 10:00:00+00:00,3350.5,36.529998779296875,71.0199966430664,5.1975,100.11299896240234
2025-08-01 11:00:00+00:00,3352.199951171875,36.494998931884766,71.12999725341797,5.19,100.16699981689453
2025-08-01 12:00:00+00:00,3394.300048828125,37.084999084472656,71.58000183105469,5.1875,99.02400207519531
2025-08-01 13:00:00+00:00,3395.199951171875,36.96500015258789,70.80999755859375,5.375,98.88700103759766
2025-08-01 14:00:00+00:00,3399.10009765625,36.96500015258789,69.63999938964844,5.385,98.94499969482422
2025-08-01 15:00:00+00:00,3401.300048828125,36.974998474121094,69.76000213623047,5.3775,98.94200134277344
2025-08-01 16:00:00+00:00,3399.699951171875,36.904998779296875,69.80999755859375,5.3775,99.02100372314453
2025-08-01 17:00:00+00:00,3400.10009765625,36.91999816894531,69.63999938964844,5.385,99.125
2025-08-01 18:00:00+00:00,3400.199951171875,36.915000915527344,69.58000183105469,5.37,99.14099884033203
2025-08-01 19:00:00+00:00,3410.10009765625,37.025001525878906,69.54000091552734,5.37,98.81600189208984
2025-08-01 20:00:00+00:00,3416.0,37.10499954223633,69.4800033569336,5.37,98.68499755859375
2025-08-03 22:00:00+00:00,3412.199951171875,37.04999923706055,69.13999938964844,5.37,98.68299865722656
2025-08-03 23:00:00+00:00,3414.800048828125,37.095001220703125,69.27999877929688,5.37,98.66100311279297
2025-08-04 00:00:00+00:00,3404.60009765625,36.88999938964844,69.41999816894531,5.37,98.88999938964844
2025-08-04 01:00:00+00:00,3405.199951171875,36.8849983215332,69.45999908447266,5.37,98.80799865722656
2025-08-04 02:00:00+00:00,3406.39990234375,37.040000915527344,69.5,5.37,98.77799987792969
2025-08-04 03:00:00+00:00,3412.5,37.125,69.45999908447266,5.37,98.74800109863281
2025-08-04 04:00:00+00:00,3410.699951171875,37.13999938964844,69.45999908447266,5.3525,98.7770004272461
2025-08-04 05:00:00+00:00,3409.199951171875,37.16999816894531,69.6500015258789,5.3525,98.81600189208984
2025-08-04 06:00:00+00:00,3415.300048828125,37.279998779296875,69.81999969482422,5.365,98.7959976196289
2025-08-04 07:00:00+00:00,3408.60009765625,37.290000915527344,69.75,5.365,98.8759994506836
2025-08-04 08:00:00+00:00,3411.5,37.40999984741211,68.80999755859375,5.3475,98.91100311279297
2025-08-04 09:00:00+00:00,3411.0,37.26499938964844,68.7699966430664,5.3625,98.86000061035156
2025-08-04 10:00:00+00:00,3410.39990234375,37.19499969482422,68.58999633789062,5.375,98.77100372314453
2025-08-04 11:00:00+00:00,3424.0,37.369998931884766,68.44000244140625,5.3725,98.78099822998047
2025-08-04 12:00:00+00:00,3420.60009765625,37.30500030517578,68.02999877929688,5.3925,98.71800231933594
2025-08-04 13:00:00+00:00,3437.0,37.38999938964844,68.1500015258789,5.41,98.70099639892578
2025-08-04 14:00:00+00:00,3427.89990234375,37.369998931884766,69.27999877929688,5.3775,98.79299926757812
2025-08-04 15:00:00+00:00,3428.39990234375,37.41999816894531,69.18000030517578,5.3775,98.76899719238281
2025-08-04 16:00:00+00:00,3424.699951171875,37.3650016784668,68.76000213623047,5.375,98.73600006103516
2025-08-04 17:00:00+00:00,3428.199951171875,37.36000061035156,68.76000213623047,5.375,98.73300170898438
2025-08-04 18:00:00+00:00,3430.39990234375,37.400001525878906,68.6500015258789,5.3675,98.78399658203125
2025-08-04 19:00:00+00:00,3430.5,37.42499923706055,68.58000183105469,5.3675,98.76799774169922
2025-08-04 20:00:00+00:00,3428.60009765625,37.44499969482422,68.72000122070312,5.3675,98.74299621582031
2025-08-04 21:00:00+00:00,3428.60009765625,37.44499969482422,68.72000122070312,5.3675,98.75900268554688
2025-08-04 22:00:00+00:00,3429.199951171875,37.41999816894531,68.76000213623047,5.3675,98.7300033569336
2025-08-04 23:00:00+00:00,3431.5,37.46500015258789,68.77999877929688,5.3675,98.62999725341797
2025-08-05 00:00:00+00:00,3433.60009765625,37.44499969482422,68.69999694824219,5.3325,98.70700073242188
2025-08-05 01:00:00+00:00,3433.10009765625,37.46500015258789,68.73999786376953,5.3275,98.7770004272461
2025-08-05 02:00:00+00:00,3428.10009765625,37.470001220703125,68.61000061035156,5.3325,98.8239974975586
2025-08-05 03:00:00+00:00,3427.60009765625,37.42499923706055,68.66000366210938,5.3375,98.86100006103516
2025-08-05 04:00:00+00:00,3425.0,37.404998779296875,68.66000366210938,5.3325,98.82599639892578
2025-08-05 05:00:00+00:00,3427.60009765625,37.48500061035156,68.76000213623047,5.33,98.9010009765625
2025-08-05 06:00:00+00:00,3420.39990234375,37.36000061035156,68.58000183105469,5.3225,98.89199829101562
2025-08-05 07:00:00+00:00,3428.300048828125,37.435001373291016,68.5,5.3425,98.9209976196289
2025-08-05 08:00:00+00:00,3420.60009765625,37.470001220703125,68.4000015258789,5.345,99.00800323486328
2025-08-05 09:00:00+00:00,3413.199951171875,37.3650016784668,67.94999694824219,5.355,98.96700286865234
2025-08-05 10:00:00+00:00,3406.800048828125,37.3650016784668,68.02999877929688,5.35,98.96099853515625
2025-08-05 11:00:00+00:00,3405.199951171875,37.400001525878906,68.22000122070312,5.355,98.98899841308594
2025-08-05 12:00:00+00:00,3420.199951171875,37.529998779296875,67.8499984741211,5.35,98.99800109863281
2025-08-05 13:00:00+00:00,3428.199951171875,37.59000015258789,68.01000213623047,5.3275,99.01699829101562
2025-08-05 14:00:00+00:00,3439.699951171875,37.810001373291016,67.94999694824219,5.3025,98.80799865722656
2025-08-05 15:00:00+00:00,3444.0,37.845001220703125,67.87999725341797,5.2825,98.72200012207031
2025-08-05 16:00:00+00:00,3436.699951171875,37.81999969482422,67.76000213623047,5.28,98.7040023803711
2025-08-05 17:00:00+00:00,3434.800048828125,37.86000061035156,67.81999969482422,5.29,98.74299621582031
2025-08-05 18:00:00+00:00,3434.300048828125,37.85499954223633,67.5999984741211,5.285,98.78199768066406
2025-08-05 19:00:00+00:00,3433.5,37.814998626708984,67.63999938964844,5.285,98.7750015258789
2025-08-05 20:00:00+00:00,3435.0,37.834999084472656,67.68000030517578,5.285,98.75599670410156
2025-08-05 21:00:00+00:00,3435.0,37.834999084472656,67.68000030517578,5.285,98.76399993896484
2025-08-05 22:00:00+00:00,3433.800048828125,37.810001373291016,67.69999694824219,5.285,98.75700378417969
2025-08-05 23:00:00+00:00,3438.10009765625,37.84000015258789,67.73999786376953,5.285,98.73699951171875
2025-08-06 00:00:00+00:00,3438.300048828125,37.82500076293945,67.81999969482422,5.2875,98.76599884033203
2025-08-06 01:00:00+00:00,3431.39990234375,37.88999938964844,67.98999786376953,5.2925,98.81700134277344
2025-08-06 02:00:00+00:00,3431.300048828125,37.83000183105469,68.0,5.2925,98.78800201416016
2025-08-06 03:00:00+00:00,3429.699951171875,37.85499954223633,68.06999969482422,5.295,98.7020034790039
2025-08-06 04:00:00+00:00,3427.0,37.82500076293945,68.08000183105469,5.2875,98.68000030517578
2025-08-06 05:00:00+00:00,3428.699951171875,37.834999084472656,67.95999908447266,5.285,98.72100067138672
2025-08-06 06:00:00+00:00,3429.89990234375,37.86000061035156,68.1500015258789,5.29,98.7300033569336
2025-08-06 07:00:00+00:00,3428.39990234375,37.89500045776367,68.19999694824219,5.285,98.71499633789062
2025-08-06 08:00:00+00:00,3419.10009765625,37.79999923706055,68.56999969482422,5.2875,98.7969970703125
2025-08-06 09:00:00+00:00,3413.10009765625,37.67499923706055,68.68000030517578,5.2725,98.7239990234375
2025-08-06 10:00:00+00:00,3418.5,37.814998626708984,68.73999786376953,5.2875,98.55799865722656
2025-08-06 11:00:00+00:00,3420.0,37.849998474121094,68.62999725341797,5.275,98.5739974975586
2025-08-06 12:00:00+00:00,3422.0,37.7400016784668,68.62999725341797,5.27,98.45600128173828
2025-08-06 13:00:00+00:00,3427.0,37.95000076293945,67.52999877929688,5.2875,98.36699676513672
2025-08-06 14:00:00+00:00,3435.300048828125,37.9900016784668,66.98999786376953,5.2625,98.42900085449219
2025-08-06 15:00:00+00:00,3436.199951171875,37.95000076293945,66.33999633789062,5.265,98.2770004272461
2025-08-06 16:00:00+00:00,3435.5,37.880001068115234,66.51000213623047,5.2825,98.36599731445312
2025-08-06 17:00:00+00:00,3436.300048828125,37.970001220703125,66.36000061035156,5.295,98.27100372314453
2025-08-06 18:00:00+00:00,3434.699951171875,37.91999816894531,65.80000305175781,5.29,98.177001953125
2025-08-06 19:00:00+00:00,3434.0,37.93000030517578,65.5,5.29,98.22699737548828
2025-08-06 20:00:00+00:00,3431.800048828125,37.935001373291016,65.66000366210938,5.29,98.22000122070312
2025-08-06 21:00:00+00:00,3431.800048828125,37.935001373291016,65.66000366210938,5.29,98.23100280761719
2025-08-06 22:00:00+00:00,3434.699951171875,38.005001068115234,65.75,5.29,98.19100189208984
2025-08-06 23:00:00+00:00,3436.199951171875,37.9900016784668,65.75,5.29,98.18599700927734
2025-08-07 00:00:00+00:00,3441.39990234375,37.994998931884766,65.75,5.3075,98.28900146484375
2025-08-07 01:00:00+00:00,3445.39990234375,38.09000015258789,66.3499984741211,5.3125,98.24199676513672
2025-08-07 02:00:00+00:00,3441.199951171875,38.1150016784668,66.27999877929688,5.315,98.25299835205078
2025-08-07 03:00:00+00:00,3443.800048828125,38.154998779296875,66.30999755859375,5.32,98.2030029296875
2025-08-07 04:00:00+00:00,3445.0,38.20000076293945,66.30999755859375,5.3175,98.13600158691406
2025-08-07 05:00:00+00:00,3444.89990234375,38.19499969482422,66.30999755859375,5.3225,98.11399841308594
2025-08-07 06:00:00+00:00,3456.60009765625,38.32500076293945,66.18000030517578,5.33,98.06199645996094
2025-08-07 07:00:00+00:00,3469.10009765625,38.46500015258789,66.30000305175781,5.315,97.98500061035156
2025-08-07 08:00:00+00:00,3452.199951171875,38.400001525878906,67.0999984741211,5.3225,98.06700134277344
2025-08-07 09:00:00+00:00,3450.300048828125,38.415000915527344,67.38999938964844,5.3325,98.14900207519531
2025-08-07 10:00:00+00:00,3445.0,38.665000915527344,67.41999816894531,5.34,98.13400268554688
2025-08-07 11:00:00+00:00,3451.60009765625,38.56999969482422,67.16000366210938,5.36,98.25399780273438
2025-08-07 12:00:00+00:00,3454.60009765625,38.51499938964844,67.26000213623047,5.375,98.20999908447266
2025-08-07 13:00:00+00:00,3451.39990234375,38.54499816894531,66.9800033569336,5.3825,98.24199676513672
2025-08-07 14:00:00+00:00,3450.300048828125,38.29499816894531,66.5999984741211,5.3775,98.38500213623047
2025-08-07 15:00:00+00:00,3453.89990234375,38.31999969482422,66.58999633789062,5.3925,98.25700378417969
2025-08-07 16:00:00+00:00,3453.89990234375,38.275001525878906,66.75,5.4,98.26599884033203
2025-08-07 17:00:00+00:00,3455.300048828125,38.2599983215332,66.6500015258789,5.3875,98.30799865722656
2025-08-07 18:00:00+00:00,3452.10009765625,38.209999084472656,66.38999938964844,5.3875,98.4000015258789
2025-08-07 19:00:00+00:00,3466.800048828125,38.459999084472656,66.2699966430664,5.3875,98.13600158691406
2025-08-07 20:00:00+00:00,3482.699951171875,38.529998779296875,66.33999633789062,5.3875,98.0790023803711
2025-08-07 21:00:00+00:00,3482.699951171875,38.529998779296875,66.33999633789062,5.3875,98.0770034790039
2025-08-07 22:00:00+00:00,3488.60009765625,38.70000076293945,66.38999938964844,5.3875,98.05000305175781
2025-08-07 23:00:00+00:00,3496.39990234375,38.70500183105469,66.37000274658203,5.3875,97.97699737548828
2025-08-08 00:00:00+00:00,3510.199951171875,38.57500076293945,66.38999938964844,5.3925,98.03600311279297
2025-08-08 01:00:00+00:00,3488.199951171875,38.505001068115234,66.43000030517578,5.3975,98.14099884033203
2025-08-08 02:00:00+00:00,3488.89990234375,38.474998474121094,66.41000366210938,5.3875,98.11199951171875
2025-08-08 03:00:00+00:00,3489.10009765625,38.4900016784668,66.41000366210938,5.3925,98.1240005493164
2025-08-08 04:00:00+00:00,3492.5,38.494998931884766,66.33000183105469,5.3925,98.12799835205078
2025-08-08 05:00:00+00:00,3487.10009765625,38.52000045776367,66.19000244140625,5.395,98.26100158691406
2025-08-08 06:00:00+00:00,3498.5,38.59000015258789,65.91999816894531,5.4025,98.1969985961914
2025-08-08 07:00:00+00:00,3492.699951171875,38.724998474121094,66.47000122070312,5.415,98.13200378417969
2025-08-08 08:00:00+00:00,3482.5,38.599998474121094,66.69000244140625,5.395,98.29399871826172
2025-08-08 09:00:00+00:00,3494.10009765625,38.619998931884766,66.80999755859375,5.3925,98.25700378417969
2025-08-08 10:00:00+00:00,3472.199951171875,38.45500183105469,66.97000122070312,5.3825,98.30400085449219
2025-08-08 11:00:00+00:00,3475.699951171875,38.53499984741211,66.72000122070312,5.3825,98.27300262451172
2025-08-08 12:00:00+00:00,3481.199951171875,38.474998474121094,66.7699966430664,5.3925,98.30599975585938
2025-08-08 13:00:00+00:00,3495.0,38.665000915527344,67.02999877929688,5.415,98.26100158691406
2025-08-08 14:00:00+00:00,3492.800048828125,38.58000183105469,66.23999786376953,5.4,98.21099853515625
2025-08-08 15:00:00+00:00,3492.300048828125,38.54499816894531,66.9000015258789,5.3675,98.1760025024414
2025-08-08 16:00:00+00:00,3488.39990234375,38.5099983215332,66.79000091552734,5.375,98.19200134277344
2025-08-08 17:00:00+00:00,3464.0,38.35499954223633,66.66000366210938,5.3525,98.15899658203125
2025-08-08 18:00:00+00:00,3453.800048828125,38.494998931884766,66.41000366210938,5.35,98.18000030517578
2025-08-08 19:00:00+00:00,3456.60009765625,38.525001525878906,66.37000274658203,5.35,98.26399993896484
2025-08-08 20:00:00+00:00,3491.300048828125,38.5099983215332,66.11000061035156,5.35,98.26499938964844
2025-08-10 22:00:00+00:00,3460.10009765625,38.42499923706055,66.37999725341797,5.35,98.25
2025-08-10 23:00:00+00:00,3455.39990234375,38.33000183105469,66.2300033569336,5.35,98.2300033569336
2025-08-11 00:00:00+00:00,3443.699951171875,38.290000915527344,65.87000274658203,5.35,98.23600006103516
2025-08-11 01:00:00+00:00,3442.199951171875,38.28499984741211,66.23999786376953,5.35,98.16100311279297
2025-08-11 02:00:00+00:00,3440.199951171875,38.22999954223633,66.25,5.35,98.10800170898438
2025-08-11 03:00:00+00:00,3440.60009765625,38.20500183105469,66.27999877929688,5.35,98.05400085449219
2025-08-11 04:00:00+00:00,3437.0,38.165000915527344,66.16000366210938,5.39,98.05999755859375
2025-08-11 05:00:00+00:00,3439.300048828125,38.30500030517578,66.2300033569336,5.395,98.0780029296875
2025-08-11 06:00:00+00:00,3425.89990234375,38.15999984741211,66.05999755859375,5.3875,98.11900329589844
2025-08-11 07:00:00+00:00,3415.10009765625,37.75,65.88999938964844,5.4,98.21499633789062
2025-08-11 08:00:00+00:00,3419.60009765625,38.0,66.22000122070312,5.4,98.17500305175781
2025-08-11 09:00:00+00:00,3409.199951171875,37.939998626708984,66.61000061035156,5.3775,98.28700256347656
2025-08-11 10:00:00+00:00,3413.39990234375,37.845001220703125,66.70999908447266,5.37,98.26599884033203
2025-08-11 11:00:00+00:00,3410.199951171875,37.80500030517578,66.98999786376953,5.37,98.40399932861328
2025-08-11 12:00:00+00:00,3411.800048828125,37.900001525878906,66.94000244140625,5.355,98.46099853515625
2025-08-11 13:00:00+00:00,3415.0,37.97999954223633,66.83999633789062,5.4125,98.4739990234375
2025-08-11 14:00:00+00:00,3403.699951171875,37.834999084472656,66.37999725341797,5.3875,98.63300323486328
2025-08-11 15:00:00+00:00,3409.800048828125,37.845001220703125,66.47000122070312,5.3625,98.56099700927734
2025-08-11 16:00:00+00:00,3403.199951171875,37.77000045776367,66.73999786376953,5.37,98.54399871826172
2025-08-11 17:00:00+00:00,3409.10009765625,37.834999084472656,66.62999725341797,5.3475,98.51499938964844
2025-08-11 18:00:00+00:00,3406.10009765625,37.76499938964844,66.68000030517578,5.3525,98.5199966430664
2025-08-11 19:00:00+00:00,3402.0,37.70500183105469,66.7300033569336,5.3525,98.5770034790039
2025-08-11 20:00:00+00:00,3393.699951171875,37.64500045776367,66.68000030517578,5.3525,98.50499725341797
2025-08-11 21:00:00+00:00,3393.699951171875,37.64500045776367,66.68000030517578,5.3525,98.49800109863281
2025-08-11 22:00:00+00:00,3397.199951171875,37.66999816894531,66.80000305175781,5.3525,98.49800109863281
2025-08-11 23:00:00+00:00,3399.0,37.70000076293945,66.7699966430664,5.3525,98.49600219726562
2025-08-12 00:00:00+00:00,3405.199951171875,37.84000015258789,66.77999877929688,5.3425,98.52999877929688
2025-08-12 01:00:00+00:00,3401.199951171875,37.834999084472656,66.66999816894531,5.335,98.49500274658203
2025-08-12 02:00:00+00:00,3403.800048828125,37.85499954223633,66.7699966430664,5.335,98.46700286865234
2025-08-12 03:00:00+00:00,3399.800048828125,37.915000915527344,66.83000183105469,5.3275,98.4990005493164
2025-08-12 04:00:00+00:00,3404.60009765625,37.935001373291016,66.91999816894531,5.3275,98.4489974975586
2025-08-12 05:00:00+00:00,3404.89990234375,37.96500015258789,66.91000366210938,5.3275,98.53299713134766
2025-08-12 06:00:00+00:00,3394.89990234375,37.880001068115234,66.83999633789062,5.3225,98.5530014038086
2025-08-12 07:00:00+00:00,3404.60009765625,37.81999969482422,66.87999725341797,5.3125,98.45999908447266
2025-08-12 08:00:00+00:00,3397.300048828125,37.80500030517578,66.58000183105469,5.31,98.5009994506836
2025-08-12 09:00:00+00:00,3394.60009765625,37.7599983215332,66.76000213623047,5.3025,98.56199645996094
2025-08-12 10:00:00+00:00,3394.300048828125,37.71500015258789,66.69999694824219,5.295,98.5459976196289
2025-08-12 11:00:00+00:00,3396.0,37.790000915527344,66.27999877929688,5.3125,98.57499694824219
2025-08-12 12:00:00+00:00,3397.89990234375,37.849998474121094,66.19000244140625,5.2925,98.28900146484375
2025-08-12 13:00:00+00:00,3395.199951171875,37.72999954223633,66.30000305175781,5.3025,98.25299835205078
2025-08-12 14:00:00+00:00,3387.10009765625,37.69499969482422,66.38999938964844,5.2825,98.20099639892578
2025-08-12 15:00:00+00:00,3400.300048828125,38.029998779296875,66.16999816894531,5.29,98.06900024414062
2025-08-12 16:00:00+00:00,3400.800048828125,38.005001068115234,66.0999984741211,5.2525,98.00599670410156
2025-08-12 17:00:00+00:00,3399.699951171875,37.96500015258789,66.1500015258789,5.2525,98.05899810791016
2025-08-12 18:00:00+00:00,3399.10009765625,37.90999984741211,66.13999938964844,5.255,98.09700012207031
2025-08-12 19:00:00+00:00,3398.89990234375,37.91999816894531,66.12999725341797,5.255,98.06300354003906
2025-08-12 20:00:00+00:00,3399.60009765625,37.939998626708984,66.11000061035156,5.255,98.06500244140625
2025-08-12 21:00:00+00:00,3399.60009765625,37.939998626708984,66.11000061035156,5.255,98.06500244140625
2025-08-12 22:00:00+00:00,3401.800048828125,37.96500015258789,66.12999725341797,5.255,98.0530014038086
2025-08-12 23:00:00+00:00,3401.39990234375,37.94499969482422,66.16000366210938,5.255,98.03600311279297
2025-08-13 00:00:00+00:00,3393.60009765625,37.88999938964844,66.16000366210938,5.2425,98.03600311279297
2025-08-13 01:00:00+00:00,3401.300048828125,38.13999938964844,66.13999938964844,5.2475,98.08100128173828
2025-08-13 02:00:00+00:00,3401.699951171875,38.185001373291016,65.9800033569336,5.255,98.0469970703125
2025-08-13 03:00:00+00:00,3398.800048828125,38.20000076293945,66.1500015258789,5.245,98.02999877929688
2025-08-13 04:00:00+00:00,3400.800048828125,38.2599983215332,66.18000030517578,5.25,98.02300262451172
2025-08-13 05:00:00+00:00,3398.800048828125,38.25,66.06999969482422,5.2675,98.052001953125
2025-08-13 06:00:00+00:00,3406.89990234375,38.40999984741211,66.16999816894531,5.27,97.9489974975586
2025-08-13 07:00:00+00:00,3403.60009765625,38.45500183105469,65.95999908447266,5.27,97.8010025024414
2025-08-13 08:00:00+00:00,3409.60009765625,38.54499816894531,65.86000061035156,5.2625,97.73899841308594
2025-08-13 09:00:00+00:00,3415.5,38.6349983215332,65.79000091552734,5.255,97.62799835205078
2025-08-13 10:00:00+00:00,3416.60009765625,38.665000915527344,65.6500015258789,5.2675,97.72699737548828
2025-08-13 11:00:00+00:00,3413.5,38.64500045776367,65.87999725341797,5.275,97.69599914550781
2025-08-13 12:00:00+00:00,3408.0,38.6349983215332,66.16999816894531,5.2725,97.84300231933594
2025-08-13 13:00:00+00:00,3414.89990234375,38.51499938964844,65.91999816894531,5.2525,97.77300262451172
2025-08-13 14:00:00+00:00,3413.699951171875,38.57500076293945,65.33000183105469,5.2875,97.69499969482422
2025-08-13 15:00:00+00:00,3408.60009765625,38.52000045776367,65.05000305175781,5.2525,97.74700164794922
2025-08-13 16:00:00+00:00,3408.5,38.54499816894531,65.25,5.265,97.79000091552734
2025-08-13 17:00:00+00:00,3404.699951171875,38.54499816894531,65.58000183105469,5.2825,97.81199645996094
2025-08-13 18:00:00+00:00,3404.300048828125,38.529998779296875,65.48999786376953,5.28,97.83999633789062
2025-08-13 19:00:00+00:00,3408.0,38.58000183105469,65.7300033569336,5.28,97.83399963378906
2025-08-13 20:00:00+00:00,3407.0,38.54999923706055,65.7699966430664,5.28,97.7969970703125
2025-08-13 21:00:00+00:00,3407.0,38.54999923706055,65.7699966430664,5.28,97.78500366210938
2025-08-13 22:00:00+00:00,3407.300048828125,38.56999969482422,65.75,5.28,97.78600311279297
2025-08-13 23:00:00+00:00,3411.89990234375,38.56999969482422,65.83999633789062,5.28,97.71900177001953
2025-08-14 00:00:00+00:00,3418.60009765625,38.619998931884766,65.88999938964844,5.29,97.68699645996094
2025-08-14 01:00:00+00:00,3416.39990234375,38.67499923706055,65.87999725341797,5.2925,97.65899658203125
2025-08-14 02:00:00+00:00,3410.89990234375,38.744998931884766,65.91999816894531,5.29,97.73300170898438
2025-08-14 03:00:00+00:00,3408.300048828125,38.6349983215332,65.83999633789062,5.2875,97.73600006103516
2025-08-14 04:00:00+00:00,3409.199951171875,38.63999938964844,65.88999938964844,5.2875,97.70899963378906
2025-08-14 05:00:00+00:00,3407.10009765625,38.529998779296875,65.95999908447266,5.28,97.73999786376953
2025-08-14 06:00:00+00:00,3410.699951171875,38.48500061035156,65.97000122070312,5.2725,97.8270034790039
2025-08-14 07:00:00+00:00,3394.39990234375,38.33000183105469,65.80999755859375,5.255,97.87100219726562
2025-08-14 08:00:00+00:00,3393.5,38.279998779296875,65.80999755859375,5.2575,97.93599700927734
2025-08-14 09:00:00+00:00,3404.60009765625,38.400001525878906,65.9800033569336,5.2525,97.86399841308594
2025-08-14 10:00:00+00:00,3403.300048828125,38.369998931884766,65.63999938964844,5.2425,97.78099822998047
2025-08-14 11:00:00+00:00,3404.199951171875,38.369998931884766,65.9000015258789,5.2375,97.8280029296875
2025-08-14 12:00:00+00:00,3399.0,38.2400016784668,66.08000183105469,5.2425,98.02400207519531
2025-08-14 13:00:00+00:00,3392.300048828125,38.04999923706055,66.47000122070312,5.2475,98.16600036621094
2025-08-14 14:00:00+00:00,3387.5,38.0099983215332,66.44000244140625,5.215,98.0780029296875
2025-08-14 15:00:00+00:00,3388.89990234375,38.10499954223633,66.72000122070312,5.2525,98.2249984741211
2025-08-14 16:00:00+00:00,3380.300048828125,38.02000045776367,66.69000244140625,5.25,98.30400085449219
2025-08-14 17:00:00+00:00,3383.800048828125,38.029998779296875,66.77999877929688,5.235,98.2760009765625
2025-08-14 18:00:00+00:00,3384.60009765625,38.095001220703125,66.94999694824219,5.2525,98.25399780273438
2025-08-14 19:00:00+00:00,3385.300048828125,38.040000915527344,66.94000244140625,5.2525,98.19999694824219
2025-08-14 20:00:00+00:00,3382.300048828125,38.03499984741211,66.83999633789062,5.2525,98.21099853515625
2025-08-14 21:00:00+00:00,3382.300048828125,38.03499984741211,66.83999633789062,5.2525,98.19400024414062
2025-08-14 22:00:00+00:00,3379.300048828125,38.03499984741211,66.81999969482422,5.2525,98.19599914550781
2025-08-14 23:00:00+00:00,3381.10009765625,38.029998779296875,66.80999755859375,5.2525,98.18699645996094
2025-08-15 00:00:00+00:00,3382.699951171875,38.040000915527344,66.7699966430664,5.245,98.15499877929688
2025-08-15 01:00:00+00:00,3384.699951171875,38.025001525878906,66.8499984741211,5.25,98.1259994506836
2025-08-15 02:00:00+00:00,3385.699951171875,37.970001220703125,66.80000305175781,5.2525,98.09500122070312
2025-08-15 03:00:00+00:00,3389.699951171875,38.04499816894531,66.76000213623047,5.2575,98.07099914550781
2025-08-15 04:00:00+00:00,3391.0,38.05500030517578,66.68000030517578,5.255,98.04399871826172
2025-08-15 05:00:00+00:00,3389.89990234375,38.09000015258789,66.76000213623047,5.24,97.9990005493164
2025-08-15 06:00:00+00:00,3386.199951171875,38.0099983215332,66.58999633789062,5.2375,97.98600006103516
2025-08-15 07:00:00+00:00,3392.5,38.08000183105469,66.44000244140625,5.2425,97.90799713134766
2025-08-15 08:00:00+00:00,3387.39990234375,37.9900016784668,66.16999816894531,5.2575,97.90899658203125
2025-08-15 09:00:00+00:00,3389.39990234375,37.904998779296875,66.5,5.245,97.87799835205078
2025-08-15 10:00:00+00:00,3383.60009765625,37.81999969482422,66.5199966430664,5.245,97.88800048828125
2025-08-15 11:00:00+00:00,3388.300048828125,37.875,66.5999984741211,5.26,97.88800048828125
2025-08-15 12:00:00+00:00,3389.300048828125,37.875,66.30999755859375,5.2725,97.84600067138672
2025-08-15 13:00:00+00:00,3382.300048828125,37.790000915527344,66.26000213623047,5.28,97.81199645996094
2025-08-15 14:00:00+00:00,3387.800048828125,37.939998626708984,66.37999725341797,5.2775,97.76200103759766
2025-08-15 15:00:00+00:00,3388.300048828125,38.0099983215332,66.16999816894531,5.28,97.80400085449219
2025-08-15 16:00:00+00:00,3384.800048828125,37.94499969482422,66.2300033569336,5.25,97.84300231933594
2025-08-15 17:00:00+00:00,3382.39990234375,37.97999954223633,66.05000305175781,5.265,97.84300231933594
2025-08-15 18:00:00+00:00,3381.800048828125,37.9900016784668,66.05000305175781,5.27,97.85199737548828
2025-08-15 19:00:00+00:00,3383.89990234375,38.02000045776367,66.13999938964844,5.27,97.86399841308594
2025-08-15 20:00:00+00:00,3382.60009765625,37.974998474121094,65.8499984741211,5.27,97.83899688720703
2025-08-17 22:00:00+00:00,3379.39990234375,37.91999816894531,65.62000274658203,5.27,97.78600311279297
2025-08-17 23:00:00+00:00,3371.800048828125,37.880001068115234,65.5999984741211,5.27,97.83699798583984
2025-08-18 00:00:00+00:00,3385.300048828125,38.11000061035156,65.76000213623047,5.27,97.8740005493164
2025-08-18 01:00:00+00:00,3392.5,38.189998626708984,65.7699966430664,5.27,97.85099792480469
2025-08-18 02:00:00+00:00,3388.5,38.05500030517578,65.76000213623047,5.27,97.88600158691406
2025-08-18 03:00:00+00:00,3392.89990234375,38.185001373291016,65.87999725341797,5.27,97.86399841308594
2025-08-18 04:00:00+00:00,3402.800048828125,38.23500061035156,65.83000183105469,5.2575,97.82099914550781
2025-08-18 05:00:00+00:00,3395.39990234375,38.150001525878906,65.87000274658203,5.2525,97.83100128173828
2025-08-18 06:00:00+00:00,3394.39990234375,38.19499969482422,66.12000274658203,5.2375,97.9020004272461
2025-08-18 07:00:00+00:00,3393.800048828125,38.165000915527344,65.69000244140625,5.2225,97.99600219726562
2025-08-18 08:00:00+00:00,3393.699951171875,38.165000915527344,65.88999938964844,5.23,97.97100067138672
2025-08-18 09:00:00+00:00,3393.699951171875,38.209999084472656,66.23999786376953,5.245,97.99600219726562
2025-08-18 10:00:00+00:00,3392.199951171875,38.165000915527344,66.13999938964844,5.2525,97.98699951171875
2025-08-18 11:00:00+00:00,3391.199951171875,38.119998931884766,66.08999633789062,5.2425,98.0260009765625
2025-08-18 12:00:00+00:00,3389.89990234375,38.27000045776367,65.95999908447266,5.2575,98.02999877929688
2025-08-18 13:00:00+00:00,3382.5,38.095001220703125,65.58000183105469,5.2675,98.0459976196289
2025-08-18 14:00:00+00:00,3379.300048828125,38.095001220703125,65.93000030517578,5.2775,98.15499877929688
2025-08-18 15:00:00+00:00,3380.60009765625,38.06999969482422,66.1500015258789,5.24,98.11100006103516
2025-08-18 16:00:00+00:00,3378.89990234375,37.994998931884766,66.19000244140625,5.2475,98.16799926757812
2025-08-18 17:00:00+00:00,3379.39990234375,38.05500030517578,66.5199966430664,5.2525,98.14199829101562
2025-08-18 18:00:00+00:00,3377.5,38.040000915527344,66.58000183105469,5.245,98.16699981689453
2025-08-18 19:00:00+00:00,3378.300048828125,38.09000015258789,66.52999877929688,5.245,98.12300109863281
2025-08-18 20:00:00+00:00,3378.0,38.064998626708984,66.5,5.245,98.16100311279297
2025-08-18 21:00:00+00:00,3378.0,38.064998626708984,66.5,5.245,98.14900207519531
2025-08-18 22:00:00+00:00,3379.5,38.125,66.54000091552734,5.245,98.13400268554688
2025-08-18 23:00:00+00:00,3376.10009765625,38.099998474121094,66.54000091552734,5.245,98.1259994506836
2025-08-19 00:00:00+00:00,3379.300048828125,38.099998474121094,66.4800033569336,5.24,98.1719970703125
2025-08-19 01:00:00+00:00,3376.699951171875,37.90999984741211,66.30999755859375,5.235,98.22000122070312
2025-08-19 02:00:00+00:00,3381.300048828125,37.90999984741211,66.25,5.23,98.21299743652344
2025-08-19 03:00:00+00:00,3381.10009765625,37.94499969482422,66.23999786376953,5.23,98.19599914550781
2025-08-19 04:00:00+00:00,3381.60009765625,37.935001373291016,66.13999938964844,5.2325,98.15599822998047
2025-08-19 05:00:00+00:00,3380.300048828125,37.8849983215332,66.16999816894531,5.2275,98.18099975585938
2025-08-19 06:00:00+00:00,3380.10009765625,37.935001373291016,66.19999694824219,5.215,98.0479965209961
2025-08-19 07:00:00+00:00,3384.800048828125,38.04499816894531,66.04000091552734,5.2125,98.00599670410156
2025-08-19 08:00:00+00:00,3382.39990234375,38.06999969482422,65.31999969482422,5.2275,98.05500030517578
2025-08-19 09:00:00+00:00,3383.699951171875,38.10499954223633,65.9800033569336,5.2225,98.03700256347656
2025-08-19 10:00:00+00:00,3387.89990234375,38.11000061035156,65.80000305175781,5.2175,97.97799682617188
2025-08-19 11:00:00+00:00,3384.39990234375,38.095001220703125,65.52999877929688,5.225,97.99700164794922
2025-08-19 12:00:00+00:00,3379.39990234375,38.08000183105469,65.87999725341797,5.205,98.08200073242188
2025-08-19 13:00:00+00:00,3377.89990234375,37.92499923706055,65.4000015258789,5.2325,98.0770034790039
2025-08-19 14:00:00+00:00,3369.300048828125,37.474998474121094,65.55000305175781,5.2125,98.12999725341797
2025-08-19 15:00:00+00:00,3366.5,37.435001373291016,65.26000213623047,5.2125,98.21600341796875
2025-08-19 16:00:00+00:00,3361.10009765625,37.30500030517578,65.29000091552734,5.2025,98.22000122070312
2025-08-19 17:00:00+00:00,3361.10009765625,37.310001373291016,65.19999694824219,5.2125,98.20899963378906
2025-08-19 18:00:00+00:00,3361.699951171875,37.27000045776367,65.47000122070312,5.2075,98.26499938964844
2025-08-19 19:00:00+00:00,3359.800048828125,37.2599983215332,65.37999725341797,5.2075,98.2699966430664
2025-08-19 20:00:00+00:00,3358.89990234375,37.33000183105469,65.47000122070312,5.2075,98.27799987792969
2025-08-19 21:00:00+00:00,3358.89990234375,37.33000183105469,65.47000122070312,5.2075,98.27300262451172
2025-08-19 22:00:00+00:00,3359.300048828125,37.334999084472656,65.55000305175781,5.2075,98.27999877929688
2025-08-19 23:00:00+00:00,3356.800048828125,37.31999969482422,65.58999633789062,5.2075,98.31999969482422
2025-08-20 00:00:00+00:00,3358.39990234375,37.314998626708984,65.55999755859375,5.2025,98.3270034790039
2025-08-20 01:00:00+00:00,3357.5,37.19499969482422,65.41000366210938,5.2075,98.38899993896484
2025-08-20 02:00:00+00:00,3356.0,37.17499923706055,65.4000015258789,5.205,98.41400146484375
2025-08-20 03:00:00+00:00,3359.60009765625,37.14500045776367,65.37000274658203,5.195,98.35700225830078
2025-08-20 04:00:00+00:00,3360.800048828125,37.125,65.97000122070312,5.1875,98.35700225830078
2025-08-20 05:00:00+00:00,3365.89990234375,37.189998626708984,65.68000030517578,5.1875,98.30999755859375
2025-08-20 06:00:00+00:00,3365.60009765625,37.1349983215332,66.31999969482422,5.19,98.3270034790039
2025-08-20 07:00:00+00:00,3367.800048828125,37.150001525878906,65.94000244140625,5.2075,98.2750015258789
2025-08-20 08:00:00+00:00,3368.10009765625,37.05500030517578,66.62000274658203,5.2375,98.31500244140625
2025-08-20 09:00:00+00:00,3368.60009765625,37.07500076293945,65.7300033569336,5.225,98.26100158691406
2025-08-20 10:00:00+00:00,3369.60009765625,37.05500030517578,65.95999908447266,5.215,98.25599670410156
2025-08-20 11:00:00+00:00,3375.89990234375,37.189998626708984,66.02999877929688,5.235,98.30999755859375
2025-08-20 12:00:00+00:00,3386.800048828125,37.625,66.54000091552734,5.245,98.10800170898438
2025-08-20 13:00:00+00:00,3388.5,37.755001068115234,66.48999786376953,5.295,98.1760025024414
2025-08-20 14:00:00+00:00,3390.89990234375,37.775001525878906,66.33999633789062,5.3,98.12799835205078
2025-08-20 15:00:00+00:00,3384.5,37.76499938964844,66.91000366210938,5.2475,98.25599670410156
2025-08-20 16:00:00+00:00,3388.89990234375,37.779998779296875,66.87999725341797,5.295,98.1719970703125
2025-08-20 17:00:00+00:00,3390.10009765625,37.814998626708984,66.7300033569336,5.275,98.08599853515625
2025-08-20 18:00:00+00:00,3388.800048828125,37.790000915527344,66.9800033569336,5.2875,98.21800231933594
2025-08-20 19:00:00+00:00,3391.5,37.900001525878906,67.0199966430664,5.2875,98.23899841308594
2025-08-20 20:00:00+00:00,3392.199951171875,37.89500045776367,66.94999694824219,5.2875,98.24299621582031
2025-08-20 21:00:00+00:00,3392.199951171875,37.89500045776367,66.94999694824219,5.2875,98.23500061035156
2025-08-20 22:00:00+00:00,3392.39990234375,37.88999938964844,66.9800033569336,5.2875,98.21700286865234
2025-08-20 23:00:00+00:00,3389.39990234375,37.880001068115234,66.9800033569336,5.2875,98.23200225830078
2025-08-21 00:00:00+00:00,3385.0,37.85499954223633,66.94999694824219,5.3,98.27200317382812
2025-08-21 01:00:00+00:00,3385.10009765625,37.89500045776367,67.13999938964844,5.295,98.27999877929688
2025-08-21 02:00:00+00:00,3387.10009765625,37.880001068115234,67.05000305175781,5.295,98.27999877929688
2025-08-21 03:00:00+00:00,3382.60009765625,37.8650016784668,67.12999725341797,5.3025,98.28500366210938
2025-08-21 04:00:00+00:00,3380.800048828125,37.88999938964844,67.12000274658203,5.305,98.29100036621094
2025-08-21 05:00:00+00:00,3381.0,37.875,67.16000366210938,5.315,98.26499938964844
2025-08-21 06:00:00+00:00,3378.800048828125,37.79999923706055,67.29000091552734,5.32,98.3949966430664
2025-08-21 07:00:00+00:00,3381.89990234375,37.814998626708984,67.2699966430664,5.3225,98.23999786376953
2025-08-21 08:00:00+00:00,3382.0,37.79999923706055,67.41999816894531,5.33,98.24400329589844
2025-08-21 09:00:00+00:00,3383.5,37.744998931884766,67.47000122070312,5.335,98.24099731445312
2025-08-21 10:00:00+00:00,3371.0,37.53499984741211,67.4000015258789,5.335,98.2959976196289
2025-08-21 11:00:00+00:00,3376.10009765625,37.70000076293945,67.20999908447266,5.34,98.37000274658203
2025-08-21 12:00:00+00:00,3384.699951171875,37.970001220703125,67.02999877929688,5.3275,98.33499908447266
2025-08-21 13:00:00+00:00,3382.5,37.9900016784668,66.77999877929688,5.29,98.49800109863281
2025-08-21 14:00:00+00:00,3387.89990234375,38.099998474121094,66.25,5.2575,98.56199645996094
2025-08-21 15:00:00+00:00,3387.5,38.1349983215332,66.5,5.275,98.65599822998047
2025-08-21 16:00:00+00:00,3383.699951171875,38.09000015258789,66.56999969482422,5.295,98.60099792480469
2025-08-21 17:00:00+00:00,3381.5,38.08000183105469,66.62000274658203,5.2825,98.57599639892578
2025-08-21 18:00:00+00:00,3383.39990234375,38.08000183105469,66.69999694824219,5.3,98.61900329589844
2025-08-21 19:00:00+00:00,3383.199951171875,38.09000015258789,66.51000213623047,5.3,98.65499877929688
2025-08-21 20:00:00+00:00,3383.5,38.099998474121094,66.56999969482422,5.3,98.65299987792969
2025-08-21 21:00:00+00:00,3383.5,38.099998474121094,66.56999969482422,5.3,98.63999938964844
2025-08-21 22:00:00+00:00,3383.39990234375,38.064998626708984,66.56999969482422,5.3,98.62200164794922
2025-08-21 23:00:00+00:00,3382.60009765625,38.05500030517578,66.56999969482422,5.3,98.61000061035156
2025-08-22 00:00:00+00:00,3382.800048828125,38.125,66.56999969482422,5.295,98.60800170898438
2025-08-22 01:00:00+00:00,3377.39990234375,38.08000183105469,66.52999877929688,5.2925,98.66699981689453
2025-08-22 02:00:00+00:00,3376.89990234375,38.064998626708984,66.48999786376953,5.295,98.6520004272461
2025-08-22 03:00:00+00:00,3375.10009765625,38.03499984741211,66.44000244140625,5.3025,98.78600311279297
2025-08-22 04:00:00+00:00,3371.39990234375,38.01499938964844,66.5999984741211,5.305,98.82599639892578
2025-08-22 05:00:00+00:00,3373.0,38.0,66.62000274658203,5.315,98.80400085449219
2025-08-22 06:00:00+00:00,3371.800048828125,37.939998626708984,66.7300033569336,5.3,98.77899932861328
2025-08-22 07:00:00+00:00,3369.5,37.970001220703125,66.81999969482422,5.29,98.74700164794922
2025-08-22 08:00:00+00:00,3370.60009765625,37.98500061035156,66.55000305175781,5.3075,98.71700286865234
2025-08-22 09:00:00+00:00,3372.10009765625,37.96500015258789,66.44000244140625,5.2725,98.74500274658203
2025-08-22 10:00:00+00:00,3373.0,37.974998474121094,66.62000274658203,5.275,98.73999786376953
2025-08-22 11:00:00+00:00,3370.800048828125,37.935001373291016,66.7300033569336,5.285,98.69000244140625
2025-08-22 12:00:00+00:00,3365.0,37.779998779296875,66.76000213623047,5.2875,98.6719970703125
2025-08-22 13:00:00+00:00,3376.0,37.93000030517578,66.70999908447266,5.2725,98.70600128173828
2025-08-22 14:00:00+00:00,3419.300048828125,38.959999084472656,66.81999969482422,5.285,97.74600219726562
2025-08-22 15:00:00+00:00,3412.39990234375,38.939998626708984,66.75,5.3,97.76799774169922
2025-08-22 16:00:00+00:00,3415.300048828125,39.0,66.79000091552734,5.2775,97.70600128173828
2025-08-22 17:00:00+00:00,3419.199951171875,39.040000915527344,66.80999755859375,5.2825,97.6050033569336
2025-08-22 18:00:00+00:00,3417.89990234375,39.0099983215332,66.83999633789062,5.2725,97.71600341796875
2025-08-22 19:00:00+00:00,3417.699951171875,38.89500045776367,66.81999969482422,5.2725,97.74299621582031
2025-08-22 20:00:00+00:00,3418.5,39.05400085449219,67.22000122070312,5.2725,97.73200225830078
2025-08-24 22:00:00+00:00,3413.10009765625,38.88999938964844,66.79000091552734,5.2725,97.7959976196289
2025-08-24 23:00:00+00:00,3414.89990234375,38.880001068115234,67.26000213623047,5.2725,97.84500122070312
2025-08-25 00:00:00+00:00,3410.10009765625,38.939998626708984,67.26000213623047,5.2725,97.927001953125
2025-08-25 01:00:00+00:00,3407.800048828125,38.81999969482422,67.13999938964844,5.2725,97.94400024414062
2025-08-25 02:00:00+00:00,3409.39990234375,38.79999923706055,67.25,5.2725,97.93499755859375
2025-08-25 03:00:00+00:00,3412.60009765625,38.86000061035156,67.27999877929688,5.2725,97.86000061035156
2025-08-25 04:00:00+00:00,3410.39990234375,38.84000015258789,67.25,5.3025,97.8550033569336
2025-08-25 05:00:00+00:00,3408.89990234375,38.86000061035156,67.36000061035156,5.3025,97.89600372314453
2025-08-25 06:00:00+00:00,3413.300048828125,38.95000076293945,67.31999969482422,5.305,97.79100036621094
2025-08-25 07:00:00+00:00,3411.0,38.849998474121094,67.30999755859375,5.2975,97.91799926757812
2025-08-25 08:00:00+00:00,3409.300048828125,38.78499984741211,67.44000244140625,5.3125,97.87000274658203
2025-08-25 09:00:00+00:00,3411.60009765625,38.70500183105469,67.44999694824219,5.3075,97.947998046875
2025-08-25 10:00:00+00:00,3410.300048828125,38.65999984741211,67.58000183105469,5.2975,97.98799896240234
2025-08-25 11:00:00+00:00,3415.699951171875,38.790000915527344,67.62000274658203,5.3125,97.86399841308594
2025-08-25 12:00:00+00:00,3409.0,38.65999984741211,67.58000183105469,5.305,97.89900207519531
2025-08-25 13:00:00+00:00,3415.300048828125,38.71500015258789,67.94000244140625,5.3075,97.87000274658203
2025-08-25 14:00:00+00:00,3418.699951171875,38.82500076293945,68.08000183105469,5.3375,97.96600341796875
2025-08-25 15:00:00+00:00,3418.89990234375,38.779998779296875,68.33000183105469,5.33,98.10199737548828
2025-08-25 16:00:00+00:00,3418.60009765625,38.72999954223633,68.44000244140625,5.305,98.17500305175781
2025-08-25 17:00:00+00:00,3415.5,38.685001373291016,68.37000274658203,5.2975,98.23999786376953
2025-08-25 18:00:00+00:00,3415.39990234375,38.60499954223633,68.16000366210938,5.2975,98.43000030517578
2025-08-25 19:00:00+00:00,3410.60009765625,38.525001525878906,68.22000122070312,5.2975,98.49800109863281
2025-08-25 20:00:00+00:00,3410.699951171875,38.54999923706055,68.19000244140625,5.2975,98.44000244140625
2025-08-25 21:00:00+00:00,3410.699951171875,38.54999923706055,68.19000244140625,5.2975,98.4260025024414
2025-08-25 22:00:00+00:00,3408.39990234375,38.540000915527344,68.1500015258789,5.2975,98.43299865722656
2025-08-25 23:00:00+00:00,3399.800048828125,38.404998779296875,68.12999725341797,5.2975,98.47000122070312
2025-08-26 00:00:00+00:00,3431.10009765625,38.75,67.87000274658203,5.2825,98.18699645996094
2025-08-26 01:00:00+00:00,3424.5,38.689998626708984,67.9000015258789,5.28,98.25599670410156
2025-08-26 02:00:00+00:00,3423.0,38.69499969482422,67.95999908447266,5.2825,98.3030014038086
2025-08-26 03:00:00+00:00,3420.89990234375,38.72999954223633,67.94000244140625,5.2825,98.40399932861328
2025-08-26 04:00:00+00:00,3424.60009765625,38.849998474121094,67.87999725341797,5.2775,98.36399841308594
2025-08-26 05:00:00+00:00,3424.199951171875,38.810001373291016,67.9000015258789,5.2875,98.29100036621094
2025-08-26 06:00:00+00:00,3422.60009765625,38.709999084472656,67.87000274658203,5.285,98.41799926757812
2025-08-26 07:00:00+00:00,3423.0,38.66999816894531,67.62999725341797,5.2825,98.4209976196289
2025-08-26 08:00:00+00:00,3422.800048828125,38.630001068115234,67.48999786376953,5.29,98.43099975585938
2025-08-26 09:00:00+00:00,3419.10009765625,38.525001525878906,67.16000366210938,5.315,98.2750015258789
2025-08-26 10:00:00+00:00,3418.39990234375,38.459999084472656,67.0999984741211,5.295,98.26699829101562
2025-08-26 11:00:00+00:00,3425.0,38.540000915527344,67.12999725341797,5.315,98.18800354003906
2025-08-26 12:00:00+00:00,3418.89990234375,38.41999816894531,67.18000030517578,5.3125,98.24400329589844
2025-08-26 13:00:00+00:00,3422.199951171875,38.5099983215332,67.33000183105469,5.325,98.21700286865234
2025-08-26 14:00:00+00:00,3427.199951171875,38.625,67.31999969482422,5.3325,98.17900085449219
2025-08-26 15:00:00+00:00,3435.10009765625,38.69499969482422,66.86000061035156,5.3275,98.14600372314453
2025-08-26 16:00:00+00:00,3432.10009765625,38.599998474121094,66.73999786376953,5.34,98.18599700927734
2025-08-26 17:00:00+00:00,3430.60009765625,38.55500030517578,66.79000091552734,5.315,98.26100158691406
2025-08-26 18:00:00+00:00,3433.89990234375,38.58000183105469,66.73999786376953,5.3175,98.2249984741211
2025-08-26 19:00:00+00:00,3437.699951171875,38.619998931884766,66.76000213623047,5.3175,98.24099731445312
2025-08-26 20:00:00+00:00,3443.199951171875,38.69499969482422,66.76000213623047,5.3175,98.23699951171875
2025-08-26 21:00:00+00:00,3443.199951171875,38.69499969482422,66.76000213623047,5.3175,98.21900177001953
2025-08-26 22:00:00+00:00,3440.5,38.68000030517578,66.83000183105469,5.3175,98.20999908447266
2025-08-26 23:00:00+00:00,3440.699951171875,38.66999816894531,66.86000061035156,5.3175,98.26599884033203
2025-08-27 00:00:00+00:00,3438.699951171875,38.650001525878906,66.80999755859375,5.325,98.28299713134766
2025-08-27 01:00:00+00:00,3436.60009765625,38.630001068115234,66.58999633789062,5.3225,98.302001953125
2025-08-27 02:00:00+00:00,3433.699951171875,38.57500076293945,66.7699966430664,5.3125,98.33999633789062
2025-08-27 03:00:00+00:00,3431.0,38.58000183105469,66.70999908447266,5.3075,98.38600158691406
2025-08-27 04:00:00+00:00,3426.0,38.5,66.70999908447266,5.305,98.46700286865234
2025-08-27 05:00:00+00:00,3426.699951171875,38.5099983215332,66.58999633789062,5.3,98.41400146484375
2025-08-27 06:00:00+00:00,3427.300048828125,38.46500015258789,66.62999725341797,5.2925,98.39600372314453
2025-08-27 07:00:00+00:00,3430.5,38.459999084472656,66.62000274658203,5.28,98.50700378417969
2025-08-27 08:00:00+00:00,3433.10009765625,38.459999084472656,66.41999816894531,5.2875,98.61000061035156
2025-08-27 09:00:00+00:00,3426.89990234375,38.29499816894531,66.62999725341797,5.2875,98.61399841308594
2025-08-27 10:00:00+00:00,3424.60009765625,38.334999084472656,66.56999969482422,5.2775,98.69499969482422
2025-08-27 11:00:00+00:00,3425.60009765625,38.3849983215332,66.8499984741211,5.265,98.65599822998047
2025-08-27 12:00:00+00:00,3429.699951171875,38.33000183105469,66.98999786376953,5.265,98.62899780273438
2025-08-27 13:00:00+00:00,3426.199951171875,38.25,67.0199966430664,5.2525,98.56199645996094
2025-08-27 14:00:00+00:00,3435.699951171875,38.46500015258789,67.08000183105469,5.2525,98.53900146484375
2025-08-27 15:00:00+00:00,3438.10009765625,38.564998626708984,67.12999725341797,5.2425,98.4209976196289
2025-08-27 16:00:00+00:00,3448.89990234375,38.73500061035156,67.16999816894531,5.245,98.19300079345703
2025-08-27 17:00:00+00:00,3447.60009765625,38.70500183105469,67.2300033569336,5.235,98.1780014038086
2025-08-27 18:00:00+00:00,3447.89990234375,38.654998779296875,67.29000091552734,5.2475,98.23200225830078
2025-08-27 19:00:00+00:00,3449.39990234375,38.6150016784668,67.19999694824219,5.2475,98.21700286865234
2025-08-27 20:00:00+00:00,3451.800048828125,38.689998626708984,67.19999694824219,5.2475,98.19000244140625
2025-08-27 21:00:00+00:00,3451.800048828125,38.689998626708984,67.19999694824219,5.2475,98.197998046875
2025-08-27 22:00:00+00:00,3449.199951171875,38.68000030517578,67.1500015258789,5.2475,98.18399810791016
2025-08-27 23:00:00+00:00,3451.0,38.724998474121094,67.1500015258789,5.2475,98.12300109863281
2025-08-28 00:00:00+00:00,3448.300048828125,38.76499938964844,67.12999725341797,5.2475,98.12799835205078
2025-08-28 01:00:00+00:00,3443.60009765625,38.810001373291016,67.08999633789062,5.2425,98.13300323486328
2025-08-28 02:00:00+00:00,3447.89990234375,38.915000915527344,67.0,5.2475,98.06300354003906
2025-08-28 03:00:00+00:00,3445.10009765625,38.83000183105469,66.97000122070312,5.25,98.1050033569336
2025-08-28 04:00:00+00:00,3445.10009765625,38.849998474121094,66.88999938964844,5.2525,98.14299774169922
2025-08-28 05:00:00+00:00,3446.0,38.86000061035156,66.87999725341797,5.26,98.1510009765625
2025-08-28 06:00:00+00:00,3451.5,38.9900016784668,67.0,5.255,98.13700103759766
2025-08-28 07:00:00+00:00,3450.800048828125,39.56999969482422,67.06999969482422,5.2425,98.11499786376953
2025-08-28 08:00:00+00:00,3456.89990234375,39.525001525878906,66.93000030517578,5.2275,98.12300109863281
2025-08-28 09:00:00+00:00,3455.199951171875,39.51499938964844,67.05999755859375,5.2225,98.0780029296875
2025-08-28 10:00:00+00:00,3454.699951171875,39.619998931884766,67.19000244140625,5.23,97.91899871826172
2025-08-28 11:00:00+00:00,3462.0,39.70000076293945,67.33999633789062,5.2225,97.95500183105469
2025-08-28 12:00:00+00:00,3455.89990234375,39.63999938964844,67.4000015258789,5.2125,97.96499633789062
2025-08-28 13:00:00+00:00,3464.800048828125,39.63999938964844,67.08999633789062,5.2175,97.93900299072266
2025-08-28 14:00:00+00:00,3468.89990234375,39.64500045776367,67.04000091552734,5.21,97.94200134277344
2025-08-28 15:00:00+00:00,3465.800048828125,39.57500076293945,67.05999755859375,5.235,97.9260025024414
2025-08-28 16:00:00+00:00,3473.39990234375,39.709999084472656,66.9800033569336,5.2475,97.80899810791016
2025-08-28 17:00:00+00:00,3475.89990234375,39.75,67.68000030517578,5.2925,97.81199645996094
2025-08-28 18:00:00+00:00,3478.300048828125,39.70500183105469,67.62000274658203,5.2975,97.81300354003906
2025-08-28 19:00:00+00:00,3477.60009765625,39.71500015258789,67.69000244140625,5.2975,97.86599731445312
2025-08-28 20:00:00+00:00,3476.89990234375,39.709999084472656,67.66999816894531,5.2975,97.86699676513672
2025-08-28 21:00:00+00:00,3476.89990234375,39.709999084472656,67.66999816894531,5.2975,97.88400268554688
2025-08-28 22:00:00+00:00,3475.699951171875,39.685001373291016,67.58000183105469,5.2975,97.89700317382812
2025-08-28 23:00:00+00:00,3475.300048828125,39.63999938964844,67.56999969482422,5.2975,97.88200378417969
2025-08-29 00:00:00+00:00,3473.5,39.66999816894531,67.5999984741211,5.2875,97.89900207519531
2025-08-29 01:00:00+00:00,3472.300048828125,39.6349983215332,67.51000213623047,5.295,98.01599884033203
2025-08-29 02:00:00+00:00,3471.39990234375,39.54999923706055,67.52999877929688,5.295,97.98799896240234
2025-08-29 03:00:00+00:00,3470.89990234375,39.54499816894531,67.58999633789062,5.295,97.98100280761719
2025-08-29 04:00:00+00:00,3469.60009765625,39.540000915527344,67.61000061035156,5.295,97.96900177001953
2025-08-29 05:00:00+00:00,3470.60009765625,39.59000015258789,67.6500015258789,5.295,97.9530029296875
2025-08-29 06:00:00+00:00,3469.10009765625,39.5,67.61000061035156,5.2975,97.98400115966797
2025-08-29 07:00:00+00:00,3471.199951171875,39.540000915527344,67.62000274658203,5.3025,97.90899658203125
2025-08-29 08:00:00+00:00,3470.60009765625,39.59000015258789,67.55999755859375,5.2925,97.91999816894531
2025-08-29 09:00:00+00:00,3467.60009765625,39.5,67.61000061035156,5.28,97.9739990234375
2025-08-29 10:00:00+00:00,3464.300048828125,39.459999084472656,67.7300033569336,5.28,98.00700378417969
2025-08-29 11:00:00+00:00,3469.800048828125,39.4900016784668,67.80000305175781,5.295,98.0469970703125
2025-08-29 12:00:00+00:00,3475.89990234375,39.584999084472656,67.86000061035156,5.2825,98.08300018310547
2025-08-29 13:00:00+00:00,3488.199951171875,39.71500015258789,67.69000244140625,5.29,97.99099731445312
2025-08-29 14:00:00+00:00,3504.0,40.02000045776367,67.5,5.3,97.7249984741211
2025-08-29 15:00:00+00:00,3512.5,40.42499923706055,67.58000183105469,5.32,97.78299713134766
2025-08-29 16:00:00+00:00,3517.5,40.81999969482422,67.41999816894531,5.3275,97.7490005493164
2025-08-29 17:00:00+00:00,3512.89990234375,40.584999084472656,67.45999908447266,5.335,97.79000091552734
2025-08-29 18:00:00+00:00,3509.60009765625,40.65999984741211,67.45999908447266,5.3425,97.77100372314453
2025-08-29 19:00:00+00:00,3516.10009765625,40.84000015258789,67.41999816894531,5.3425,97.76699829101562
2025-08-29 20:00:00+00:00,3516.10009765625,40.755001068115234,67.45999908447266,5.3425,97.8550033569336
2025-08-31 22:00:00+00:00,3516.10009765625,40.755001068115234,67.45999908447266,5.3425,97.8479995727539
2025-08-31 23:00:00+00:00,3516.10009765625,40.755001068115234,67.45999908447266,5.3425,97.83399963378906
2025-09-01 00:00:00+00:00,3516.10009765625,40.755001068115234,67.45999908447266,5.3425,97.79199981689453
2025-09-01 01:00:00+00:00,3516.10009765625,40.755001068115234,67.45999908447266,5.3425,97.82099914550781
2025-09-01 02:00:00+00:00,3516.10009765625,40.755001068115234,67.45999908447266,5.3425,97.67500305175781
2025-09-01 03:00:00+00:00,3516.10009765625,40.755001068115234,67.45999908447266,5.3425,97.6989974975586
2025-09-02 04:00:00+00:00,3565.89990234375,41.755001068115234,68.41000366210938,5.285,97.8489990234375
2025-09-02 05:00:00+00:00,3561.800048828125,41.69499969482422,68.4800033569336,5.29,97.86499786376953
2025-09-02 06:00:00+00:00,3555.60009765625,41.67499923706055,68.58999633789062,5.2875,97.80799865722656
2025-09-02 07:00:00+00:00,3541.60009765625,41.36000061035156,68.69000244140625,5.2525,98.30000305175781
2025-09-02 08:00:00+00:00,3545.199951171875,41.26499938964844,69.2699966430664,5.275,98.27899932861328
2025-09-02 09:00:00+00:00,3546.39990234375,41.415000915527344,69.45999908447266,5.28,98.34500122070312
2025-09-02 10:00:00+00:00,3555.0,41.53499984741211,69.41000366210938,5.26,98.39800262451172
2025-09-02 11:00:00+00:00,3558.699951171875,41.59000015258789,69.2300033569336,5.2475,98.3280029296875
2025-09-02 12:00:00+00:00,3548.0,41.28499984741211,68.08999633789062,5.25,98.5469970703125
2025-09-02 13:00:00+00:00,3552.199951171875,41.29999923706055,68.45999908447266,5.2375,98.29299926757812
2025-09-02 14:00:00+00:00,3574.89990234375,41.584999084472656,68.75,5.2725,98.18000030517578
2025-09-02 15:00:00+00:00,3586.10009765625,41.665000915527344,68.97000122070312,5.24,98.25399780273438
2025-09-02 16:00:00+00:00,3593.0,41.709999084472656,69.20999908447266,5.25,98.29499816894531
2025-09-02 17:00:00+00:00,3594.300048828125,41.65999984741211,69.12999725341797,5.2725,98.3239974975586
2025-09-02 18:00:00+00:00,3593.199951171875,41.63999938964844,69.08000183105469,5.285,98.39700317382812
2025-09-02 19:00:00+00:00,3597.89990234375,41.67499923706055,69.13999938964844,5.285,98.3280029296875
2025-09-02 20:00:00+00:00,3599.5,41.72999954223633,69.12000274658203,5.285,98.322998046875
2025-09-02 21:00:00+00:00,3599.5,41.72999954223633,69.12000274658203,5.285,98.31999969482422
2025-09-02 22:00:00+00:00,3596.5,41.67499923706055,69.08999633789062,5.285,98.30400085449219
2025-09-02 23:00:00+00:00,3595.5,41.65999984741211,69.08000183105469,5.285,98.4010009765625
2025-09-03 00:00:00+00:00,3603.10009765625,41.67499923706055,69.13999938964844,5.2875,98.427001953125
2025-09-03 01:00:00+00:00,3604.0,41.720001220703125,69.0999984741211,5.285,98.45500183105469
2025-09-03 02:00:00+00:00,3596.699951171875,41.58000183105469,69.02999877929688,5.2825,98.47200012207031
2025-09-03 03:00:00+00:00,3596.60009765625,41.584999084472656,68.91000366210938,5.2775,98.50199890136719
2025-09-03 04:00:00+00:00,3602.300048828125,41.6150016784668,68.94999694824219,5.28,98.4229965209961
2025-09-03 05:00:00+00:00,3595.10009765625,41.5,68.91000366210938,5.2825,98.44400024414062
2025-09-03 06:00:00+00:00,3601.89990234375,41.630001068115234,68.91999816894531,5.29,98.41300201416016
2025-09-03 07:00:00+00:00,3598.39990234375,41.56999969482422,68.81999969482422,5.2925,98.41899871826172
2025-09-03 08:00:00+00:00,3606.89990234375,41.58000183105469,68.94999694824219,5.2875,98.26100158691406
2025-09-03 09:00:00+00:00,3601.60009765625,41.61000061035156,68.0,5.2775,98.25299835205078
2025-09-03 10:00:00+00:00,3608.699951171875,41.665000915527344,67.80000305175781,5.28,98.33599853515625
2025-09-03 11:00:00+00:00,3616.0,41.72999954223633,67.91000366210938,5.265,98.28299713134766
2025-09-03 12:00:00+00:00,3616.5,41.779998779296875,68.02999877929688,5.27,98.30799865722656
2025-09-03 13:00:00+00:00,3619.60009765625,41.84000015258789,67.81999969482422,5.275,98.2969970703125
2025-09-03 14:00:00+00:00,3621.300048828125,41.70000076293945,67.66000366210938,5.23,98.1520004272461
2025-09-03 15:00:00+00:00,3628.60009765625,41.98500061035156,68.31999969482422,5.2325,98.06300354003906
2025-09-03 16:00:00+00:00,3635.800048828125,42.040000915527344,67.66000366210938,5.2325,98.052001953125
2025-09-03 17:00:00+00:00,3637.39990234375,42.04999923706055,67.47000122070312,5.22,98.15299987792969
2025-09-03 18:00:00+00:00,3628.800048828125,41.81999969482422,67.48999786376953,5.2225,98.14199829101562
2025-09-03 19:00:00+00:00,3619.300048828125,41.744998931884766,67.54000091552734,5.2225,98.18000030517578
2025-09-03 20:00:00+00:00,3619.699951171875,41.810001373291016,67.37999725341797,5.2225,98.1520004272461
2025-09-03 21:00:00+00:00,3619.699951171875,41.810001373291016,67.37999725341797,5.2225,98.15299987792969
2025-09-03 22:00:00+00:00,3616.10009765625,41.65999984741211,67.41999816894531,5.2225,98.14399719238281
2025-09-03 23:00:00+00:00,3613.60009765625,41.65999984741211,67.43000030517578,5.2225,98.13999938964844
2025-09-04 00:00:00+00:00,3619.10009765625,41.790000915527344,67.37999725341797,5.21,98.16000366210938
2025-09-04 01:00:00+00:00,3605.0,41.54499816894531,67.25,5.205,98.16500091552734
2025-09-04 02:00:00+00:00,3589.199951171875,41.279998779296875,67.30000305175781,5.2075,98.21800231933594
2025-09-04 03:00:00+00:00,3587.89990234375,41.314998626708984,67.18000030517578,5.21,98.23100280761719
2025-09-04 04:00:00+00:00,3590.199951171875,41.33000183105469,67.18000030517578,5.2125,98.23799896240234
2025-09-04 05:00:00+00:00,3584.199951171875,41.345001220703125,67.12999725341797,5.21,98.21900177001953
2025-09-04 06:00:00+00:00,3596.5,41.45500183105469,66.87999725341797,5.205,98.24099731445312
2025-09-04 07:00:00+00:00,3599.5,41.540000915527344,66.77999877929688,5.1975,98.26599884033203
2025-09-04 08:00:00+00:00,3599.199951171875,41.540000915527344,67.0,5.175,98.19100189208984
2025-09-04 09:00:00+00:00,3596.0,41.54499816894531,66.44000244140625,5.17,98.29900360107422
2025-09-04 10:00:00+00:00,3599.60009765625,41.564998626708984,66.5999984741211,5.1575,98.23500061035156
2025-09-04 11:00:00+00:00,3603.10009765625,41.4900016784668,67.0,5.15,98.31099700927734
2025-09-04 12:00:00+00:00,3609.0,41.55500030517578,66.79000091552734,5.1675,98.2969970703125
2025-09-04 13:00:00+00:00,3605.60009765625,41.275001525878906,66.66999816894531,5.155,98.28299713134766
2025-09-04 14:00:00+00:00,3605.60009765625,41.3650016784668,67.06999969482422,5.155,98.4209976196289
2025-09-04 15:00:00+00:00,3612.300048828125,41.44499969482422,66.98999786376953,5.1725,98.3239974975586
2025-09-04 16:00:00+00:00,3610.5,41.45000076293945,67.12000274658203,5.1875,98.38099670410156
2025-09-04 17:00:00+00:00,3600.60009765625,41.20000076293945,67.06999969482422,5.1875,98.39399719238281
2025-09-04 18:00:00+00:00,3602.300048828125,41.275001525878906,66.94000244140625,5.2,98.34700012207031
2025-09-04 19:00:00+00:00,3605.89990234375,41.334999084472656,66.83000183105469,5.2,98.28500366210938
2025-09-04 20:00:00+00:00,3602.39990234375,41.314998626708984,66.83999633789062,5.2,98.28700256347656
2025-09-04 21:00:00+00:00,3602.39990234375,41.314998626708984,66.83999633789062,5.2,98.28700256347656
2025-09-04 22:00:00+00:00,3596.699951171875,41.255001068115234,66.79000091552734,5.2,98.26300048828125
2025-09-04 23:00:00+00:00,3609.60009765625,41.3849983215332,66.80999755859375,5.2,98.23400115966797
2025-09-05 00:00:00+00:00,3610.300048828125,41.415000915527344,66.79000091552734,5.1975,98.18599700927734
2025-09-05 01:00:00+00:00,3611.10009765625,41.494998931884766,66.75,5.2,98.12000274658203
2025-09-05 02:00:00+00:00,3610.300048828125,41.51499938964844,66.87999725341797,5.205,98.13700103759766
2025-09-05 03:00:00+00:00,3618.199951171875,41.560001373291016,66.8499984741211,5.195,98.11499786376953
2025-09-05 04:00:00+00:00,3616.699951171875,41.54999923706055,66.91000366210938,5.19,98.15299987792969
2025-09-05 05:00:00+00:00,3617.699951171875,41.625,66.9000015258789,5.2075,98.0770034790039
2025-09-05 06:00:00+00:00,3612.5,41.560001373291016,66.76000213623047,5.2025,98.12300109863281
2025-09-05 07:00:00+00:00,3607.5,41.44499969482422,66.70999908447266,5.2,98.05999755859375
2025-09-05 08:00:00+00:00,3603.0,41.3849983215332,66.94000244140625,5.225,98.01699829101562
2025-09-05 09:00:00+00:00,3609.300048828125,41.41999816894531,66.95999908447266,5.2225,97.98600006103516
2025-09-05 10:00:00+00:00,3608.199951171875,41.33000183105469,66.44000244140625,5.2325,97.96399688720703
2025-09-05 11:00:00+00:00,3609.300048828125,41.380001068115234,66.44000244140625,5.23,98.01499938964844
2025-09-05 12:00:00+00:00,3639.300048828125,41.92499923706055,65.72000122070312,5.2025,97.62799835205078
2025-09-05 13:00:00+00:00,3651.0,41.97999954223633,65.66000366210938,5.2225,97.48100280761719
2025-09-05 14:00:00+00:00,3646.199951171875,41.525001525878906,65.36000061035156,5.22,97.5999984741211
2025-09-05 15:00:00+00:00,3647.39990234375,41.58000183105469,65.11000061035156,5.2125,97.43599700927734
2025-09-05 16:00:00+00:00,3651.39990234375,41.53499984741211,65.48999786376953,5.215,97.58799743652344
2025-09-05 17:00:00+00:00,3651.60009765625,41.529998779296875,65.41000366210938,5.2075,97.69000244140625
2025-09-05 18:00:00+00:00,3649.199951171875,41.494998931884766,65.69000244140625,5.1925,97.76799774169922
2025-09-05 19:00:00+00:00,3646.5,41.494998931884766,65.63999938964844,5.1925,97.76399993896484
2025-09-05 20:00:00+00:00,3639.800048828125,41.551998138427734,65.58000183105469,5.1925,97.73500061035156
2025-09-07 22:00:00+00:00,3632.39990234375,41.3849983215332,65.62999725341797,5.1925,97.90899658203125
2025-09-07 23:00:00+00:00,3630.800048828125,41.39500045776367,65.9000015258789,5.1925,97.86199951171875
2025-09-08 00:00:00+00:00,3634.39990234375,41.415000915527344,65.87000274658203,5.1925,97.86399841308594
2025-09-08 01:00:00+00:00,3631.10009765625,41.3650016784668,66.26000213623047,5.1925,97.83999633789062
2025-09-08 02:00:00+00:00,3632.89990234375,41.32500076293945,66.27999877929688,5.1925,97.81800079345703
2025-09-08 03:00:00+00:00,3626.800048828125,41.224998474121094,66.30000305175781,5.1925,97.86499786376953
2025-09-08 04:00:00+00:00,3623.39990234375,41.119998931884766,66.2699966430664,5.18,97.83999633789062
2025-09-08 05:00:00+00:00,3631.800048828125,41.380001068115234,66.5,5.1775,97.8239974975586
2025-09-08 06:00:00+00:00,3638.199951171875,41.59000015258789,66.66000366210938,5.195,97.70999908447266
2025-09-08 07:00:00+00:00,3650.5,41.66999816894531,66.45999908447266,5.175,97.6449966430664
2025-09-08 08:00:00+00:00,3651.39990234375,41.845001220703125,66.62000274658203,5.1825,97.6780014038086
2025-09-08 09:00:00+00:00,3654.0,41.869998931884766,66.80999755859375,5.1975,97.72899627685547
2025-09-08 10:00:00+00:00,3657.0,41.78499984741211,66.8499984741211,5.2,97.68399810791016
2025-09-08 11:00:00+00:00,3658.89990234375,41.875,66.4800033569336,5.205,97.66600036621094
2025-09-08 12:00:00+00:00,3663.10009765625,41.900001525878906,66.75,5.215,97.59500122070312
2025-09-08 13:00:00+00:00,3673.300048828125,42.0,65.8499984741211,5.21,97.53600311279297
2025-09-08 14:00:00+00:00,3680.5,42.2400016784668,65.98999786376953,5.215,97.58399963378906
2025-09-08 15:00:00+00:00,3680.10009765625,42.08000183105469,66.16000366210938,5.2175,97.53099822998047
2025-09-08 16:00:00+00:00,3681.5,41.92499923706055,65.93000030517578,5.2225,97.60399627685547
2025-09-08 17:00:00+00:00,3674.300048828125,41.849998474121094,65.9800033569336,5.2325,97.6259994506836
2025-09-08 18:00:00+00:00,3677.5,41.96500015258789,66.08000183105469,5.2425,97.4540023803711
2025-09-08 19:00:00+00:00,3676.199951171875,41.91999816894531,66.11000061035156,5.2425,97.44100189208984
2025-09-08 20:00:00+00:00,3677.60009765625,41.939998626708984,66.20999908447266,5.2425,97.447998046875
2025-09-08 21:00:00+00:00,3677.60009765625,41.939998626708984,66.20999908447266,5.2425,97.45500183105469
2025-09-08 22:00:00+00:00,3671.5,41.915000915527344,66.2300033569336,5.2425,97.44100189208984
2025-09-08 23:00:00+00:00,3674.800048828125,41.91999816894531,66.25,5.2425,97.39600372314453
2025-09-09 00:00:00+00:00,3679.800048828125,41.939998626708984,66.18000030517578,5.2275,97.37899780273438
2025-09-09 01:00:00+00:00,3687.699951171875,41.95500183105469,66.2699966430664,5.2275,97.34100341796875
2025-09-09 02:00:00+00:00,3687.60009765625,42.005001068115234,66.36000061035156,5.23,97.38700103759766
2025-09-09 03:00:00+00:00,3685.199951171875,41.91999816894531,66.33999633789062,5.2275,97.4280014038086
2025-09-09 04:00:00+00:00,3693.39990234375,41.98500061035156,66.4800033569336,5.235,97.33300018310547
2025-09-09 05:00:00+00:00,3694.89990234375,41.9900016784668,66.47000122070312,5.235,97.26799774169922
2025-09-09 06:00:00+00:00,3687.300048828125,41.88999938964844,66.55000305175781,5.2325,97.3740005493164
2025-09-09 07:00:00+00:00,3683.800048828125,41.91999816894531,66.66000366210938,5.225,97.46099853515625
2025-09-09 08:00:00+00:00,3687.60009765625,41.814998626708984,66.76000213623047,5.2325,97.35800170898438
2025-09-09 09:00:00+00:00,3692.199951171875,41.900001525878906,66.44000244140625,5.225,97.27999877929688
2025-09-09 10:00:00+00:00,3690.800048828125,41.834999084472656,66.48999786376953,5.2375,97.38300323486328
2025-09-09 11:00:00+00:00,3686.699951171875,41.744998931884766,66.58000183105469,5.23,97.48799896240234
2025-09-09 12:00:00+00:00,3686.300048828125,41.56999969482422,66.30000305175781,5.215,97.53800201416016
2025-09-09 13:00:00+00:00,3705.800048828125,41.7599983215332,67.0999984741211,5.2275,97.4990005493164
2025-09-09 14:00:00+00:00,3684.300048828125,41.41999816894531,67.12999725341797,5.225,97.5999984741211
2025-09-09 15:00:00+00:00,3684.300048828125,41.3650016784668,66.68000030517578,5.215,97.6760025024414
2025-09-09 16:00:00+00:00,3684.199951171875,41.314998626708984,66.55000305175781,5.2125,97.68900299072266
2025-09-09 17:00:00+00:00,3682.10009765625,41.29499816894531,66.44999694824219,5.21,97.76399993896484
2025-09-09 18:00:00+00:00,3679.199951171875,41.42499923706055,66.4800033569336,5.195,97.78800201416016
2025-09-09 19:00:00+00:00,3668.300048828125,41.3650016784668,66.41999816894531,5.195,97.80000305175781
2025-09-09 20:00:00+00:00,3663.800048828125,41.35499954223633,66.55000305175781,5.195,97.7699966430664
2025-09-09 21:00:00+00:00,3663.800048828125,41.35499954223633,66.55000305175781,5.195,97.75399780273438
2025-09-09 22:00:00+00:00,3671.800048828125,41.369998931884766,66.7300033569336,5.195,97.74500274658203
2025-09-09 23:00:00+00:00,3671.10009765625,41.36000061035156,66.80000305175781,5.195,97.80899810791016
2025-09-10 00:00:00+00:00,3661.300048828125,41.22999954223633,66.80000305175781,5.1925,97.84500122070312
2025-09-10 01:00:00+00:00,3668.800048828125,41.42499923706055,66.88999938964844,5.2025,97.8280029296875
2025-09-10 02:00:00+00:00,3674.0,41.459999084472656,66.87000274658203,5.205,97.7699966430664
2025-09-10 03:00:00+00:00,3674.800048828125,41.474998474121094,66.97000122070312,5.2025,97.76799774169922
2025-09-10 04:00:00+00:00,3680.0,41.54499816894531,67.05000305175781,5.2,97.70999908447266
2025-09-10 05:00:00+00:00,3680.60009765625,41.505001068115234,67.05999755859375,5.2175,97.75900268554688
2025-09-10 06:00:00+00:00,3682.0,41.51499938964844,67.0,5.2175,97.86499786376953
2025-09-10 07:00:00+00:00,3682.60009765625,41.60499954223633,66.88999938964844,5.2175,97.8010025024414
2025-09-10 08:00:00+00:00,3684.699951171875,41.56999969482422,66.98999786376953,5.215,97.81300354003906
2025-09-10 09:00:00+00:00,3693.60009765625,41.709999084472656,66.79000091552734,5.2025,97.71800231933594
2025-09-10 10:00:00+00:00,3694.39990234375,41.689998626708984,67.02999877929688,5.205,97.80699920654297
2025-09-10 11:00:00+00:00,3688.800048828125,41.595001220703125,66.9800033569336,5.205,97.79000091552734
2025-09-10 12:00:00+00:00,3683.199951171875,41.52000045776367,67.04000091552734,5.2075,97.81700134277344
2025-09-10 13:00:00+00:00,3690.699951171875,41.67499923706055,67.04000091552734,5.1925,97.65899658203125
2025-09-10 14:00:00+00:00,3687.5,41.67499923706055,67.0199966430664,5.175,97.6259994506836
2025-09-10 15:00:00+00:00,3683.699951171875,41.625,67.68000030517578,5.1675,97.70600128173828
2025-09-10 16:00:00+00:00,3682.0,41.61000061035156,67.70999908447266,5.1575,97.7760009765625
2025-09-10 17:00:00+00:00,3686.89990234375,41.650001525878906,67.56999969482422,5.1575,97.77899932861328
2025-09-10 18:00:00+00:00,3684.89990234375,41.630001068115234,67.58999633789062,5.15,97.77999877929688
2025-09-10 19:00:00+00:00,3681.699951171875,41.65999984741211,67.5999984741211,5.15,97.81400299072266
2025-09-10 20:00:00+00:00,3680.39990234375,41.650001525878906,67.56999969482422,5.15,97.85299682617188
2025-09-10 21:00:00+00:00,3680.39990234375,41.650001525878906,67.56999969482422,5.15,97.80999755859375
2025-09-10 22:00:00+00:00,3678.699951171875,41.630001068115234,67.58999633789062,5.15,97.80599975585938
2025-09-10 23:00:00+00:00,3683.199951171875,41.689998626708984,67.58000183105469,5.15,97.78800201416016
2025-09-11 00:00:00+00:00,3682.5,41.625,67.56999969482422,5.155,97.85700225830078
2025-09-11 01:00:00+00:00,3679.199951171875,41.67499923706055,67.52999877929688,5.1575,97.8290023803711
2025-09-11 02:00:00+00:00,3674.89990234375,41.584999084472656,67.44999694824219,5.16,97.84600067138672
2025-09-11 03:00:00+00:00,3669.699951171875,41.54999923706055,67.4000015258789,5.1625,97.8479995727539
2025-09-11 04:00:00+00:00,3668.300048828125,41.494998931884766,67.37999725341797,5.1625,97.8280029296875
2025-09-11 05:00:00+00:00,3663.0,41.35499954223633,67.30999755859375,5.1675,97.90899658203125
2025-09-11 06:00:00+00:00,3670.699951171875,41.56999969482422,67.38999938964844,5.16,97.91699981689453
2025-09-11 07:00:00+00:00,3667.60009765625,41.540000915527344,67.38999938964844,5.1625,97.91500091552734
2025-09-11 08:00:00+00:00,3664.60009765625,41.494998931884766,67.23999786376953,5.155,97.92500305175781
2025-09-11 09:00:00+00:00,3659.60009765625,41.46500015258789,67.23999786376953,5.15,97.98100280761719
2025-09-11 10:00:00+00:00,3659.89990234375,41.529998779296875,67.0199966430664,5.1525,97.98999786376953
2025-09-11 11:00:00+00:00,3654.89990234375,41.4900016784668,66.86000061035156,5.135,97.99700164794922
2025-09-11 12:00:00+00:00,3666.60009765625,41.52000045776367,66.61000061035156,5.1225,97.73400115966797
2025-09-11 13:00:00+00:00,3667.89990234375,41.86000061035156,66.55999755859375,5.17,97.56800079345703
2025-09-11 14:00:00+00:00,3668.0,41.834999084472656,66.38999938964844,5.1875,97.5999984741211
2025-09-11 15:00:00+00:00,3672.0,42.04499816894531,66.4000015258789,5.18,97.56400299072266
2025-09-11 16:00:00+00:00,3674.199951171875,42.20500183105469,66.43000030517578,5.2025,97.51699829101562
2025-09-11 17:00:00+00:00,3673.10009765625,42.18000030517578,66.41999816894531,5.2225,97.57499694824219
2025-09-11 18:00:00+00:00,3671.39990234375,42.04999923706055,66.27999877929688,5.2125,97.53099822998047
2025-09-11 19:00:00+00:00,3675.39990234375,42.10499954223633,66.23999786376953,5.2125,97.52100372314453
2025-09-11 20:00:00+00:00,3673.39990234375,42.064998626708984,66.25,5.2125,97.54199981689453
2025-09-11 21:00:00+00:00,3673.39990234375,42.064998626708984,66.25,5.2125,97.54499816894531
2025-09-11 22:00:00+00:00,3672.89990234375,42.04999923706055,66.23999786376953,5.2125,97.5
2025-09-11 23:00:00+00:00,3669.199951171875,42.025001525878906,66.20999908447266,5.2125,97.5530014038086
2025-09-12 00:00:00+00:00,3673.800048828125,41.959999084472656,66.06999969482422,5.2025,97.55899810791016
2025-09-12 01:00:00+00:00,3685.0,42.65999984741211,65.88999938964844,5.2025,97.63600158691406
2025-09-12 02:00:00+00:00,3688.699951171875,42.46500015258789,65.81999969482422,5.205,97.625
2025-09-12 03:00:00+00:00,3691.800048828125,42.650001525878906,65.83000183105469,5.205,97.63899993896484
2025-09-12 04:00:00+00:00,3693.5,42.66999816894531,65.86000061035156,5.2025,97.64199829101562
2025-09-12 05:00:00+00:00,3691.89990234375,42.68000030517578,65.91999816894531,5.205,97.59300231933594
2025-09-12 06:00:00+00:00,3689.300048828125,42.61000061035156,65.7699966430664,5.205,97.55400085449219
2025-09-12 07:00:00+00:00,3686.300048828125,42.720001220703125,66.12000274658203,5.215,97.552001953125
2025-09-12 08:00:00+00:00,3678.699951171875,42.79499816894531,66.43000030517578,5.21,97.75700378417969
2025-09-12 09:00:00+00:00,3684.5,42.939998626708984,66.66000366210938,5.215,97.71399688720703
2025-09-12 10:00:00+00:00,3689.5,42.85499954223633,67.12999725341797,5.2175,97.62200164794922
2025-09-12 11:00:00+00:00,3684.60009765625,42.80500030517578,67.6500015258789,5.205,97.71099853515625
2025-09-12 12:00:00+00:00,3683.5,42.5099983215332,67.70999908447266,5.1875,97.76599884033203
2025-09-12 13:00:00+00:00,3688.199951171875,42.7599983215332,67.5,5.1875,97.73799896240234
2025-09-12 14:00:00+00:00,3686.10009765625,42.724998474121094,67.44999694824219,5.1875,97.66400146484375
2025-09-12 15:00:00+00:00,3682.300048828125,42.67499923706055,67.45999908447266,5.195,97.76699829101562
2025-09-12 16:00:00+00:00,3687.800048828125,42.775001525878906,66.83999633789062,5.1725,97.66000366210938
2025-09-12 17:00:00+00:00,3687.300048828125,42.83000183105469,66.80000305175781,5.235,97.61900329589844
2025-09-12 18:00:00+00:00,3686.89990234375,42.80500030517578,66.88999938964844,5.235,97.55000305175781
2025-09-12 19:00:00+00:00,3682.699951171875,42.72999954223633,66.80000305175781,5.235,97.59400177001953
2025-09-12 20:00:00+00:00,3680.699951171875,42.68000030517578,66.87000274658203,5.235,97.61499786376953
2025-09-14 22:00:00+00:00,3679.699951171875,42.650001525878906,66.91000366210938,5.235,97.64600372314453
2025-09-14 23:00:00+00:00,3675.199951171875,42.61000061035156,66.94000244140625,5.235,97.66200256347656
2025-09-15 00:00:00+00:00,3670.60009765625,42.654998779296875,67.13999938964844,5.235,97.64399719238281
2025-09-15 01:00:00+00:00,3671.89990234375,42.6150016784668,67.2699966430664,5.235,97.63800048828125
2025-09-15 02:00:00+00:00,3677.60009765625,42.654998779296875,67.30000305175781,5.235,97.63600158691406
2025-09-15 03:00:00+00:00,3683.199951171875,42.82500076293945,67.36000061035156,5.235,97.5989990234375
2025-09-15 04:00:00+00:00,3682.800048828125,42.80500030517578,67.3499984741211,5.235,97.58000183105469
2025-09-15 05:00:00+00:00,3681.10009765625,42.720001220703125,67.4000015258789,5.235,97.6240005493164
2025-09-15 06:00:00+00:00,3674.300048828125,42.625,67.19999694824219,5.235,97.63800048828125
2025-09-15 07:00:00+00:00,3680.699951171875,42.724998474121094,67.29000091552734,5.245,97.57099914550781
2025-09-15 08:00:00+00:00,3682.39990234375,42.68000030517578,67.27999877929688,5.2125,97.5469970703125
2025-09-15 09:00:00+00:00,3678.300048828125,42.64500045776367,67.25,5.2125,97.48300170898438
2025-09-15 10:00:00+00:00,3676.5,42.650001525878906,67.0199966430664,5.225,97.4260025024414
2025-09-15 11:00:00+00:00,3679.60009765625,42.66999816894531,67.16000366210938,5.2475,97.3759994506836
2025-09-15 12:00:00+00:00,3687.60009765625,42.64500045776367,67.08999633789062,5.2475,97.3219985961914
2025-09-15 13:00:00+00:00,3694.800048828125,42.64500045776367,67.54000091552734,5.28,97.40499877929688
2025-09-15 14:00:00+00:00,3701.300048828125,42.92499923706055,67.5999984741211,5.2775,97.40699768066406
2025-09-15 15:00:00+00:00,3720.39990234375,43.06999969482422,67.2699966430664,5.245,97.2969970703125
2025-09-15 16:00:00+00:00,3718.10009765625,42.93000030517578,67.3499984741211,5.25,97.37999725341797
2025-09-15 17:00:00+00:00,3721.300048828125,43.06999969482422,67.44999694824219,5.25,97.28500366210938
2025-09-15 18:00:00+00:00,3716.300048828125,43.06999969482422,67.47000122070312,5.255,97.302001953125
2025-09-15 19:00:00+00:00,3720.199951171875,43.13999938964844,67.44999694824219,5.255,97.3219985961914
2025-09-15 20:00:00+00:00,3719.5,43.189998626708984,67.44999694824219,5.255,97.35700225830078
2025-09-15 21:00:00+00:00,3719.5,43.189998626708984,67.44999694824219,5.255,97.322998046875
2025-09-15 22:00:00+00:00,3717.800048828125,43.189998626708984,67.47000122070312,5.255,97.34400177001953
2025-09-16 00:00:00+00:00,3725.39990234375,43.185001373291016,67.48999786376953,5.26,97.35299682617188
2025-09-16 01:00:00+00:00,3717.699951171875,43.16999816894531,67.6500015258789,5.2675,97.31500244140625
2025-09-16 02:00:00+00:00,3714.89990234375,42.8650016784668,67.56999969482422,5.265,97.24099731445312
2025-09-16 03:00:00+00:00,3718.10009765625,43.03499984741211,67.58000183105469,5.265,97.22599792480469
2025-09-16 04:00:00+00:00,3721.10009765625,43.095001220703125,67.5999984741211,5.2675,97.22899627685547
2025-09-16 05:00:00+00:00,3720.0,43.09000015258789,67.52999877929688,5.265,97.20999908447266
2025-09-16 06:00:00+00:00,3730.800048828125,43.17499923706055,67.41999816894531,5.27,97.13600158691406
2025-09-16 07:00:00+00:00,3726.199951171875,43.16999816894531,67.19000244140625,5.27,97.10199737548828
2025-09-16 08:00:00+00:00,3731.699951171875,43.15999984741211,67.0999984741211,5.27,97.12000274658203
2025-09-16 09:00:00+00:00,3736.300048828125,43.18000030517578,67.25,5.26,96.9990005493164
2025-09-16 10:00:00+00:00,3731.0,43.14500045776367,67.0199966430664,5.2725,97.0459976196289
2025-09-16 11:00:00+00:00,3734.5,43.29999923706055,67.2699966430664,5.285,96.9800033569336
2025-09-16 12:00:00+00:00,3726.60009765625,43.279998779296875,67.69999694824219,5.2975,97.05400085449219
2025-09-16 13:00:00+00:00,3733.0,43.255001068115234,67.6500015258789,5.3,96.89600372314453
2025-09-16 14:00:00+00:00,3722.300048828125,42.994998931884766,67.83999633789062,5.3125,96.73200225830078
2025-09-16 15:00:00+00:00,3723.0,42.790000915527344,68.0199966430664,5.335,96.76100158691406
2025-09-16 16:00:00+00:00,3726.89990234375,42.92499923706055,68.0,5.3325,96.64399719238281
2025-09-16 17:00:00+00:00,3723.800048828125,42.84000015258789,68.16000366210938,5.3375,96.63600158691406
2025-09-16 18:00:00+00:00,3726.699951171875,42.875,67.95999908447266,5.335,96.63300323486328
2025-09-16 19:00:00+00:00,3726.60009765625,42.845001220703125,68.0199966430664,5.335,96.69000244140625
2025-09-16 20:00:00+00:00,3727.5,42.880001068115234,68.47000122070312,5.335,96.6449966430664
2025-09-16 21:00:00+00:00,3727.5,42.880001068115234,68.47000122070312,5.335,96.66600036621094
2025-09-16 22:00:00+00:00,3729.0,42.93000030517578,68.56999969482422,5.335,96.65599822998047
2025-09-16 23:00:00+00:00,3731.699951171875,42.935001373291016,68.55000305175781,5.335,96.61799621582031
2025-09-17 00:00:00+00:00,3728.10009765625,42.83000183105469,68.4800033569336,5.335,96.70600128173828
2025-09-17 01:00:00+00:00,3716.699951171875,42.474998474121094,68.41000366210938,5.3275,96.71800231933594
2025-09-17 02:00:00+00:00,3718.800048828125,42.404998779296875,67.91999816894531,5.3275,96.72599792480469
2025-09-17 03:00:00+00:00,3718.199951171875,42.400001525878906,68.33000183105469,5.3275,96.7509994506836
2025-09-17 04:00:00+00:00,3717.10009765625,42.380001068115234,67.9000015258789,5.325,96.72799682617188
2025-09-17 05:00:00+00:00,3716.39990234375,42.334999084472656,67.87999725341797,5.3175,96.71600341796875
2025-09-17 06:00:00+00:00,3711.800048828125,42.224998474121094,68.41000366210938,5.315,96.71900177001953
2025-09-17 07:00:00+00:00,3703.699951171875,42.150001525878906,68.12000274658203,5.3175,96.83100128173828
2025-09-17 08:00:00+00:00,3701.0,41.98500061035156,68.02999877929688,5.335,96.76399993896484
2025-09-17 09:00:00+00:00,3703.89990234375,41.935001373291016,68.0,5.3375,96.75599670410156
2025-09-17 10:00:00+00:00,3697.0,41.689998626708984,67.91000366210938,5.3425,96.80500030517578
2025-09-17 11:00:00+00:00,3701.199951171875,41.915000915527344,68.19000244140625,5.3325,96.7959976196289
2025-09-17 12:00:00+00:00,3713.89990234375,42.20000076293945,67.73999786376953,5.3425,96.77100372314453
2025-09-17 13:00:00+00:00,3714.199951171875,42.375,67.9000015258789,5.3375,96.72699737548828
2025-09-17 14:00:00+00:00,3719.300048828125,42.375,67.83000183105469,5.33,96.74199676513672
2025-09-17 15:00:00+00:00,3718.60009765625,42.349998474121094,68.2699966430664,5.2975,96.7699966430664
2025-09-17 16:00:00+00:00,3720.39990234375,42.279998779296875,68.19999694824219,5.275,96.71800231933594
2025-09-17 17:00:00+00:00,3722.300048828125,42.244998931884766,67.69999694824219,5.27,96.68499755859375
2025-09-17 18:00:00+00:00,3685.89990234375,41.73500061035156,67.69999694824219,5.285,96.87300109863281
2025-09-17 19:00:00+00:00,3696.199951171875,41.95500183105469,67.8499984741211,5.285,96.94300079345703
2025-09-17 20:00:00+00:00,3694.60009765625,41.994998931884766,67.9000015258789,5.285,97.03099822998047
2025-09-17 21:00:00+00:00,3694.60009765625,41.994998931884766,67.9000015258789,5.285,97.01300048828125
2025-09-17 22:00:00+00:00,3695.800048828125,42.04499816894531,67.52999877929688,5.285,97.01499938964844
2025-09-17 23:00:00+00:00,3703.0,42.17499923706055,68.04000091552734,5.285,96.9520034790039
2025-09-18 00:00:00+00:00,3699.60009765625,42.10499954223633,67.2699966430664,5.2975,96.95999908447266
2025-09-18 01:00:00+00:00,3692.60009765625,41.900001525878906,67.13999938964844,5.295,97.04900360107422
2025-09-18 02:00:00+00:00,3699.199951171875,42.01499938964844,67.27999877929688,5.2975,96.99400329589844
2025-09-18 03:00:00+00:00,3693.0,41.845001220703125,67.88999938964844,5.295,97.04900360107422
2025-09-18 04:00:00+00:00,3688.300048828125,41.720001220703125,67.26000213623047,5.2875,97.177001953125
2025-09-18 05:00:00+00:00,3685.300048828125,41.66999816894531,67.1500015258789,5.28,97.2300033569336
2025-09-18 06:00:00+00:00,3670.89990234375,41.70500183105469,67.18000030517578,5.2825,97.21900177001953
2025-09-18 07:00:00+00:00,3692.5,42.01499938964844,67.62000274658203,5.2975,96.947998046875
2025-09-18 08:00:00+00:00,3700.199951171875,42.13999938964844,68.0999984741211,5.31,96.98500061035156
2025-09-18 09:00:00+00:00,3706.39990234375,42.189998626708984,67.38999938964844,5.305,96.90799713134766
2025-09-18 10:00:00+00:00,3701.199951171875,42.095001220703125,67.33999633789062,5.305,96.90899658203125
2025-09-18 11:00:00+00:00,3700.699951171875,42.099998474121094,68.25,5.32,97.01399993896484
2025-09-18 12:00:00+00:00,3696.89990234375,42.14500045776367,67.58999633789062,5.2975,97.24199676513672
2025-09-18 13:00:00+00:00,3675.39990234375,41.935001373291016,67.97000122070312,5.285,97.47899627685547
2025-09-18 14:00:00+00:00,3671.800048828125,41.875,68.05000305175781,5.2775,97.4260025024414
2025-09-18 15:00:00+00:00,3674.5,42.0099983215332,67.6500015258789,5.2525,97.41000366210938
2025-09-18 16:00:00+00:00,3679.199951171875,42.125,67.43000030517578,5.2525,97.35600280761719
2025-09-18 17:00:00+00:00,3676.60009765625,42.09000015258789,67.26000213623047,5.235,97.3499984741211
2025-09-18 18:00:00+00:00,3674.60009765625,42.10499954223633,67.58000183105469,5.25,97.3479995727539
2025-09-18 19:00:00+00:00,3679.699951171875,42.125,67.05000305175781,5.25,97.3740005493164
2025-09-18 20:00:00+00:00,3678.199951171875,42.099998474121094,66.9800033569336,5.25,97.36399841308594
2025-09-18 21:00:00+00:00,3678.199951171875,42.099998474121094,66.9800033569336,5.25,97.35700225830078
2025-09-18 22:00:00+00:00,3673.60009765625,42.04999923706055,66.91999816894531,5.25,97.36299896240234
2025-09-18 23:00:00+00:00,3672.800048828125,42.005001068115234,67.44000244140625,5.25,97.34300231933594
2025-09-19 00:00:00+00:00,3672.699951171875,41.97999954223633,66.98999786376953,5.2575,97.36799621582031
2025-09-19 01:00:00+00:00,3672.199951171875,42.04499816894531,67.01000213623047,5.255,97.44300079345703
2025-09-19 02:00:00+00:00,3680.5,42.38999938964844,67.41999816894531,5.26,97.41699981689453
2025-09-19 03:00:00+00:00,3686.60009765625,42.57500076293945,67.4000015258789,5.26,97.35600280761719
2025-09-19 04:00:00+00:00,3691.5,42.63999938964844,67.33000183105469,5.26,97.39800262451172
2025-09-19 05:00:00+00:00,3685.60009765625,42.470001220703125,67.19999694824219,5.255,97.40899658203125
2025-09-19 06:00:00+00:00,3679.699951171875,42.334999084472656,67.30999755859375,5.2625,97.51200103759766
2025-09-19 07:00:00+00:00,3686.0,42.33000183105469,66.63999938964844,5.2625,97.51899719238281
2025-09-19 08:00:00+00:00,3688.199951171875,42.48500061035156,67.05000305175781,5.2425,97.55400085449219
2025-09-19 09:00:00+00:00,3691.199951171875,42.494998931884766,67.0,5.2475,97.57099914550781
2025-09-19 10:00:00+00:00,3688.5,42.470001220703125,66.62999725341797,5.24,97.56300354003906
2025-09-19 11:00:00+00:00,3680.5,42.30500030517578,67.22000122070312,5.2475,97.74400329589844
2025-09-19 12:00:00+00:00,3681.699951171875,42.28499984741211,67.27999877929688,5.24,97.76000213623047
2025-09-19 13:00:00+00:00,3696.10009765625,42.53499984741211,67.0199966430664,5.215,97.58000183105469
2025-09-19 14:00:00+00:00,3700.800048828125,42.915000915527344,66.9800033569336,5.22,97.5739974975586
2025-09-19 15:00:00+00:00,3704.199951171875,43.03499984741211,66.0999984741211,5.2125,97.59300231933594
2025-09-19 16:00:00+00:00,3702.39990234375,42.974998474121094,66.6500015258789,5.205,97.59200286865234
2025-09-19 17:00:00+00:00,3713.0,43.244998931884766,66.0999984741211,5.2175,97.61799621582031
2025-09-19 18:00:00+00:00,3717.699951171875,43.369998931884766,66.05999755859375,5.225,97.64399719238281
2025-09-19 19:00:00+00:00,3717.89990234375,43.314998626708984,66.0,5.225,97.64700317382812
2025-09-19 20:00:00+00:00,3705.800048828125,42.95199966430664,66.0199966430664,5.225,97.64700317382812
2025-09-21 22:00:00+00:00,3723.800048828125,43.54499816894531,66.16000366210938,5.225,97.68499755859375
2025-09-21 23:00:00+00:00,3721.60009765625,43.525001525878906,66.19000244140625,5.225,97.72899627685547
2025-09-22 00:00:00+00:00,3725.89990234375,43.61000061035156,66.2699966430664,5.225,97.74600219726562
2025-09-22 01:00:00+00:00,3724.300048828125,43.564998626708984,67.01000213623047,5.225,97.76399993896484
2025-09-22 02:00:00+00:00,3721.39990234375,43.619998931884766,67.04000091552734,5.225,97.80500030517578
2025-09-22 03:00:00+00:00,3730.89990234375,43.86000061035156,67.11000061035156,5.225,97.78199768066406
2025-09-22 04:00:00+00:00,3727.5,43.85499954223633,66.45999908447266,5.2075,97.79000091552734
2025-09-22 05:00:00+00:00,3732.5,43.939998626708984,67.0999984741211,5.2,97.73400115966797
2025-09-22 06:00:00+00:00,3749.10009765625,44.04499816894531,67.1500015258789,5.1925,97.69000244140625
2025-09-22 07:00:00+00:00,3747.5,43.875,66.37999725341797,5.19,97.66500091552734
2025-09-22 08:00:00+00:00,3754.60009765625,43.970001220703125,66.11000061035156,5.195,97.5479965209961
2025-09-22 09:00:00+00:00,3757.89990234375,43.98500061035156,66.55999755859375,5.1975,97.4800033569336
2025-09-22 10:00:00+00:00,3762.0,44.04999923706055,66.22000122070312,5.195,97.48200225830078
2025-09-22 11:00:00+00:00,3758.800048828125,43.94499969482422,65.51000213623047,5.18,97.45700073242188
2025-09-22 12:00:00+00:00,3755.5,43.82500076293945,66.06999969482422,5.1725,97.4219970703125
2025-09-22 13:00:00+00:00,3756.39990234375,43.810001373291016,66.22000122070312,5.1425,97.45800018310547
2025-09-22 14:00:00+00:00,3760.199951171875,44.04999923706055,66.45999908447266,5.095,97.50800323486328
2025-09-22 15:00:00+00:00,3769.89990234375,44.150001525878906,66.4800033569336,5.1175,97.48600006103516
2025-09-22 16:00:00+00:00,3771.10009765625,44.20000076293945,65.86000061035156,5.1125,97.4010009765625
2025-09-22 17:00:00+00:00,3781.39990234375,44.334999084472656,66.55999755859375,5.1075,97.33799743652344
2025-09-22 18:00:00+00:00,3782.10009765625,44.375,66.56999969482422,5.1,97.34100341796875
2025-09-22 19:00:00+00:00,3781.199951171875,44.3650016784668,66.55000305175781,5.1,97.3270034790039
2025-09-22 20:00:00+00:00,3781.199951171875,44.314998626708984,66.0,5.1,97.30599975585938
2025-09-22 21:00:00+00:00,3781.199951171875,44.314998626708984,66.0,5.1,97.33300018310547
2025-09-22 22:00:00+00:00,3775.5,44.244998931884766,65.91999816894531,5.1,97.3010025024414
2025-09-22 23:00:00+00:00,3782.199951171875,44.279998779296875,66.01000213623047,5.1,97.3280029296875
2025-09-23 00:00:00+00:00,3781.5,44.20500183105469,65.94999694824219,5.085,97.28500366210938
2025-09-23 01:00:00+00:00,3790.39990234375,44.22999954223633,66.30000305175781,5.0825,97.22899627685547
2025-09-23 02:00:00+00:00,3777.800048828125,44.1349983215332,65.61000061035156,5.0825,97.31900024414062
2025-09-23 03:00:00+00:00,3780.60009765625,44.13999938964844,65.55000305175781,5.0825,97.3030014038086
2025-09-23 04:00:00+00:00,3778.800048828125,44.21500015258789,65.5999984741211,5.075,97.3550033569336
2025-09-23 05:00:00+00:00,3787.199951171875,44.15999984741211,66.12000274658203,5.08,97.35099792480469
2025-09-23 06:00:00+00:00,3788.10009765625,44.16999816894531,66.2300033569336,5.085,97.35399627685547
2025-09-23 07:00:00+00:00,3787.60009765625,44.19499969482422,66.4800033569336,5.095,97.38400268554688
2025-09-23 08:00:00+00:00,3808.60009765625,44.42499923706055,66.43000030517578,5.085,97.2969970703125
2025-09-23 09:00:00+00:00,3818.39990234375,44.51499938964844,66.86000061035156,5.0925,97.29900360107422
2025-09-23 10:00:00+00:00,3816.39990234375,44.599998474121094,67.19000244140625,5.095,97.32599639892578
2025-09-23 11:00:00+00:00,3816.5,44.619998931884766,67.19999694824219,5.0925,97.35299682617188
2025-09-23 12:00:00+00:00,3817.60009765625,44.70500183105469,67.2699966430664,5.1175,97.31700134277344
2025-09-23 13:00:00+00:00,3816.39990234375,44.65999984741211,67.5199966430664,5.1525,97.31300354003906
2025-09-23 14:00:00+00:00,3806.39990234375,44.54499816894531,67.75,5.1875,97.34100341796875
2025-09-23 15:00:00+00:00,3811.5,44.58000183105469,67.81999969482422,5.2025,97.35199737548828
2025-09-23 16:00:00+00:00,3812.300048828125,44.505001068115234,66.91999816894531,5.1975,97.2979965209961
2025-09-23 17:00:00+00:00,3810.0,44.474998474121094,66.86000061035156,5.2,97.25299835205078
2025-09-23 18:00:00+00:00,3789.0,44.244998931884766,67.0999984741211,5.2075,97.26399993896484
2025-09-23 19:00:00+00:00,3796.39990234375,44.27000045776367,67.93000030517578,5.2075,97.2229995727539
2025-09-23 20:00:00+00:00,3796.89990234375,44.26499938964844,67.19000244140625,5.2075,97.23500061035156
2025-09-23 21:00:00+00:00,3796.89990234375,44.26499938964844,67.19000244140625,5.2075,97.23400115966797
2025-09-23 22:00:00+00:00,3797.699951171875,44.3650016784668,68.0199966430664,5.2075,97.21600341796875
2025-09-23 23:00:00+00:00,3796.10009765625,44.22999954223633,67.93000030517578,5.2075,97.23300170898438
2025-09-24 00:00:00+00:00,3797.5,44.29999923706055,67.2699966430664,5.2175,97.31999969482422
2025-09-24 01:00:00+00:00,3789.0,44.11000061035156,67.83999633789062,5.2175,97.33899688720703
2025-09-24 02:00:00+00:00,3790.10009765625,44.220001220703125,67.08999633789062,5.2275,97.35600280761719
2025-09-24 03:00:00+00:00,3799.10009765625,44.404998779296875,67.11000061035156,5.2275,97.37000274658203
2025-09-24 04:00:00+00:00,3800.60009765625,44.43000030517578,67.05000305175781,5.225,97.34100341796875
2025-09-24 05:00:00+00:00,3808.0,44.51499938964844,67.0,5.23,97.36699676513672
2025-09-24 06:00:00+00:00,3804.39990234375,44.3650016784668,67.06999969482422,5.23,97.4520034790039
2025-09-24 07:00:00+00:00,3810.89990234375,44.529998779296875,68.01000213623047,5.22,97.4540023803711
2025-09-24 08:00:00+00:00,3802.699951171875,44.39500045776367,67.66000366210938,5.2075,97.5719985961914
2025-09-24 09:00:00+00:00,3801.39990234375,44.43000030517578,68.02999877929688,5.2075,97.60399627685547
2025-09-24 10:00:00+00:00,3795.0,44.15999984741211,68.30000305175781,5.205,97.71399688720703
2025-09-24 11:00:00+00:00,3802.300048828125,44.31999969482422,67.62999725341797,5.205,97.73899841308594
2025-09-24 12:00:00+00:00,3801.0,44.3849983215332,68.47000122070312,5.2325,97.80699920654297
2025-09-24 13:00:00+00:00,3794.5,44.3849983215332,68.54000091552734,5.2275,97.83899688720703
2025-09-24 14:00:00+00:00,3784.800048828125,44.255001068115234,68.75,5.225,97.81400299072266
2025-09-24 15:00:00+00:00,3774.10009765625,44.095001220703125,68.13999938964844,5.235,97.83200073242188
2025-09-24 16:00:00+00:00,3768.300048828125,44.14500045776367,68.19999694824219,5.2125,97.89600372314453
2025-09-24 17:00:00+00:00,3766.60009765625,44.099998474121094,69.20999908447266,5.195,97.85399627685547
2025-09-24 18:00:00+00:00,3757.0,44.025001525878906,69.16999816894531,5.195,97.87300109863281
2025-09-24 19:00:00+00:00,3762.5,44.09000015258789,69.12999725341797,5.195,97.86900329589844
2025-09-24 20:00:00+00:00,3768.5,44.1150016784668,69.12999725341797,5.195,97.86599731445312
2025-09-24 21:00:00+00:00,3768.5,44.1150016784668,69.12999725341797,5.195,97.85199737548828
2025-09-24 22:00:00+00:00,3772.699951171875,44.15999984741211,68.25,5.195,97.83899688720703
2025-09-24 23:00:00+00:00,3774.5,44.17499923706055,68.23999786376953,5.195,97.83200073242188
2025-09-25 00:00:00+00:00,3779.800048828125,44.224998474121094,69.27999877929688,5.195,97.77200317382812
2025-09-25 01:00:00+00:00,3766.800048828125,44.130001068115234,68.23999786376953,5.2,97.81099700927734
2025-09-25 02:00:00+00:00,3770.300048828125,44.26499938964844,68.30999755859375,5.22,97.77400207519531
2025-09-25 03:00:00+00:00,3767.0,44.275001525878906,69.08000183105469,5.2175,97.74199676513672
2025-09-25 04:00:00+00:00,3768.10009765625,44.23500061035156,69.02999877929688,5.2275,97.74299621582031
2025-09-25 05:00:00+00:00,3768.800048828125,44.224998474121094,68.2699966430664,5.225,97.8270034790039
2025-09-25 06:00:00+00:00,3771.699951171875,44.27000045776367,68.3499984741211,5.2275,97.79399871826172
2025-09-25 07:00:00+00:00,3782.5,44.849998474121094,68.19000244140625,5.2175,97.9010009765625
2025-09-25 08:00:00+00:00,3786.699951171875,45.084999084472656,67.83999633789062,5.22,97.8219985961914
2025-09-25 09:00:00+00:00,3787.10009765625,45.2400016784668,69.0,5.22,97.81300354003906
2025-09-25 10:00:00+00:00,3788.199951171875,45.29499816894531,68.3499984741211,5.225,97.80999755859375
2025-09-25 11:00:00+00:00,3784.0,45.11000061035156,68.26000213623047,5.255,97.875
2025-09-25 12:00:00+00:00,3769.199951171875,44.80500030517578,68.16000366210938,5.25,98.19100189208984
2025-09-25 13:00:00+00:00,3764.0,44.654998779296875,67.81999969482422,5.2475,98.28299713134766
2025-09-25 14:00:00+00:00,3762.199951171875,44.96500015258789,67.79000091552734,5.2575,98.38500213623047
2025-09-25 15:00:00+00:00,3766.89990234375,45.04999923706055,68.38999938964844,5.2525,98.41600036621094
2025-09-25 16:00:00+00:00,3764.0,45.06999969482422,68.25,5.2625,98.43900299072266
2025-09-25 17:00:00+00:00,3772.89990234375,45.11000061035156,69.20999908447266,5.2725,98.51599884033203
2025-09-25 18:00:00+00:00,3786.39990234375,45.369998931884766,68.7699966430664,5.2625,98.5530014038086
2025-09-25 19:00:00+00:00,3777.5,45.43000030517578,68.80999755859375,5.2625,98.49299621582031
2025-09-25 20:00:00+00:00,3780.5,45.470001220703125,69.58000183105469,5.2625,98.45999908447266
2025-09-25 21:00:00+00:00,3780.5,45.470001220703125,69.58000183105469,5.2625,98.48200225830078
2025-09-25 22:00:00+00:00,3779.60009765625,45.14500045776367,69.72000122070312,5.2625,98.4489974975586
2025-09-25 23:00:00+00:00,3775.0,45.154998779296875,69.6500015258789,5.2625,98.49700164794922
2025-09-26 00:00:00+00:00,3779.199951171875,45.2599983215332,68.77999877929688,5.2725,98.41899871826172
2025-09-26 01:00:00+00:00,3768.60009765625,45.130001068115234,68.83000183105469,5.2625,98.45899963378906
2025-09-26 02:00:00+00:00,3767.800048828125,44.9900016784668,68.76000213623047,5.255,98.38800048828125
2025-09-26 03:00:00+00:00,3775.39990234375,45.11000061035156,68.72000122070312,5.2575,98.37200164794922
2025-09-26 04:00:00+00:00,3777.10009765625,45.02000045776367,69.5199966430664,5.2575,98.35900115966797
2025-09-26 05:00:00+00:00,3771.60009765625,45.0099983215332,69.56999969482422,5.2525,98.38200378417969
2025-09-26 06:00:00+00:00,3773.300048828125,45.400001525878906,68.66999816894531,5.2475,98.35700225830078
2025-09-26 07:00:00+00:00,3777.89990234375,45.35499954223633,68.66999816894531,5.235,98.4219970703125
2025-09-26 08:00:00+00:00,3782.60009765625,45.400001525878906,68.69000244140625,5.255,98.36499786376953
2025-09-26 09:00:00+00:00,3781.5,45.3849983215332,68.31999969482422,5.245,98.4010009765625
2025-09-26 10:00:00+00:00,3774.89990234375,45.314998626708984,68.4800033569336,5.255,98.49600219726562
2025-09-26 11:00:00+00:00,3778.699951171875,45.349998474121094,69.30999755859375,5.2375,98.4489974975586
2025-09-26 12:00:00+00:00,3782.300048828125,45.53499984741211,68.75,5.2275,98.3219985961914
2025-09-26 13:00:00+00:00,3792.39990234375,45.84000015258789,69.05999755859375,5.2075,98.31300354003906
2025-09-26 14:00:00+00:00,3808.60009765625,46.005001068115234,69.79000091552734,5.1975,98.23799896240234
2025-09-26 15:00:00+00:00,3810.39990234375,46.3849983215332,69.66000366210938,5.1975,98.24400329589844
2025-09-26 16:00:00+00:00,3804.10009765625,46.494998931884766,69.27999877929688,5.195,98.23100280761719
2025-09-26 17:00:00+00:00,3812.800048828125,46.91999816894531,69.08000183105469,5.1925,98.18299865722656
2025-09-26 18:00:00+00:00,3808.60009765625,46.78499984741211,69.01000213623047,5.1975,98.1520004272461
2025-09-26 19:00:00+00:00,3795.800048828125,46.415000915527344,69.7300033569336,5.1975,98.1449966430664
2025-09-26 20:00:00+00:00,3809.0,46.65599822998047,69.22000122070312,5.1975,98.18199920654297
2025-09-28 22:00:00+00:00,3800.10009765625,46.64500045776367,68.66000366210938,5.1975,98.16600036621094
2025-09-28 23:00:00+00:00,3795.89990234375,46.55500030517578,68.69999694824219,5.1975,98.14800262451172
2025-09-29 00:00:00+00:00,3816.10009765625,46.8650016784668,68.69999694824219,5.1975,98.01300048828125
2025-09-29 01:00:00+00:00,3808.0,46.6150016784668,68.63999938964844,5.1975,97.99400329589844
2025-09-29 02:00:00+00:00,3822.10009765625,46.76499938964844,68.86000061035156,5.21,97.95500183105469
2025-09-29 03:00:00+00:00,3823.5,47.06999969482422,68.76000213623047,5.205,97.95500183105469
2025-09-29 04:00:00+00:00,3833.60009765625,47.099998474121094,68.87999725341797,5.21,97.94200134277344
2025-09-29 05:00:00+00:00,3841.800048828125,47.119998931884766,68.83999633789062,5.2125,97.91799926757812
2025-09-29 06:00:00+00:00,3846.5,47.17499923706055,68.86000061035156,5.205,97.9739990234375
2025-09-29 07:00:00+00:00,3836.10009765625,46.875,68.55000305175781,5.205,97.9010009765625
2025-09-29 08:00:00+00:00,3848.5,47.185001373291016,68.56999969482422,5.2,97.9219970703125
2025-09-29 09:00:00+00:00,3837.5,47.02000045776367,68.1500015258789,5.1975,97.97100067138672
2025-09-29 10:00:00+00:00,3847.699951171875,47.125,68.01000213623047,5.2075,97.98400115966797
2025-09-29 11:00:00+00:00,3858.199951171875,47.16999816894531,68.02999877929688,5.19,97.91699981689453
2025-09-29 12:00:00+00:00,3843.5,46.80500030517578,68.06999969482422,5.1875,97.802001953125
2025-09-29 13:00:00+00:00,3850.699951171875,46.80500030517578,67.30000305175781,5.1975,97.86900329589844
2025-09-29 14:00:00+00:00,3857.10009765625,47.15999984741211,67.25,5.1975,97.94000244140625
2025-09-29 15:00:00+00:00,3859.300048828125,47.2400016784668,66.94999694824219,5.215,97.91200256347656
2025-09-29 16:00:00+00:00,3858.89990234375,47.17499923706055,67.80999755859375,5.2125,97.91999816894531
2025-09-29 17:00:00+00:00,3857.60009765625,47.01499938964844,66.72000122070312,5.205,97.96800231933594
2025-09-29 18:00:00+00:00,3853.199951171875,46.970001220703125,66.83999633789062,5.1875,97.90599822998047
2025-09-29 19:00:00+00:00,3857.10009765625,47.0099983215332,66.80999755859375,5.1875,97.93499755859375
2025-09-29 20:00:00+00:00,3862.89990234375,47.11000061035156,67.66999816894531,5.1875,97.93900299072266
2025-09-29 21:00:00+00:00,3862.89990234375,47.11000061035156,67.66999816894531,5.1875,97.94100189208984
2025-09-29 22:00:00+00:00,3859.10009765625,46.9900016784668,66.75,5.1875,97.93599700927734
2025-09-29 23:00:00+00:00,3861.10009765625,47.01499938964844,66.69999694824219,5.1875,97.91799926757812
2025-09-30 00:00:00+00:00,3867.39990234375,47.064998626708984,66.68000030517578,5.175,97.9990005493164
2025-09-30 01:00:00+00:00,3877.199951171875,47.26499938964844,66.79000091552734,5.185,98.0260009765625
2025-09-30 02:00:00+00:00,3876.5,47.20000076293945,66.66999816894531,5.1775,97.97100067138672
2025-09-30 03:00:00+00:00,3893.300048828125,47.244998931884766,66.68000030517578,5.175,97.93599700927734
2025-09-30 04:00:00+00:00,3894.89990234375,47.30500030517578,66.66999816894531,5.175,97.90299987792969
2025-09-30 05:00:00+00:00,3897.5,47.334999084472656,66.77999877929688,5.165,97.8759994506836
2025-09-30 06:00:00+00:00,3883.89990234375,46.96500015258789,66.7699966430664,5.1725,97.80899810791016
2025-09-30 07:00:00+00:00,3872.199951171875,46.92499923706055,66.37999725341797,5.175,97.79399871826172
2025-09-30 08:00:00+00:00,3843.800048828125,46.36000061035156,66.58000183105469,5.1875,97.70800018310547
2025-09-30 09:00:00+00:00,3826.300048828125,46.084999084472656,66.31999969482422,5.195,97.76599884033203
2025-09-30 10:00:00+00:00,3839.39990234375,46.380001068115234,66.54000091552734,5.1875,97.79399871826172
2025-09-30 11:00:00+00:00,3842.60009765625,46.38999938964844,65.9000015258789,5.1825,97.79900360107422
2025-09-30 12:00:00+00:00,3847.5,46.380001068115234,65.94000244140625,5.175,97.81600189208984
2025-09-30 13:00:00+00:00,3852.39990234375,46.32500076293945,66.26000213623047,5.1775,97.83799743652344
2025-09-30 14:00:00+00:00,3881.699951171875,46.91999816894531,65.86000061035156,5.1625,97.7040023803711
2025-09-30 15:00:00+00:00,3866.300048828125,46.45000076293945,66.36000061035156,5.16,97.83999633789062
2025-09-30 16:00:00+00:00,3873.800048828125,46.630001068115234,66.37000274658203,5.08,97.6709976196289
2025-09-30 17:00:00+00:00,3872.199951171875,46.56999969482422,66.08999633789062,5.08,97.71900177001953
2025-09-30 18:00:00+00:00,3876.0,46.69499969482422,66.19999694824219,5.075,97.7750015258789
2025-09-30 19:00:00+00:00,3886.699951171875,46.814998626708984,66.1500015258789,5.075,97.78800201416016
2025-09-30 20:00:00+00:00,3887.60009765625,46.84000015258789,66.05000305175781,5.075,97.8290023803711
2025-09-30 21:00:00+00:00,3887.60009765625,46.84000015258789,66.05000305175781,5.075,97.80699920654297
2025-09-30 22:00:00+00:00,3888.199951171875,46.88999938964844,66.13999938964844,5.075,97.79199981689453
2025-09-30 23:00:00+00:00,3890.60009765625,46.91999816894531,66.16999816894531,5.075,97.83599853515625
2025-10-01 00:00:00+00:00,3888.300048828125,46.89500045776367,65.87999725341797,5.06,97.84100341796875
2025-10-01 01:00:00+00:00,3896.5,47.459999084472656,66.16999816894531,5.065,97.81199645996094
2025-10-01 02:00:00+00:00,3891.300048828125,47.57500076293945,66.11000061035156,5.0675,97.81600189208984
2025-10-01 03:00:00+00:00,3889.699951171875,47.31999969482422,66.20999908447266,5.0675,97.81400299072266
2025-10-01 04:00:00+00:00,3892.60009765625,47.32500076293945,66.2699966430664,5.065,97.64399719238281
2025-10-01 05:00:00+00:00,3890.800048828125,47.21500015258789,66.12000274658203,5.0575,97.67900085449219
2025-10-01 06:00:00+00:00,3887.10009765625,47.084999084472656,66.2699966430664,5.0575,97.5530014038086
2025-10-01 07:00:00+00:00,3907.199951171875,47.470001220703125,66.45999908447266,5.06,97.63700103759766
2025-10-01 08:00:00+00:00,3920.10009765625,47.54999923706055,65.8499984741211,5.055,97.64600372314453
2025-10-01 09:00:00+00:00,3916.800048828125,47.47999954223633,65.54000091552734,5.0475,97.75
2025-10-01 10:00:00+00:00,3914.699951171875,47.380001068115234,65.87999725341797,5.0375,97.78099822998047
2025-10-01 11:00:00+00:00,3911.10009765625,47.560001373291016,65.77999877929688,5.035,97.71800231933594
2025-10-01 12:00:00+00:00,3897.5,47.380001068115234,65.5199966430664,5.03,97.5999984741211
2025-10-01 13:00:00+00:00,3899.800048828125,47.76499938964844,65.22000122070312,5.04,97.54000091552734
2025-10-01 14:00:00+00:00,3899.89990234375,47.61000061035156,65.4800033569336,5.02,97.61799621582031
2025-10-01 15:00:00+00:00,3895.10009765625,47.560001373291016,65.41999816894531,5.03,97.8030014038086
2025-10-01 16:00:00+00:00,3897.60009765625,47.69499969482422,65.41000366210938,5.0525,97.7959976196289
2025-10-01 17:00:00+00:00,3887.39990234375,47.52000045776367,65.41999816894531,5.085,97.78900146484375
2025-10-01 18:00:00+00:00,3888.699951171875,47.584999084472656,65.48999786376953,5.1,97.70600128173828
2025-10-01 19:00:00+00:00,3894.300048828125,47.44499969482422,65.5199966430664,5.1,97.73699951171875
2025-10-01 20:00:00+00:00,3892.60009765625,47.41999816894531,65.41999816894531,5.1,97.73600006103516
2025-10-01 21:00:00+00:00,3892.60009765625,47.41999816894531,65.41999816894531,5.1,97.71800231933594
2025-10-01 22:00:00+00:00,3887.5,47.334999084472656,65.19000244140625,5.1,97.7040023803711
2025-10-01 23:00:00+00:00,3888.89990234375,47.290000915527344,65.45999908447266,5.1,97.72699737548828
2025-10-02 00:00:00+00:00,3881.699951171875,47.22999954223633,65.5199966430664,5.0925,97.76300048828125
2025-10-02 01:00:00+00:00,3889.89990234375,47.369998931884766,65.68000030517578,5.0925,97.67400360107422
2025-10-02 02:00:00+00:00,3891.10009765625,47.369998931884766,65.73999786376953,5.105,97.7030029296875
2025-10-02 03:00:00+00:00,3891.5,47.31999969482422,65.66000366210938,5.1025,97.70899963378906
2025-10-02 04:00:00+00:00,3889.199951171875,47.290000915527344,65.63999938964844,5.095,97.72899627685547
2025-10-02 05:00:00+00:00,3892.89990234375,47.5099983215332,65.6500015258789,5.0875,97.71800231933594
2025-10-02 06:00:00+00:00,3889.0,47.38999938964844,65.44999694824219,5.095,97.66699981689453
2025-10-02 07:00:00+00:00,3894.0,47.52000045776367,65.4800033569336,5.0975,97.61299896240234
2025-10-02 08:00:00+00:00,3899.300048828125,47.56999969482422,65.45999908447266,5.105,97.56099700927734
2025-10-02 09:00:00+00:00,3904.300048828125,47.560001373291016,64.94999694824219,5.0875,97.54100036621094
2025-10-02 10:00:00+00:00,3906.60009765625,47.5099983215332,65.06999969482422,5.1025,97.57099914550781
2025-10-02 11:00:00+00:00,3911.199951171875,47.564998626708984,65.05000305175781,5.1025,97.60600280761719
2025-10-02 12:00:00+00:00,3910.10009765625,47.650001525878906,64.98999786376953,5.12,97.72799682617188
2025-10-02 13:00:00+00:00,3899.699951171875,47.33000183105469,65.02999877929688,5.1125,97.85099792480469
2025-10-02 14:00:00+00:00,3863.800048828125,46.130001068115234,64.52999877929688,5.1475,97.93599700927734
2025-10-02 15:00:00+00:00,3851.800048828125,46.005001068115234,64.31999969482422,5.1325,98.02899932861328
2025-10-02 16:00:00+00:00,3868.60009765625,46.2599983215332,64.16999816894531,5.125,97.89199829101562
2025-10-02 17:00:00+00:00,3868.60009765625,46.39500045776367,64.04000091552734,5.1525,97.9010009765625
2025-10-02 18:00:00+00:00,3875.199951171875,46.560001373291016,64.12999725341797,5.1425,97.84600067138672
2025-10-02 19:00:00+00:00,3880.10009765625,46.76499938964844,64.25,5.1425,97.86799621582031
2025-10-02 20:00:00+00:00,3880.800048828125,46.869998931884766,64.2699966430664,5.1425,97.89199829101562
2025-10-02 21:00:00+00:00,3880.800048828125,46.869998931884766,64.2699966430664,5.1425,97.8740005493164
2025-10-02 22:00:00+00:00,3881.199951171875,46.814998626708984,64.29000091552734,5.1425,97.8550033569336
2025-10-02 23:00:00+00:00,3886.800048828125,46.8650016784668,64.31999969482422,5.1425,97.8219985961914
2025-10-03 00:00:00+00:00,3880.699951171875,46.72999954223633,64.25,5.1475,97.8479995727539
2025-10-03 01:00:00+00:00,3882.199951171875,46.849998474121094,64.37999725341797,5.1325,97.84700012207031
2025-10-03 02:00:00+00:00,3871.89990234375,46.744998931884766,64.33999633789062,5.14,97.88099670410156
2025-10-03 03:00:00+00:00,3865.800048828125,46.7400016784668,64.48999786376953,5.1425,97.86299896240234
2025-10-03 04:00:00+00:00,3867.199951171875,46.81999969482422,64.5,5.1425,97.9260025024414
2025-10-03 05:00:00+00:00,3878.300048828125,47.060001373291016,64.62999725341797,5.135,97.94200134277344
2025-10-03 06:00:00+00:00,3882.0,47.19499969482422,64.72000122070312,5.1375,97.90599822998047
2025-10-03 07:00:00+00:00,3887.300048828125,47.2599983215332,64.58000183105469,5.14,97.79199981689453
2025-10-03 08:00:00+00:00,3888.300048828125,47.310001373291016,64.9800033569336,5.1575,97.74099731445312
2025-10-03 09:00:00+00:00,3887.699951171875,47.314998626708984,64.43000030517578,5.145,97.76699829101562
2025-10-03 10:00:00+00:00,3888.89990234375,47.435001373291016,64.38999938964844,5.15,97.77100372314453
2025-10-03 11:00:00+00:00,3885.300048828125,47.42499923706055,64.33000183105469,5.1725,97.7750015258789
2025-10-03 12:00:00+00:00,3898.39990234375,47.790000915527344,64.48999786376953,5.1725,97.72699737548828
2025-10-03 13:00:00+00:00,3907.300048828125,47.665000915527344,64.51000213623047,5.15,97.73799896240234
2025-10-03 14:00:00+00:00,3904.300048828125,47.82500076293945,64.61000061035156,5.15,97.71800231933594
2025-10-03 15:00:00+00:00,3914.39990234375,48.2599983215332,64.66000366210938,5.18,97.66600036621094
2025-10-03 16:00:00+00:00,3908.89990234375,48.025001525878906,64.75,5.165,97.72200012207031
2025-10-03 17:00:00+00:00,3906.60009765625,47.80500030517578,64.76000213623047,5.16,97.76699829101562
2025-10-03 18:00:00+00:00,3911.800048828125,47.98500061035156,64.47000122070312,5.1475,97.7229995727539
2025-10-03 19:00:00+00:00,3910.89990234375,47.959999084472656,64.41000366210938,5.1475,97.71299743652344
2025-10-03 20:00:00+00:00,3908.89990234375,47.96500015258789,64.52999877929688,5.1475,97.71199798583984
2025-10-05 22:00:00+00:00,3927.300048828125,48.189998626708984,65.08000183105469,5.1475,98.06400299072266
2025-10-05 23:00:00+00:00,3935.300048828125,48.255001068115234,65.26000213623047,5.1475,98.11000061035156
2025-10-06 00:00:00+00:00,3926.10009765625,48.060001373291016,65.43000030517578,5.1475,98.08799743652344
2025-10-06 01:00:00+00:00,3943.300048828125,48.244998931884766,65.44000244140625,5.1475,98.03900146484375
2025-10-06 02:00:00+00:00,3946.10009765625,48.165000915527344,65.43000030517578,5.1475,98.02400207519531
2025-10-06 03:00:00+00:00,3954.300048828125,48.44499969482422,65.47000122070312,5.1475,98.06500244140625
2025-10-06 04:00:00+00:00,3963.199951171875,48.46500015258789,65.54000091552734,5.1525,98.11199951171875
2025-10-06 05:00:00+00:00,3957.39990234375,48.314998626708984,65.41000366210938,5.145,98.1259994506836
2025-10-06 06:00:00+00:00,3958.5,48.435001373291016,65.38999938964844,5.135,98.2239990234375
2025-10-06 07:00:00+00:00,3965.699951171875,48.5,65.30000305175781,5.13,98.38500213623047
2025-10-06 08:00:00+00:00,3966.699951171875,48.52000045776367,65.58000183105469,5.15,98.39900207519531
2025-10-06 09:00:00+00:00,3966.5,48.45000076293945,65.68000030517578,5.1625,98.41100311279297
2025-10-06 10:00:00+00:00,3966.60009765625,48.375,65.43000030517578,5.17,98.43199920654297
2025-10-06 11:00:00+00:00,3962.39990234375,48.23500061035156,64.97000122070312,5.1675,98.3759994506836
2025-10-06 12:00:00+00:00,3957.60009765625,48.08000183105469,65.08000183105469,5.1725,98.24199676513672
2025-10-06 13:00:00+00:00,3968.60009765625,48.4900016784668,65.58999633789062,5.1675,98.1780014038086
2025-10-06 14:00:00+00:00,3978.300048828125,48.474998474121094,65.08999633789062,5.145,98.06199645996094
2025-10-06 15:00:00+00:00,3986.39990234375,48.540000915527344,65.54000091552734,5.15,98.11900329589844
2025-10-06 16:00:00+00:00,3978.10009765625,48.39500045776367,65.41000366210938,5.1375,98.10399627685547
2025-10-06 17:00:00+00:00,3982.5,48.45000076293945,65.48999786376953,5.1375,98.11000061035156
2025-10-06 18:00:00+00:00,3983.0,48.4900016784668,65.47000122070312,5.125,98.10800170898438
2025-10-06 19:00:00+00:00,3983.199951171875,48.380001068115234,65.54000091552734,5.125,98.12100219726562
2025-10-06 20:00:00+00:00,3984.39990234375,48.40999984741211,65.48999786376953,5.125,98.10399627685547
2025-10-06 21:00:00+00:00,3984.39990234375,48.40999984741211,65.48999786376953,5.125,98.10800170898438
2025-10-06 22:00:00+00:00,3984.39990234375,48.40999984741211,65.48999786376953,5.125,98.11499786376953
2025-10-06 23:00:00+00:00,3984.39990234375,48.40999984741211,65.48999786376953,5.125,98.12300109863281
2025-10-07 00:00:00+00:00,3984.39990234375,48.40999984741211,65.48999786376953,5.125,98.14399719238281
2025-10-07 01:00:00+00:00,3984.39990234375,48.40999984741211,65.48999786376953,5.125,98.21600341796875
2025-10-07 02:00:00+00:00,3984.39990234375,48.40999984741211,65.48999786376953,5.125,98.19000244140625
2025-10-07 03:00:00+00:00,3984.39990234375,48.40999984741211,65.48999786376953,5.125,98.16200256347656
2025-10-07 04:00:00+00:00,3984.39990234375,48.40999984741211,65.48999786376953,5.125,98.19999694824219
2025-10-07 05:00:00+00:00,3984.39990234375,48.40999984741211,65.48999786376953,5.125,98.25599670410156
2025-10-07 06:00:00+00:00,3984.39990234375,48.40999984741211,65.48999786376953,5.125,98.2979965209961
2025-10-07 07:00:00+00:00,3968.60009765625,47.86000061035156,65.48999786376953,5.1325,98.37200164794922
2025-10-07 08:00:00+00:00,3974.10009765625,47.994998931884766,65.29000091552734,5.1275,98.43299865722656
2025-10-07 09:00:00+00:00,3977.699951171875,48.154998779296875,65.31999969482422,5.125,98.42500305175781
2025-10-07 10:00:00+00:00,3983.10009765625,48.31999969482422,65.41000366210938,5.13,98.39399719238281
2025-10-07 11:00:00+00:00,3989.800048828125,48.45000076293945,65.51000213623047,5.1375,98.4990005493164
2025-10-07 12:00:00+00:00,4002.89990234375,48.39500045776367,65.16000366210938,5.135,98.4520034790039
2025-10-07 13:00:00+00:00,4002.39990234375,48.189998626708984,65.37999725341797,5.11,98.49099731445312
2025-10-07 14:00:00+00:00,4009.0,48.025001525878906,65.31999969482422,5.105,98.48999786376953
2025-10-07 15:00:00+00:00,3988.699951171875,47.41999816894531,65.26000213623047,5.085,98.42500305175781
2025-10-07 16:00:00+00:00,3999.89990234375,47.29999923706055,65.1500015258789,5.0925,98.4540023803711
2025-10-07 17:00:00+00:00,4003.89990234375,47.42499923706055,65.22000122070312,5.07,98.49099731445312
2025-10-07 18:00:00+00:00,4003.800048828125,47.505001068115234,65.69000244140625,5.0575,98.5780029296875
2025-10-07 19:00:00+00:00,4002.5,47.540000915527344,65.7699966430664,5.0575,98.63800048828125
2025-10-07 20:00:00+00:00,4007.89990234375,47.654998779296875,65.7300033569336,5.0575,98.58899688720703
2025-10-07 21:00:00+00:00,4007.89990234375,47.654998779296875,65.7300033569336,5.0575,98.58200073242188
2025-10-07 22:00:00+00:00,4012.300048828125,47.720001220703125,65.86000061035156,5.0575,98.5739974975586
2025-10-07 23:00:00+00:00,4016.199951171875,47.790000915527344,65.83000183105469,5.0575,98.63500213623047
2025-10-08 00:00:00+00:00,4014.0,47.71500015258789,65.87000274658203,5.0575,98.69599914550781
2025-10-08 01:00:00+00:00,4023.39990234375,47.67499923706055,65.91999816894531,5.055,98.85700225830078
2025-10-08 02:00:00+00:00,4033.89990234375,48.23500061035156,65.95999908447266,5.0575,98.86599731445312
2025-10-08 03:00:00+00:00,4036.60009765625,48.17499923706055,65.94000244140625,5.0575,98.85600280761719
2025-10-08 04:00:00+00:00,4049.0,48.310001373291016,65.9000015258789,5.0525,98.88300323486328
2025-10-08 05:00:00+00:00,4051.89990234375,48.46500015258789,65.9800033569336,5.045,98.90299987792969
2025-10-08 06:00:00+00:00,4053.699951171875,48.46500015258789,66.08999633789062,5.05,98.8949966430664
2025-10-08 07:00:00+00:00,4056.5,48.630001068115234,66.05000305175781,5.045,98.80999755859375
2025-10-08 08:00:00+00:00,4058.39990234375,48.529998779296875,65.9800033569336,5.045,98.91699981689453
2025-10-08 09:00:00+00:00,4070.89990234375,48.779998779296875,66.19000244140625,5.0525,98.95700073242188
2025-10-08 10:00:00+00:00,4059.10009765625,48.70500183105469,66.11000061035156,5.0575,98.79900360107422
2025-10-08 11:00:00+00:00,4060.0,48.685001373291016,66.33999633789062,5.07,98.8499984741211
2025-10-08 12:00:00+00:00,4062.10009765625,48.66999816894531,66.26000213623047,5.07,98.78099822998047
2025-10-08 13:00:00+00:00,4059.800048828125,48.540000915527344,65.88999938964844,5.0775,98.79100036621094
2025-10-08 14:00:00+00:00,4069.699951171875,48.71500015258789,66.22000122070312,5.06,98.83999633789062
2025-10-08 15:00:00+00:00,4067.199951171875,48.90999984741211,66.45999908447266,5.06,98.98300170898438
2025-10-08 16:00:00+00:00,4078.39990234375,48.95500183105469,66.2699966430664,5.065,98.9990005493164
2025-10-08 17:00:00+00:00,4072.5,49.025001525878906,66.4000015258789,5.0775,99.01499938964844
2025-10-08 18:00:00+00:00,4070.5,48.869998931884766,66.12999725341797,5.075,98.91500091552734
2025-10-08 19:00:00+00:00,4064.199951171875,48.665000915527344,66.12999725341797,5.075,98.86199951171875
2025-10-08 20:00:00+00:00,4060.60009765625,48.439998626708984,66.01000213623047,5.075,98.85099792480469
2025-10-08 21:00:00+00:00,4060.60009765625,48.439998626708984,66.01000213623047,5.075,98.84500122070312
2025-10-08 22:00:00+00:00,4039.89990234375,48.25,65.94000244140625,5.075,98.8219985961914
2025-10-08 23:00:00+00:00,4030.10009765625,48.119998931884766,65.79000091552734,5.075,98.8499984741211
2025-10-09 00:00:00+00:00,4042.199951171875,48.22999954223633,65.69000244140625,5.09,98.79199981689453
2025-10-09 01:00:00+00:00,4040.39990234375,48.06999969482422,65.8499984741211,5.115,98.75800323486328
2025-10-09 02:00:00+00:00,4038.39990234375,48.11000061035156,65.7699966430664,5.0975,98.7239990234375
2025-10-09 03:00:00+00:00,4045.0,48.314998626708984,65.87000274658203,5.1025,98.72799682617188
2025-10-09 04:00:00+00:00,4057.5,48.459999084472656,65.91000366210938,5.105,98.71499633789062
2025-10-09 05:00:00+00:00,4058.199951171875,48.57500076293945,66.37000274658203,5.105,98.78099822998047
2025-10-09 06:00:00+00:00,4044.800048828125,48.23500061035156,66.33000183105469,5.1075,98.9990005493164
2025-10-09 07:00:00+00:00,4051.199951171875,48.42499923706055,66.43000030517578,5.1075,99.0459976196289
2025-10-09 08:00:00+00:00,4057.800048828125,48.6150016784668,66.43000030517578,5.105,98.9990005493164
2025-10-09 09:00:00+00:00,4057.199951171875,48.755001068115234,66.0999984741211,5.095,98.87000274658203
2025-10-09 10:00:00+00:00,4064.10009765625,48.665000915527344,65.86000061035156,5.095,98.9280014038086
2025-10-09 11:00:00+00:00,4063.699951171875,48.73500061035156,65.95999908447266,5.1175,98.9739990234375
2025-10-09 12:00:00+00:00,4072.89990234375,49.52000045776367,66.23999786376953,5.1125,98.9469985961914
2025-10-09 13:00:00+00:00,4034.60009765625,48.459999084472656,65.97000122070312,5.1275,99.06600189208984
2025-10-09 14:00:00+00:00,4039.5,48.540000915527344,65.94000244140625,5.1075,99.25900268554688
2025-10-09 15:00:00+00:00,4029.60009765625,48.224998474121094,65.58999633789062,5.0975,99.41799926757812
2025-10-09 16:00:00+00:00,3982.39990234375,47.27000045776367,65.13999938964844,5.0775,99.43900299072266
2025-10-09 17:00:00+00:00,3963.39990234375,47.29999923706055,65.11000061035156,5.0775,99.4229965209961
2025-10-09 18:00:00+00:00,3971.300048828125,47.30500030517578,65.05000305175781,5.08,99.53800201416016
2025-10-09 19:00:00+00:00,3988.300048828125,47.720001220703125,65.1500015258789,5.08,99.43599700927734
2025-10-09 20:00:00+00:00,3991.10009765625,47.654998779296875,65.19999694824219,5.08,99.39800262451172
2025-10-09 21:00:00+00:00,3991.10009765625,47.654998779296875,65.19999694824219,5.08,99.38600158691406
2025-10-09 22:00:00+00:00,3990.699951171875,47.564998626708984,65.20999908447266,5.08,99.39900207519531
2025-10-09 23:00:00+00:00,4006.60009765625,47.76499938964844,65.26000213623047,5.08,99.38700103759766
2025-10-10 00:00:00+00:00,4005.10009765625,47.720001220703125,65.31999969482422,5.08,99.36599731445312
2025-10-10 01:00:00+00:00,3987.89990234375,47.45500183105469,65.29000091552734,5.075,99.4000015258789
2025-10-10 02:00:00+00:00,3992.60009765625,47.45000076293945,65.16999816894531,5.08,99.3479995727539
2025-10-10 03:00:00+00:00,3979.10009765625,47.25,65.08000183105469,5.0825,99.30699920654297
2025-10-10 04:00:00+00:00,3979.800048828125,47.209999084472656,64.87999725341797,5.0725,99.31400299072266
2025-10-10 05:00:00+00:00,3990.199951171875,47.59000015258789,65.01000213623047,5.085,99.33699798583984
2025-10-10 06:00:00+00:00,3983.0,47.560001373291016,64.81999969482422,5.08,99.3219985961914
2025-10-10 07:00:00+00:00,3985.10009765625,47.98500061035156,64.86000061035156,5.07,99.30400085449219
2025-10-10 08:00:00+00:00,4005.10009765625,48.22999954223633,64.87999725341797,5.075,99.26499938964844
2025-10-10 09:00:00+00:00,4010.0,48.11000061035156,64.83000183105469,5.065,99.32499694824219
2025-10-10 10:00:00+00:00,4008.10009765625,48.224998474121094,64.3499984741211,5.055,99.36100006103516
2025-10-10 11:00:00+00:00,4002.300048828125,48.2400016784668,64.37999725341797,5.0275,99.39900207519531
2025-10-10 12:00:00+00:00,4002.0,48.19499969482422,63.93000030517578,5.03,99.2969970703125
2025-10-10 13:00:00+00:00,3996.10009765625,48.15999984741211,63.959999084472656,5.0425,99.33799743652344
2025-10-10 14:00:00+00:00,4005.699951171875,48.28499984741211,63.84000015258789,5.005,99.24299621582031
2025-10-10 15:00:00+00:00,4013.39990234375,47.845001220703125,62.72999954223633,4.9725,98.98200225830078
2025-10-10 16:00:00+00:00,3997.5,47.21500015258789,62.720001220703125,4.9875,99.01699829101562
2025-10-10 17:00:00+00:00,4004.89990234375,47.279998779296875,62.7599983215332,4.985,99.03800201416016
2025-10-10 18:00:00+00:00,4014.89990234375,47.400001525878906,62.65999984741211,4.9875,98.97799682617188
2025-10-10 19:00:00+00:00,4028.10009765625,47.66999816894531,62.68000030517578,4.9875,98.94400024414062
2025-10-10 20:00:00+00:00,4000.39990234375,47.24700164794922,62.72999954223633,4.9875,98.85399627685547
2025-10-12 22:00:00+00:00,4059.0,48.19499969482422,63.18000030517578,4.9875,99.0270004272461
2025-10-12 23:00:00+00:00,4053.10009765625,48.2599983215332,63.43000030517578,4.9875,99.0510025024414
2025-10-13 00:00:00+00:00,4061.5,48.69499969482422,63.56999969482422,4.9875,98.93800354003906
2025-10-13 01:00:00+00:00,4072.0,48.81999969482422,63.7400016784668,4.9875,98.91999816894531
2025-10-13 02:00:00+00:00,4066.10009765625,48.755001068115234,63.68000030517578,4.9875,98.9229965209961
2025-10-13 03:00:00+00:00,4070.199951171875,49.165000915527344,63.59000015258789,4.9875,98.91600036621094
2025-10-13 04:00:00+00:00,4073.60009765625,49.3650016784668,63.52000045776367,4.995,98.91400146484375
2025-10-13 05:00:00+00:00,4082.60009765625,49.42499923706055,63.68000030517578,4.99,98.9520034790039
2025-10-13 06:00:00+00:00,4088.699951171875,49.53499984741211,63.70000076293945,4.985,98.96499633789062
2025-10-13 07:00:00+00:00,4089.699951171875,49.5099983215332,63.68000030517578,4.99,99.08899688720703
2025-10-13 08:00:00+00:00,4097.0,49.665000915527344,63.849998474121094,4.98,99.18000030517578
2025-10-13 09:00:00+00:00,4097.0,49.82500076293945,63.880001068115234,4.9825,99.0999984741211
2025-10-13 10:00:00+00:00,4099.60009765625,49.64500045776367,63.7599983215332,4.9625,99.16100311279297
2025-10-13 11:00:00+00:00,4093.199951171875,49.6349983215332,63.56999969482422,4.9625,99.24700164794922
2025-10-13 12:00:00+00:00,4099.2998046875,49.92499923706055,63.20000076293945,4.9525,99.25
2025-10-13 13:00:00+00:00,4113.7998046875,50.20000076293945,63.59000015258789,4.9675,99.20899963378906
2025-10-13 14:00:00+00:00,4117.60009765625,50.380001068115234,63.70000076293945,4.99,99.322998046875
2025-10-13 15:00:00+00:00,4124.7998046875,50.32500076293945,63.279998779296875,4.9925,99.23699951171875
2025-10-13 16:00:00+00:00,4125.2998046875,50.45000076293945,63.45000076293945,4.9825,99.22699737548828
2025-10-13 17:00:00+00:00,4123.39990234375,50.435001373291016,63.529998779296875,4.9775,99.23899841308594
2025-10-13 18:00:00+00:00,4121.7998046875,50.46500015258789,63.29999923706055,4.9675,99.26899719238281
2025-10-13 19:00:00+00:00,4127.2998046875,50.54999923706055,63.4900016784668,4.9675,99.28800201416016
2025-10-13 20:00:00+00:00,4130.0,50.775001525878906,63.349998474121094,4.9675,99.25800323486328
2025-10-13 21:00:00+00:00,4130.0,50.775001525878906,63.349998474121094,4.9675,99.24500274658203
2025-10-13 22:00:00+00:00,4134.2001953125,50.935001373291016,63.52000045776367,4.9675,99.24700164794922
2025-10-13 23:00:00+00:00,4145.89990234375,51.41999816894531,63.4900016784668,4.9675,99.302001953125
2025-10-14 00:00:00+00:00,4142.2001953125,51.125,63.599998474121094,4.9625,99.31999969482422
2025-10-14 01:00:00+00:00,4154.10009765625,51.22999954223633,63.5099983215332,4.9575,99.26599884033203
2025-10-14 02:00:00+00:00,4162.60009765625,51.54999923706055,63.43000030517578,4.96,99.24600219726562
2025-10-14 03:00:00+00:00,4175.2998046875,52.13999938964844,63.529998779296875,4.9575,99.19100189208984
2025-10-14 04:00:00+00:00,4181.0,52.310001373291016,63.34000015258789,4.95,99.09300231933594
2025-10-14 05:00:00+00:00,4135.2998046875,50.19499969482422,62.939998626708984,4.94,99.12999725341797
2025-10-14 06:00:00+00:00,4127.2998046875,50.029998779296875,62.86000061035156,4.9425,99.28700256347656
2025-10-14 07:00:00+00:00,4141.7998046875,50.56999969482422,62.41999816894531,4.945,99.43599700927734
2025-10-14 08:00:00+00:00,4158.0,50.84000015258789,62.08000183105469,4.9425,99.3479995727539
2025-10-14 09:00:00+00:00,4143.7001953125,50.275001525878906,62.130001068115234,4.9325,99.40699768066406
2025-10-14 10:00:00+00:00,4149.7001953125,50.47999954223633,61.599998474121094,4.935,99.41999816894531
2025-10-14 11:00:00+00:00,4148.60009765625,50.459999084472656,62.099998474121094,4.9275,99.43000030517578
2025-10-14 12:00:00+00:00,4122.7998046875,49.45000076293945,61.900001525878906,4.9325,99.41300201416016
2025-10-14 13:00:00+00:00,4140.60009765625,49.92499923706055,62.09000015258789,4.9775,99.27999877929688
2025-10-14 14:00:00+00:00,4145.39990234375,50.084999084472656,61.970001220703125,4.9975,99.14600372314453
2025-10-14 15:00:00+00:00,4154.2998046875,50.63999938964844,62.16999816894531,5.0025,99.0510025024414
2025-10-14 16:00:00+00:00,4156.2998046875,50.540000915527344,62.36000061035156,5.005,99.03299713134766
2025-10-14 17:00:00+00:00,4164.2001953125,50.70500183105469,62.470001220703125,5.01,99.01899719238281
2025-10-14 18:00:00+00:00,4164.60009765625,50.70000076293945,62.529998779296875,5.0025,99.0469970703125
2025-10-14 19:00:00+00:00,4159.2001953125,50.244998931884766,62.119998931884766,5.0025,99.04299926757812
2025-10-14 20:00:00+00:00,4159.60009765625,50.345001220703125,62.2400016784668,5.0025,99.05400085449219
2025-10-14 21:00:00+00:00,4159.60009765625,50.345001220703125,62.2400016784668,5.0025,99.04199981689453
2025-10-14 22:00:00+00:00,4174.7998046875,50.494998931884766,62.36000061035156,5.0025,99.03299713134766
2025-10-14 23:00:00+00:00,4179.60009765625,50.73500061035156,62.29999923706055,5.0025,99.06700134277344
2025-10-15 00:00:00+00:00,4180.10009765625,50.689998626708984,62.290000915527344,4.9875,99.00599670410156
2025-10-15 01:00:00+00:00,4200.7001953125,51.244998931884766,62.29999923706055,4.9975,98.91899871826172
2025-10-15 02:00:00+00:00,4195.2998046875,51.04499816894531,62.130001068115234,5.0,98.85800170898438
2025-10-15 03:00:00+00:00,4206.0,51.20000076293945,62.13999938964844,5.0025,98.8740005493164
2025-10-15 04:00:00+00:00,4198.7998046875,51.119998931884766,62.16999816894531,5.0,98.9020004272461
2025-10-15 05:00:00+00:00,4204.0,51.31999969482422,62.22999954223633,5.005,98.88899993896484
2025-10-15 06:00:00+00:00,4217.10009765625,51.5,62.38999938964844,4.9975,98.77799987792969
2025-10-15 07:00:00+00:00,4225.7998046875,51.599998474121094,62.33000183105469,5.005,98.80400085449219
2025-10-15 08:00:00+00:00,4225.5,51.689998626708984,62.279998779296875,5.0025,98.822998046875
2025-10-15 09:00:00+00:00,4208.7998046875,51.29999923706055,62.34000015258789,4.99,98.81700134277344
2025-10-15 10:00:00+00:00,4218.89990234375,51.53499984741211,62.36000061035156,4.975,98.85900115966797
2025-10-15 11:00:00+00:00,4214.2998046875,51.52000045776367,62.47999954223633,4.9675,98.90799713134766
2025-10-15 12:00:00+00:00,4207.0,51.3650016784668,62.939998626708984,4.9575,98.94100189208984
2025-10-15 13:00:00+00:00,4207.60009765625,51.209999084472656,62.560001373291016,4.96,98.85199737548828
2025-10-15 14:00:00+00:00,4216.2001953125,51.474998474121094,62.279998779296875,4.98,98.85199737548828
2025-10-15 15:00:00+00:00,4207.0,51.439998626708984,61.97999954223633,4.985,98.74099731445312
2025-10-15 16:00:00+00:00,4215.5,51.64500045776367,62.119998931884766,4.995,98.72100067138672
2025-10-15 17:00:00+00:00,4214.2001953125,51.95000076293945,61.97999954223633,4.98,98.81600189208984
2025-10-15 18:00:00+00:00,4219.0,52.26499938964844,62.20000076293945,4.9875,98.79299926757812
2025-10-15 19:00:00+00:00,4226.0,52.5,62.119998931884766,4.9875,98.71299743652344
2025-10-15 20:00:00+00:00,4224.89990234375,52.525001525878906,62.41999816894531,4.9875,98.66799926757812
2025-10-15 21:00:00+00:00,4224.89990234375,52.525001525878906,62.41999816894531,4.9875,98.6989974975586
2025-10-15 22:00:00+00:00,4227.39990234375,52.595001220703125,62.33000183105469,4.9875,98.66600036621094
2025-10-15 23:00:00+00:00,4223.2001953125,52.404998779296875,62.36000061035156,4.9875,98.66999816894531
2025-10-16 00:00:00+00:00,4224.5,52.314998626708984,62.470001220703125,4.985,98.52999877929688
2025-10-16 01:00:00+00:00,4243.7998046875,52.380001068115234,62.400001525878906,4.9875,98.46299743652344
2025-10-16 02:00:00+00:00,4253.0,52.814998626708984,62.36000061035156,4.9875,98.50299835205078
2025-10-16 03:00:00+00:00,4249.2001953125,52.41999816894531,62.459999084472656,4.985,98.54199981689453
2025-10-16 04:00:00+00:00,4246.7001953125,52.17499923706055,62.45000076293945,4.9825,98.60600280761719
2025-10-16 05:00:00+00:00,4218.5,51.369998931884766,62.41999816894531,4.98,98.58200073242188
2025-10-16 06:00:00+00:00,4236.7998046875,51.96500015258789,62.47999954223633,4.975,98.62999725341797
2025-10-16 07:00:00+00:00,4244.5,51.97999954223633,62.66999816894531,4.9675,98.63600158691406
2025-10-16 08:00:00+00:00,4247.60009765625,52.060001373291016,62.310001373291016,4.9725,98.58799743652344
2025-10-16 09:00:00+00:00,4254.89990234375,52.125,62.09000015258789,4.9575,98.59500122070312
2025-10-16 10:00:00+00:00,4259.10009765625,52.22999954223633,62.2599983215332,4.9625,98.5989990234375
2025-10-16 11:00:00+00:00,4256.10009765625,52.2400016784668,62.34000015258789,4.955,98.62000274658203
2025-10-16 12:00:00+00:00,4250.39990234375,52.01499938964844,62.16999816894531,4.9575,98.56199645996094
2025-10-16 13:00:00+00:00,4262.5,52.689998626708984,62.029998779296875,4.9975,98.5989990234375
2025-10-16 14:00:00+00:00,4278.7998046875,53.095001220703125,61.97999954223633,5.02,98.43599700927734
2025-10-16 15:00:00+00:00,4289.39990234375,53.185001373291016,61.75,5.0125,98.51799774169922
2025-10-16 16:00:00+00:00,4296.89990234375,53.17499923706055,61.349998474121094,5.0375,98.41600036621094
2025-10-16 17:00:00+00:00,4309.5,53.29499816894531,60.9900016784668,5.0275,98.33699798583984
2025-10-16 18:00:00+00:00,4306.0,53.025001525878906,61.18000030517578,5.025,98.33599853515625
2025-10-16 19:00:00+00:00,4321.39990234375,53.18000030517578,61.09000015258789,5.025,98.34500122070312
2025-10-16 20:00:00+00:00,4344.2998046875,53.43000030517578,60.95000076293945,5.025,98.35800170898438
2025-10-16 21:00:00+00:00,4344.2998046875,53.43000030517578,60.95000076293945,5.025,98.3489990234375
2025-10-16 22:00:00+00:00,4359.7998046875,53.38999938964844,61.119998931884766,5.025,98.33799743652344
2025-10-16 23:00:00+00:00,4378.7998046875,53.65999984741211,61.0,5.025,98.25599670410156
2025-10-17 00:00:00+00:00,4369.7998046875,53.310001373291016,61.0099983215332,5.025,98.21399688720703
2025-10-17 01:00:00+00:00,4326.2998046875,52.79999923706055,60.7400016784668,5.0275,98.26799774169922
2025-10-17 02:00:00+00:00,4355.2998046875,53.04499816894531,60.880001068115234,5.0225,98.22000122070312
2025-10-17 03:00:00+00:00,4377.2001953125,53.415000915527344,60.900001525878906,5.025,98.18399810791016
2025-10-17 04:00:00+00:00,4388.39990234375,53.47999954223633,60.869998931884766,5.03,98.16699981689453
2025-10-17 05:00:00+00:00,4378.39990234375,53.375,60.83000183105469,5.0375,98.05899810791016
2025-10-17 06:00:00+00:00,4372.5,53.130001068115234,60.650001525878906,5.0325,98.13800048828125
2025-10-17 07:00:00+00:00,4354.5,52.72999954223633,60.75,5.0275,98.17400360107422
2025-10-17 08:00:00+00:00,4360.2001953125,52.75,60.369998931884766,5.035,98.26499938964844
2025-10-17 09:00:00+00:00,4353.2998046875,52.68000030517578,60.380001068115234,5.0425,98.20800018310547
2025-10-17 10:00:00+00:00,4339.7001953125,52.57500076293945,60.650001525878906,5.045,98.29299926757812
2025-10-17 11:00:00+00:00,4298.7001953125,51.92499923706055,61.029998779296875,5.0375,98.33899688720703
2025-10-17 12:00:00+00:00,4327.0,52.099998474121094,61.16999816894531,5.0275,98.427001953125
2025-10-17 13:00:00+00:00,4286.7998046875,51.119998931884766,61.02000045776367,5.02,98.46299743652344
2025-10-17 14:00:00+00:00,4262.7001953125,50.875,61.11000061035156,5.0225,98.49800109863281
2025-10-17 15:00:00+00:00,4251.39990234375,50.685001373291016,61.16999816894531,5.0475,98.4280014038086
2025-10-17 16:00:00+00:00,4216.7998046875,49.8849983215332,60.93000030517578,5.04,98.44200134277344
2025-10-17 17:00:00+00:00,4233.89990234375,50.375,61.150001525878906,5.0375,98.46199798583984
2025-10-17 18:00:00+00:00,4249.60009765625,50.59000015258789,61.310001373291016,5.045,98.43299865722656
2025-10-17 19:00:00+00:00,4240.2998046875,50.43000030517578,61.27000045776367,5.045,98.41000366210938
2025-10-17 20:00:00+00:00,4213.2998046875,50.104000091552734,61.290000915527344,5.045,98.54900360107422
2025-10-19 22:00:00+00:00,4269.7001953125,50.6349983215332,61.27000045776367,5.045,98.5270004272461
2025-10-19 23:00:00+00:00,4250.0,50.35499954223633,61.08000183105469,5.045,98.53399658203125
2025-10-20 00:00:00+00:00,4260.7998046875,50.720001220703125,61.15999984741211,5.045,98.4749984741211
2025-10-20 01:00:00+00:00,4274.2998046875,50.709999084472656,61.02000045776367,5.045,98.51599884033203
2025-10-20 02:00:00+00:00,4266.7998046875,50.7599983215332,61.099998474121094,5.045,98.47000122070312
2025-10-20 03:00:00+00:00,4277.7998046875,50.96500015258789,61.13999938964844,5.045,98.43800354003906
2025-10-20 04:00:00+00:00,4279.7998046875,50.95000076293945,61.09000015258789,5.0575,98.41600036621094
2025-10-20 05:00:00+00:00,4251.89990234375,50.4900016784668,60.9900016784668,5.06,98.41300201416016
2025-10-20 06:00:00+00:00,4249.2001953125,50.415000915527344,60.75,5.0525,98.52300262451172
2025-10-20 07:00:00+00:00,4269.2998046875,50.779998779296875,60.7599983215332,5.0575,98.51000213623047
2025-10-20 08:00:00+00:00,4273.39990234375,50.79999923706055,61.09000015258789,5.0675,98.4800033569336
2025-10-20 09:00:00+00:00,4275.39990234375,50.79499816894531,60.9900016784668,5.05,98.50199890136719
2025-10-20 10:00:00+00:00,4269.89990234375,50.505001068115234,60.900001525878906,5.0475,98.55699920654297
2025-10-20 11:00:00+00:00,4294.7998046875,50.880001068115234,60.869998931884766,5.03,98.54299926757812
2025-10-20 12:00:00+00:00,4340.89990234375,51.435001373291016,60.66999816894531,5.025,98.54499816894531
2025-10-20 13:00:00+00:00,4317.10009765625,50.81999969482422,60.630001068115234,5.04,98.58799743652344
2025-10-20 14:00:00+00:00,4348.7001953125,51.275001525878906,60.63999938964844,5.0425,98.52400207519531
2025-10-20 15:00:00+00:00,4366.0,51.46500015258789,60.5,5.0325,98.51399993896484
2025-10-20 16:00:00+00:00,4365.2001953125,51.349998474121094,60.619998931884766,5.0425,98.5530014038086
2025-10-20 17:00:00+00:00,4365.7001953125,51.38999938964844,60.900001525878906,5.0425,98.61399841308594
2025-10-20 18:00:00+00:00,4376.2998046875,51.52000045776367,60.869998931884766,5.055,98.58599853515625
2025-10-20 19:00:00+00:00,4394.2998046875,51.779998779296875,60.97999954223633,5.055,98.61599731445312
2025-10-20 20:00:00+00:00,4374.2998046875,51.400001525878906,60.90999984741211,5.055,98.625
2025-10-20 21:00:00+00:00,4374.2998046875,51.400001525878906,60.90999984741211,5.055,98.59600067138672
2025-10-20 22:00:00+00:00,4385.2998046875,51.529998779296875,60.90999984741211,5.055,98.59300231933594
2025-10-20 23:00:00+00:00,4377.2998046875,51.45000076293945,60.90999984741211,5.055,98.61000061035156
2025-10-21 00:00:00+00:00,4386.0,51.47999954223633,60.970001220703125,5.06,98.53600311279297
2025-10-21 01:00:00+00:00,4367.7001953125,50.86000061035156,60.790000915527344,5.055,98.63099670410156
2025-10-21 02:00:00+00:00,4354.89990234375,50.709999084472656,60.810001373291016,5.055,98.71700286865234
2025-10-21 03:00:00+00:00,4362.89990234375,50.79999923706055,60.83000183105469,5.0575,98.70999908447266
2025-10-21 04:00:00+00:00,4358.39990234375,50.81999969482422,60.81999969482422,5.0475,98.70700073242188
2025-10-21 05:00:00+00:00,4339.5,50.38999938964844,61.04999923706055,5.0475,98.81600189208984
2025-10-21 06:00:00+00:00,4358.60009765625,50.76499938964844,60.869998931884766,5.0425,98.73699951171875
2025-10-21 07:00:00+00:00,4312.7998046875,49.6349983215332,60.720001220703125,5.0425,98.76100158691406
2025-10-21 08:00:00+00:00,4287.60009765625,48.92499923706055,61.150001525878906,5.0425,98.83999633789062
2025-10-21 09:00:00+00:00,4278.60009765625,49.119998931884766,61.349998474121094,5.0475,98.85600280761719
2025-10-21 10:00:00+00:00,4268.2001953125,48.904998779296875,61.4900016784668,5.04,98.875
2025-10-21 11:00:00+00:00,4266.7998046875,49.05500030517578,61.36000061035156,5.0225,98.9020004272461
2025-10-21 12:00:00+00:00,4223.39990234375,48.86000061035156,61.439998626708984,5.02,98.90599822998047
2025-10-21 13:00:00+00:00,4185.2998046875,48.040000915527344,60.400001525878906,4.9825,98.8759994506836
2025-10-21 14:00:00+00:00,4152.10009765625,47.775001525878906,60.84000015258789,5.0175,98.93800354003906
2025-10-21 15:00:00+00:00,4150.60009765625,48.005001068115234,61.33000183105469,5.0125,98.84500122070312
2025-10-21 16:00:00+00:00,4124.7998046875,47.619998931884766,61.2400016784668,5.005,98.90399932861328
2025-10-21 17:00:00+00:00,4124.2001953125,47.900001525878906,61.27000045776367,5.0,98.93699645996094
2025-10-21 18:00:00+00:00,4128.2001953125,47.80500030517578,61.380001068115234,5.005,98.93399810791016
2025-10-21 19:00:00+00:00,4124.2001953125,47.81999969482422,61.470001220703125,5.005,98.95600128173828
2025-10-21 20:00:00+00:00,4138.5,48.15999984741211,61.61000061035156,5.005,98.9729995727539
2025-10-21 21:00:00+00:00,4138.5,48.15999984741211,61.61000061035156,5.005,98.94300079345703
2025-10-21 22:00:00+00:00,4136.2001953125,48.04499816894531,61.630001068115234,5.005,98.96399688720703
2025-10-21 23:00:00+00:00,4106.7001953125,47.685001373291016,61.59000015258789,5.005,98.9749984741211
2025-10-22 00:00:00+00:00,4088.60009765625,47.834999084472656,61.52000045776367,4.9975,98.91400146484375
2025-10-22 01:00:00+00:00,4100.5,47.845001220703125,61.5,5.0,98.91600036621094
2025-10-22 02:00:00+00:00,4128.89990234375,48.21500015258789,61.77000045776367,5.0025,98.87899780273438
2025-10-22 03:00:00+00:00,4143.7001953125,48.275001525878906,62.25,5.005,98.89800262451172
2025-10-22 04:00:00+00:00,4141.89990234375,48.32500076293945,62.29999923706055,5.0025,98.88400268554688
2025-10-22 05:00:00+00:00,4148.7001953125,48.42499923706055,62.369998931884766,4.995,98.85800170898438
2025-10-22 06:00:00+00:00,4169.10009765625,48.525001525878906,62.40999984741211,5.0,98.91699981689453
2025-10-22 07:00:00+00:00,4146.2998046875,48.150001525878906,62.22999954223633,4.9975,98.98600006103516
2025-10-22 08:00:00+00:00,4083.5,47.630001068115234,62.33000183105469,4.99,99.0009994506836
2025-10-22 09:00:00+00:00,4084.0,47.779998779296875,62.22999954223633,5.0,99.02899932861328
2025-10-22 10:00:00+00:00,4049.5,47.47999954223633,62.40999984741211,4.9975,99.08699798583984
2025-10-22 11:00:00+00:00,4042.699951171875,47.30500030517578,62.400001525878906,5.0,99.08399963378906
2025-10-22 12:00:00+00:00,4048.89990234375,47.654998779296875,62.2400016784668,5.015,99.09100341796875
2025-10-22 13:00:00+00:00,4090.699951171875,48.189998626708984,62.75,5.03,99.00700378417969
2025-10-22 14:00:00+00:00,4030.800048828125,47.650001525878906,62.59000015258789,5.0375,98.88800048828125
2025-10-22 15:00:00+00:00,4053.10009765625,47.86000061035156,62.79999923706055,5.0375,98.86000061035156
2025-10-22 16:00:00+00:00,4075.5,47.974998474121094,62.72999954223633,5.025,98.81099700927734
2025-10-22 17:00:00+00:00,4086.300048828125,47.810001373291016,62.4900016784668,5.035,98.8489990234375
2025-10-22 18:00:00+00:00,4094.0,47.98500061035156,62.65999984741211,5.0375,98.89700317382812
2025-10-22 19:00:00+00:00,4120.0,48.28499984741211,63.470001220703125,5.0375,98.9260025024414
2025-10-22 20:00:00+00:00,4116.60009765625,48.18000030517578,63.4900016784668,5.0375,98.90699768066406
2025-10-22 21:00:00+00:00,4116.60009765625,48.18000030517578,63.4900016784668,5.0375,98.88999938964844
2025-10-22 22:00:00+00:00,4119.2001953125,48.21500015258789,63.959999084472656,5.0375,98.88099670410156
2025-10-22 23:00:00+00:00,4104.7001953125,47.970001220703125,64.25,5.0375,98.92900085449219
2025-10-23 00:00:00+00:00,4098.2001953125,47.994998931884766,64.12000274658203,5.0525,98.96499633789062
2025-10-23 01:00:00+00:00,4088.5,47.86000061035156,63.91999816894531,5.05,99.03600311279297
2025-10-23 02:00:00+00:00,4098.10009765625,48.0,64.2300033569336,5.04,99.05400085449219
2025-10-23 03:00:00+00:00,4106.89990234375,48.099998474121094,64.31999969482422,5.0325,99.08200073242188
2025-10-23 04:00:00+00:00,4104.60009765625,48.029998779296875,64.62000274658203,5.03,99.03299713134766
2025-10-23 05:00:00+00:00,4124.60009765625,48.415000915527344,65.0199966430664,5.0325,99.00700378417969
2025-10-23 06:00:00+00:00,4127.7001953125,48.53499984741211,64.58000183105469,5.0325,99.06099700927734
2025-10-23 07:00:00+00:00,4109.60009765625,48.45000076293945,64.58999633789062,5.03,99.01100158691406
2025-10-23 08:00:00+00:00,4131.5,48.71500015258789,65.56999969482422,5.045,99.04299926757812
2025-10-23 09:00:00+00:00,4139.60009765625,48.78499984741211,65.94000244140625,5.04,99.06300354003906
2025-10-23 10:00:00+00:00,4122.89990234375,48.75,65.69999694824219,5.0425,99.12300109863281
2025-10-23 11:00:00+00:00,4123.7001953125,48.7599983215332,65.63999938964844,5.05,99.11699676513672
2025-10-23 12:00:00+00:00,4142.2998046875,48.83000183105469,65.16000366210938,5.0375,99.02100372314453
2025-10-23 13:00:00+00:00,4161.2001953125,49.095001220703125,65.75,5.045,99.00299835205078
2025-10-23 14:00:00+00:00,4164.5,48.93000030517578,65.58000183105469,5.0775,98.96700286865234
2025-10-23 15:00:00+00:00,4158.60009765625,48.880001068115234,66.18000030517578,5.1025,98.99099731445312
2025-10-23 16:00:00+00:00,4149.39990234375,48.790000915527344,66.19000244140625,5.12,99.02999877929688
2025-10-23 17:00:00+00:00,4153.89990234375,48.8650016784668,65.0999984741211,5.12,98.98500061035156
2025-10-23 18:00:00+00:00,4152.2998046875,48.86000061035156,65.16000366210938,5.13,98.93599700927734
2025-10-23 19:00:00+00:00,4134.60009765625,48.59000015258789,65.80999755859375,5.13,98.94100189208984
2025-10-23 20:00:00+00:00,4143.2001953125,48.650001525878906,65.19000244140625,5.13,98.93599700927734
2025-10-23 21:00:00+00:00,4143.2001953125,48.650001525878906,65.19000244140625,5.13,98.947998046875
2025-10-23 22:00:00+00:00,4132.39990234375,48.48500061035156,65.16999816894531,5.13,98.91500091552734
2025-10-23 23:00:00+00:00,4136.7998046875,48.53499984741211,65.81999969482422,5.13,98.93499755859375
2025-10-24 00:00:00+00:00,4147.60009765625,48.70000076293945,65.08999633789062,5.13,98.93099975585938
2025-10-24 01:00:00+00:00,4133.10009765625,48.19499969482422,65.45999908447266,5.135,99.01300048828125
2025-10-24 02:00:00+00:00,4123.7001953125,48.154998779296875,65.58000183105469,5.1275,99.04000091552734
2025-10-24 03:00:00+00:00,4135.89990234375,48.30500030517578,65.62000274658203,5.1325,99.00700378417969
2025-10-24 04:00:00+00:00,4124.7001953125,48.095001220703125,65.70999908447266,5.1275,99.03900146484375
2025-10-24 05:00:00+00:00,4118.5,48.029998779296875,65.66000366210938,5.1275,99.05999755859375
2025-10-24 06:00:00+00:00,4107.5,48.040000915527344,65.5999984741211,5.125,99.00199890136719
2025-10-24 07:00:00+00:00,4088.89990234375,47.744998931884766,65.38999938964844,5.135,98.9749984741211
2025-10-24 08:00:00+00:00,4079.0,47.77000045776367,65.12000274658203,5.12,99.02899932861328
2025-10-24 09:00:00+00:00,4075.5,47.689998626708984,65.13999938964844,5.1175,99.0260009765625
2025-10-24 10:00:00+00:00,4068.39990234375,47.619998931884766,66.12999725341797,5.13,99.03099822998047
2025-10-24 11:00:00+00:00,4075.60009765625,47.689998626708984,65.79000091552734,5.13,99.02999877929688
2025-10-24 12:00:00+00:00,4096.10009765625,47.900001525878906,65.3499984741211,5.1275,98.85600280761719
2025-10-24 13:00:00+00:00,4120.89990234375,48.45000076293945,66.31999969482422,5.115,98.9229965209961
2025-10-24 14:00:00+00:00,4133.0,48.41999816894531,65.70999908447266,5.1175,98.96499633789062
2025-10-24 15:00:00+00:00,4146.7001953125,48.685001373291016,65.88999938964844,5.14,98.96600341796875
2025-10-24 16:00:00+00:00,4145.7998046875,48.6150016784668,65.61000061035156,5.1425,98.96800231933594
2025-10-24 17:00:00+00:00,4123.39990234375,48.36000061035156,65.97000122070312,5.115,98.9469985961914
2025-10-24 18:00:00+00:00,4126.7001953125,48.42499923706055,66.01000213623047,5.125,98.9520034790039
2025-10-24 19:00:00+00:00,4119.7001953125,48.349998474121094,65.16000366210938,5.125,98.90899658203125
2025-10-24 20:00:00+00:00,4137.7998046875,48.40999984741211,65.94000244140625,5.125,98.93800354003906
2025-10-26 22:00:00+00:00,4096.39990234375,48.349998474121094,66.47000122070312,5.125,98.93800354003906
2025-10-26 23:00:00+00:00,4078.199951171875,48.13999938964844,65.62999725341797,5.125,98.93800354003906
2025-10-27 00:00:00+00:00,4095.199951171875,48.2400016784668,65.5,5.125,98.77999877929688
2025-10-27 01:00:00+00:00,4094.800048828125,48.314998626708984,65.2300033569336,5.125,98.77999877929688
2025-10-27 02:00:00+00:00,4084.699951171875,48.16999816894531,66.19999694824219,5.125,98.90499877929688
2025-10-27 03:00:00+00:00,4083.5,48.01499938964844,65.19999694824219,5.125,98.93399810791016
2025-10-27 04:00:00+00:00,4081.800048828125,47.96500015258789,65.44000244140625,5.2375,98.96700286865234
2025-10-27 05:00:00+00:00,4093.5,48.310001373291016,65.54000091552734,5.24,98.947998046875
2025-10-27 06:00:00+00:00,4091.800048828125,48.290000915527344,65.44000244140625,5.2325,98.9260025024414
2025-10-27 07:00:00+00:00,4081.699951171875,48.1349983215332,66.05999755859375,5.23,98.97200012207031
2025-10-27 08:00:00+00:00,4055.199951171875,47.56999969482422,64.37000274658203,5.2325,98.90699768066406
2025-10-27 09:00:00+00:00,4053.300048828125,47.63999938964844,64.5,5.2325,98.82099914550781
2025-10-27 10:00:00+00:00,4050.800048828125,47.525001525878906,64.5999984741211,5.235,98.81500244140625
2025-10-27 11:00:00+00:00,4038.0,47.189998626708984,65.11000061035156,5.26,98.76799774169922
2025-10-27 12:00:00+00:00,4060.10009765625,47.64500045776367,65.97000122070312,5.25,98.81900024414062
2025-10-27 13:00:00+00:00,4036.0,46.9900016784668,65.37000274658203,5.27,98.89299774169922
2025-10-27 14:00:00+00:00,4002.199951171875,46.244998931884766,65.43000030517578,5.285,98.86499786376953
2025-10-27 15:00:00+00:00,4004.60009765625,46.5,66.01000213623047,5.275,98.90499877929688
2025-10-27 16:00:00+00:00,4014.300048828125,46.779998779296875,65.9000015258789,5.2925,98.87000274658203
2025-10-27 17:00:00+00:00,4021.699951171875,46.95500183105469,65.05999755859375,5.2475,98.87899780273438
2025-10-27 18:00:00+00:00,4014.10009765625,46.8650016784668,64.9800033569336,5.26,98.78299713134766
2025-10-27 19:00:00+00:00,4006.0,46.779998779296875,65.0,5.26,98.81099700927734
2025-10-27 20:00:00+00:00,3997.0,46.83000183105469,65.86000061035156,5.26,98.81900024414062
2025-10-27 21:00:00+00:00,3997.0,46.83000183105469,65.86000061035156,5.26,98.81199645996094
2025-10-27 22:00:00+00:00,4004.5,46.78499984741211,64.94000244140625,5.26,98.79900360107422
2025-10-27 23:00:00+00:00,4012.5,46.91999816894531,64.87000274658203,5.26,98.76599884033203
2025-10-28 00:00:00+00:00,4021.5,47.09000015258789,65.44000244140625,5.2625,98.70700073242188
2025-10-28 01:00:00+00:00,4024.39990234375,47.064998626708984,65.72000122070312,5.26,98.68800354003906
2025-10-28 02:00:00+00:00,3998.60009765625,46.755001068115234,65.62999725341797,5.2575,98.71600341796875
2025-10-28 03:00:00+00:00,4006.60009765625,46.83000183105469,64.86000061035156,5.265,98.65399932861328
2025-10-28 04:00:00+00:00,3988.0,46.625,64.7699966430664,5.2675,98.5770034790039
2025-10-28 05:00:00+00:00,3980.699951171875,46.63999938964844,65.4800033569336,5.265,98.60399627685547
2025-10-28 06:00:00+00:00,3958.10009765625,46.59000015258789,64.6500015258789,5.2825,98.67400360107422
2025-10-28 07:00:00+00:00,3947.39990234375,46.435001373291016,64.0999984741211,5.28,98.7020034790039
2025-10-28 08:00:00+00:00,3912.0,45.665000915527344,63.83000183105469,5.3025,98.73400115966797
2025-10-28 09:00:00+00:00,3919.0,45.95500183105469,64.62999725341797,5.3075,98.68499755859375
2025-10-28 10:00:00+00:00,3940.800048828125,46.2599983215332,63.970001220703125,5.3025,98.63700103759766
2025-10-28 11:00:00+00:00,3937.10009765625,46.415000915527344,64.05999755859375,5.3125,98.697998046875
2025-10-28 12:00:00+00:00,3927.0,46.474998474121094,63.880001068115234,5.3175,98.83100128173828
2025-10-28 13:00:00+00:00,3953.5,47.040000915527344,64.80999755859375,5.3175,98.85199737548828
2025-10-28 14:00:00+00:00,3964.60009765625,47.0099983215332,64.26000213623047,5.335,98.68000030517578
2025-10-28 15:00:00+00:00,3978.60009765625,47.21500015258789,63.54999923706055,5.3375,98.68299865722656
2025-10-28 16:00:00+00:00,3973.5,47.189998626708984,63.72999954223633,5.285,98.62999725341797
2025-10-28 17:00:00+00:00,3976.60009765625,47.2599983215332,63.88999938964844,5.265,98.66999816894531
2025-10-28 18:00:00+00:00,3971.60009765625,47.18000030517578,63.68000030517578,5.3025,98.66699981689453
2025-10-28 19:00:00+00:00,3975.800048828125,47.19499969482422,63.650001525878906,5.3025,98.72100067138672
2025-10-28 20:00:00+00:00,3968.10009765625,47.13999938964844,63.84000015258789,5.3025,98.73400115966797
2025-10-28 21:00:00+00:00,3968.10009765625,47.13999938964844,63.84000015258789,5.3025,98.72899627685547
2025-10-28 22:00:00+00:00,3948.800048828125,46.974998474121094,64.43000030517578,5.3025,98.73100280761719
2025-10-28 23:00:00+00:00,3979.0,47.255001068115234,63.91999816894531,5.3025,98.66300201416016
2025-10-29 00:00:00+00:00,3988.60009765625,47.44499969482422,63.86000061035156,5.29,98.67400360107422
2025-10-29 01:00:00+00:00,3987.300048828125,47.595001220703125,64.0199966430664,5.2925,98.73999786376953
2025-10-29 02:00:00+00:00,3975.0,47.41999816894531,64.30000305175781,5.3025,98.75399780273438
2025-10-29 03:00:00+00:00,3977.300048828125,47.435001373291016,63.79999923706055,5.3025,98.82099914550781
2025-10-29 04:00:00+00:00,3965.800048828125,47.380001068115234,64.30999755859375,5.305,98.8479995727539
2025-10-29 05:00:00+00:00,3976.0,47.47999954223633,63.779998779296875,5.29,98.89900207519531
2025-10-29 06:00:00+00:00,3992.199951171875,47.77000045776367,64.0199966430664,5.31,98.88700103759766
2025-10-29 07:00:00+00:00,4014.5,48.125,63.95000076293945,5.295,98.85800170898438
2025-10-29 08:00:00+00:00,4029.800048828125,48.29499816894531,63.470001220703125,5.275,98.96700286865234
2025-10-29 09:00:00+00:00,4037.199951171875,48.29999923706055,63.86000061035156,5.305,98.8479995727539
2025-10-29 10:00:00+00:00,4037.199951171875,48.209999084472656,64.06999969482422,5.275,98.81300354003906
2025-10-29 11:00:00+00:00,4030.199951171875,48.189998626708984,64.66999816894531,5.28,98.86199951171875
2025-10-29 12:00:00+00:00,4038.800048828125,48.35499954223633,63.880001068115234,5.275,98.89800262451172
2025-10-29 13:00:00+00:00,4026.89990234375,48.1150016784668,64.08999633789062,5.3175,98.85399627685547
2025-10-29 14:00:00+00:00,4021.89990234375,48.18000030517578,64.55999755859375,5.2875,98.75299835205078
2025-10-29 15:00:00+00:00,4007.5,47.9900016784668,64.55000305175781,5.2975,98.65499877929688
2025-10-29 16:00:00+00:00,4007.699951171875,48.0099983215332,64.3499984741211,5.295,98.7249984741211
2025-10-29 17:00:00+00:00,4009.0,47.900001525878906,64.43000030517578,5.29,98.78500366210938
2025-10-29 18:00:00+00:00,3982.89990234375,47.505001068115234,64.29000091552734,5.335,99.22000122070312
2025-10-29 19:00:00+00:00,3959.199951171875,47.3849983215332,64.19000244140625,5.335,99.17400360107422
2025-10-29 20:00:00+00:00,3941.699951171875,47.275001525878906,64.22000122070312,5.335,99.1510009765625
2025-10-29 21:00:00+00:00,3941.699951171875,47.275001525878906,64.22000122070312,5.335,99.13400268554688
2025-10-29 22:00:00+00:00,3953.0,47.51499938964844,64.08000183105469,5.335,99.13800048828125
2025-10-29 23:00:00+00:00,3963.89990234375,47.54499816894531,64.08000183105469,5.335,99.13800048828125
2025-10-30 00:00:00+00:00,3961.800048828125,47.58000183105469,64.2699966430664,5.3425,99.06900024414062
2025-10-30 01:00:00+00:00,3960.39990234375,47.48500061035156,64.13999938964844,5.3475,99.0479965209961
2025-10-30 02:00:00+00:00,3934.5,47.165000915527344,63.95000076293945,5.335,99.01200103759766
2025-10-30 03:00:00+00:00,3947.300048828125,47.36000061035156,64.25,5.34,99.08100128173828
2025-10-30 04:00:00+00:00,3985.199951171875,47.64500045776367,64.05000305175781,5.2575,98.9489974975586
2025-10-30 05:00:00+00:00,3976.199951171875,47.52000045776367,64.58999633789062,5.245,99.02899932861328
2025-10-30 06:00:00+00:00,3989.300048828125,47.63999938964844,63.939998626708984,5.2525,99.09200286865234
2025-10-30 07:00:00+00:00,3972.800048828125,47.40999984741211,63.72999954223633,5.245,99.11000061035156
2025-10-30 08:00:00+00:00,3988.5,47.82500076293945,63.91999816894531,5.26,99.13999938964844
2025-10-30 09:00:00+00:00,4010.39990234375,47.939998626708984,63.88999938964844,5.2375,99.1719970703125
2025-10-30 10:00:00+00:00,3995.800048828125,47.875,64.47000122070312,5.23,99.25900268554688
2025-10-30 11:00:00+00:00,3985.699951171875,47.869998931884766,63.939998626708984,5.265,99.33899688720703
2025-10-30 12:00:00+00:00,3972.60009765625,47.595001220703125,63.77000045776367,5.2825,99.64099884033203
2025-10-30 13:00:00+00:00,4007.89990234375,48.154998779296875,63.650001525878906,5.2325,99.48699951171875
2025-10-30 14:00:00+00:00,4009.60009765625,48.525001525878906,64.16999816894531,5.22,99.50900268554688
2025-10-30 15:00:00+00:00,4015.300048828125,48.6150016784668,64.26000213623047,5.2425,99.5479965209961
2025-10-30 16:00:00+00:00,4014.5,48.63999938964844,64.41999816894531,5.25,99.50399780273438
2025-10-30 17:00:00+00:00,4017.5,48.619998931884766,64.4000015258789,5.24,99.5270004272461
2025-10-30 18:00:00+00:00,4028.199951171875,48.75,64.26000213623047,5.2425,99.5260009765625
2025-10-30 19:00:00+00:00,4035.199951171875,48.69499969482422,64.01000213623047,5.2425,99.5479965209961
2025-10-30 20:00:00+00:00,4038.300048828125,48.72999954223633,64.05999755859375,5.2425,99.54199981689453
2025-10-30 21:00:00+00:00,4038.300048828125,48.72999954223633,64.05999755859375,5.2425,99.51399993896484
2025-10-30 22:00:00+00:00,4051.10009765625,48.8849983215332,64.01000213623047,5.2425,99.52300262451172
2025-10-30 23:00:00+00:00,4048.60009765625,48.89500045776367,64.05999755859375,5.2425,99.4729995727539
2025-10-31 00:00:00+00:00,4036.89990234375,48.70000076293945,64.06999969482422,5.24,99.46099853515625
2025-10-31 01:00:00+00:00,4032.0,48.8650016784668,64.05999755859375,5.2525,99.49800109863281
2025-10-31 02:00:00+00:00,4023.89990234375,48.57500076293945,64.05000305175781,5.255,99.50199890136719
2025-10-31 03:00:00+00:00,4009.0,48.3849983215332,63.939998626708984,5.255,99.5270004272461
2025-10-31 04:00:00+00:00,4018.39990234375,48.46500015258789,63.939998626708984,5.2575,99.47899627685547
2025-10-31 05:00:00+00:00,4016.60009765625,48.4900016784668,63.88999938964844,5.2425,99.51000213623047
2025-10-31 06:00:00+00:00,4024.89990234375,48.685001373291016,64.0199966430664,5.24,99.59500122070312
2025-10-31 07:00:00+00:00,4032.60009765625,48.84000015258789,64.2300033569336,5.235,99.5739974975586
2025-10-31 08:00:00+00:00,4021.89990234375,48.415000915527344,63.97999954223633,5.22,99.53900146484375
2025-10-31 09:00:00+00:00,4019.800048828125,48.459999084472656,63.900001525878906,5.2075,99.50399780273438
2025-10-31 10:00:00+00:00,4018.800048828125,48.5099983215332,64.19000244140625,5.195,99.54900360107422
2025-10-31 11:00:00+00:00,4022.300048828125,48.56999969482422,64.12000274658203,5.185,99.57099914550781
2025-10-31 12:00:00+00:00,4035.300048828125,48.6349983215332,64.58999633789062,5.1825,99.66600036621094
2025-10-31 13:00:00+00:00,4028.199951171875,48.46500015258789,64.94999694824219,5.19,99.72699737548828
2025-10-31 14:00:00+00:00,4033.0,48.560001373291016,64.73999786376953,5.2325,99.74199676513672
2025-10-31 15:00:00+00:00,4025.0,48.474998474121094,64.4000015258789,5.2725,99.70800018310547
2025-10-31 16:00:00+00:00,3991.800048828125,48.14500045776367,64.55999755859375,5.3,99.78500366210938
2025-10-31 17:00:00+00:00,4009.0,48.30500030517578,64.66000366210938,5.3275,99.81500244140625
2025-10-31 18:00:00+00:00,4011.699951171875,48.30500030517578,64.63999938964844,5.34,99.80400085449219
2025-10-31 19:00:00+00:00,4012.89990234375,48.224998474121094,64.12000274658203,5.34,99.81400299072266
2025-10-31 20:00:00+00:00,4014.199951171875,48.15999984741211,64.19999694824219,5.34,99.71800231933594
2025-11-02 23:00:00+00:00,3989.699951171875,48.10499954223633,65.16999816894531,5.34,99.80599975585938
2025-11-03 00:00:00+00:00,3980.89990234375,47.9900016784668,65.06999969482422,5.34,99.79199981689453
2025-11-03 01:00:00+00:00,4006.10009765625,48.17499923706055,64.95999908447266,5.375,99.80500030517578
2025-11-03 02:00:00+00:00,4014.5,48.505001068115234,65.08000183105469,5.3875,99.7699966430664
2025-11-03 03:00:00+00:00,4021.300048828125,48.55500030517578,65.06999969482422,5.3975,99.75
2025-11-03 04:00:00+00:00,4013.5,48.474998474121094,64.93000030517578,5.3975,99.75
2025-11-03 05:00:00+00:00,4024.699951171875,48.6349983215332,65.23999786376953,5.4,99.74299621582031
2025-11-03 06:00:00+00:00,4028.39990234375,48.59000015258789,64.63999938964844,5.3925,99.72699737548828
2025-11-03 07:00:00+00:00,4035.89990234375,48.78499984741211,65.08999633789062,5.4025,99.72599792480469
2025-11-03 08:00:00+00:00,4029.89990234375,48.650001525878906,64.6500015258789,5.4025,99.89299774169922
2025-11-03 09:00:00+00:00,4011.60009765625,48.375,64.80000305175781,5.415,99.90399932861328
2025-11-03 10:00:00+00:00,4010.199951171875,48.375,64.9800033569336,5.42,99.9010009765625
2025-11-03 11:00:00+00:00,4019.60009765625,48.5,64.62999725341797,5.4175,99.89600372314453
2025-11-03 12:00:00+00:00,4025.300048828125,48.494998931884766,64.66999816894531,5.4175,99.87100219726562
2025-11-03 13:00:00+00:00,4028.10009765625,48.279998779296875,64.63999938964844,5.41,99.94400024414062
2025-11-03 14:00:00+00:00,4034.10009765625,48.630001068115234,64.70999908447266,5.3425,99.94499969482422
2025-11-03 15:00:00+00:00,4019.300048828125,48.11000061035156,64.80000305175781,5.33,99.83699798583984
2025-11-03 16:00:00+00:00,4019.800048828125,48.189998626708984,64.63999938964844,5.4175,99.79499816894531
2025-11-03 17:00:00+00:00,4018.0,48.13999938964844,65.08999633789062,5.435,99.81999969482422
2025-11-03 18:00:00+00:00,4018.199951171875,48.0099983215332,64.80000305175781,5.4225,99.85299682617188
2025-11-03 19:00:00+00:00,4016.300048828125,47.95000076293945,64.83000183105469,5.4475,99.87300109863281
2025-11-03 20:00:00+00:00,4022.699951171875,48.04499816894531,64.43000030517578,5.4475,99.87200164794922
2025-11-03 21:00:00+00:00,4013.699951171875,47.90999984741211,64.87999725341797,5.4475,99.875
2025-11-03 22:00:00+00:00,4013.699951171875,47.90999984741211,64.87999725341797,5.4475,99.87000274658203
2025-11-03 23:00:00+00:00,4008.10009765625,47.77000045776367,64.83999633789062,5.4475,99.88099670410156
2025-11-04 00:00:00+00:00,3996.10009765625,47.775001525878906,64.7300033569336,5.4475,99.97000122070312
2025-11-04 01:00:00+00:00,3996.39990234375,47.91999816894531,64.7699966430664,5.49,99.96600341796875
2025-11-04 02:00:00+00:00,3996.39990234375,47.6349983215332,64.62000274658203,5.4875,99.94200134277344
2025-11-04 03:00:00+00:00,4003.699951171875,47.89500045776367,64.75,5.4725,99.91799926757812
2025-11-04 04:00:00+00:00,3995.300048828125,47.814998626708984,64.7300033569336,5.4725,99.94100189208984
2025-11-04 05:00:00+00:00,3982.39990234375,47.25,64.2300033569336,5.455,99.90399932861328
2025-11-04 06:00:00+00:00,3993.39990234375,47.375,64.61000061035156,5.45,99.8280029296875
2025-11-04 07:00:00+00:00,4004.0,47.529998779296875,64.43000030517578,5.4475,99.80599975585938
2025-11-04 08:00:00+00:00,4006.800048828125,47.66999816894531,64.08000183105469,5.4725,99.91799926757812
2025-11-04 09:00:00+00:00,4001.10009765625,47.43000030517578,63.59000015258789,5.4725,100.00900268554688
2025-11-04 10:00:00+00:00,4004.0,47.54499816894531,63.59000015258789,5.455,99.99299621582031
2025-11-04 11:00:00+00:00,4005.699951171875,47.51499938964844,64.05999755859375,5.455,100.10099792480469
2025-11-04 12:00:00+00:00,3994.699951171875,47.3849983215332,64.16000366210938,5.465,100.08699798583984
2025-11-04 13:00:00+00:00,3985.699951171875,47.279998779296875,63.90999984741211,5.465,100.06400299072266
2025-11-04 14:00:00+00:00,3966.5,47.099998474121094,64.41000366210938,5.43,100.1500015258789
2025-11-04 15:00:00+00:00,3966.39990234375,47.18000030517578,64.62000274658203,5.425,100.08100128173828
2025-11-04 16:00:00+00:00,3979.39990234375,47.540000915527344,64.56999969482422,5.4325,100.11199951171875
2025-11-04 17:00:00+00:00,3965.300048828125,47.30500030517578,64.61000061035156,5.4725,100.1719970703125
2025-11-04 18:00:00+00:00,3947.10009765625,47.119998931884766,64.5199966430664,5.4925,100.1780014038086
2025-11-04 19:00:00+00:00,3947.199951171875,46.970001220703125,64.44999694824219,5.5,100.2239990234375
2025-11-04 20:00:00+00:00,3948.699951171875,46.915000915527344,63.900001525878906,5.5,100.21199798583984
2025-11-04 21:00:00+00:00,3941.300048828125,46.89500045776367,64.41000366210938,5.5,100.20700073242188
2025-11-04 22:00:00+00:00,3941.300048828125,46.89500045776367,64.41000366210938,5.5,100.18900299072266
2025-11-04 23:00:00+00:00,3942.5,46.779998779296875,64.2300033569336,5.5,100.197998046875
2025-11-05 00:00:00+00:00,3948.0,46.84000015258789,63.790000915527344,5.5,100.16100311279297
2025-11-05 01:00:00+00:00,3945.300048828125,46.810001373291016,64.02999877929688,5.4675,100.13300323486328
2025-11-05 02:00:00+00:00,3957.60009765625,47.14500045776367,64.13999938964844,5.4625,100.15299987792969
2025-11-05 03:00:00+00:00,3969.199951171875,47.32500076293945,64.38999938964844,5.475,100.15699768066406
2025-11-05 04:00:00+00:00,3977.60009765625,47.459999084472656,64.38999938964844,5.485,100.13999938964844
2025-11-05 05:00:00+00:00,3973.199951171875,47.47999954223633,64.54000091552734,5.485,100.13899993896484
2025-11-05 06:00:00+00:00,3975.0,47.42499923706055,64.45999908447266,5.495,100.1709976196289
2025-11-05 07:00:00+00:00,3982.199951171875,47.54499816894531,64.47000122070312,5.5,100.1719970703125
2025-11-05 08:00:00+00:00,3990.0,47.665000915527344,64.52999877929688,5.49,100.13300323486328
2025-11-05 09:00:00+00:00,3981.89990234375,47.625,64.75,5.4825,100.19499969482422
2025-11-05 10:00:00+00:00,3973.5,47.345001220703125,64.7699966430664,5.4775,100.21900177001953
2025-11-05 11:00:00+00:00,3975.5,47.400001525878906,64.41999816894531,5.4925,100.18099975585938
2025-11-05 12:00:00+00:00,3979.300048828125,47.435001373291016,64.25,5.49,100.16500091552734
2025-11-05 13:00:00+00:00,3985.89990234375,47.775001525878906,64.1500015258789,5.48,100.29900360107422
2025-11-05 14:00:00+00:00,3983.0,47.724998474121094,63.75,5.4975,100.2040023803711
2025-11-05 15:00:00+00:00,3987.89990234375,47.94499969482422,64.61000061035156,5.5,100.27300262451172
2025-11-05 16:00:00+00:00,3996.800048828125,47.970001220703125,63.720001220703125,5.5325,100.21099853515625
2025-11-05 17:00:00+00:00,3991.300048828125,48.03499984741211,63.66999816894531,5.535,100.23899841308594
2025-11-05 18:00:00+00:00,3992.10009765625,48.0099983215332,63.70000076293945,5.535,100.23300170898438
2025-11-05 19:00:00+00:00,3997.89990234375,48.06999969482422,63.47999954223633,5.54,100.2040023803711
2025-11-05 20:00:00+00:00,3994.800048828125,47.97999954223633,63.5099983215332,5.54,100.18699645996094
2025-11-05 21:00:00+00:00,3990.39990234375,47.86000061035156,63.61000061035156,5.54,100.16000366210938
2025-11-05 22:00:00+00:00,3990.39990234375,47.86000061035156,63.61000061035156,5.54,100.16000366210938
2025-11-05 23:00:00+00:00,3982.800048828125,47.84000015258789,63.4900016784668,5.54,100.16300201416016
2025-11-06 00:00:00+00:00,3984.699951171875,47.92499923706055,63.279998779296875,5.54,100.08100128173828
2025-11-06 01:00:00+00:00,3984.60009765625,47.70000076293945,63.540000915527344,5.5075,100.04199981689453
2025-11-06 02:00:00+00:00,3991.699951171875,47.849998474121094,63.650001525878906,5.5075,100.06400299072266
2025-11-06 03:00:00+00:00,3995.699951171875,48.02000045776367,63.70000076293945,5.5,100.04499816894531
2025-11-06 04:00:00+00:00,3997.300048828125,48.084999084472656,63.43000030517578,5.51,100.05400085449219
2025-11-06 05:00:00+00:00,3996.699951171875,48.16999816894531,63.779998779296875,5.515,100.02899932861328
2025-11-06 06:00:00+00:00,4000.699951171875,48.165000915527344,63.84000015258789,5.515,100.06700134277344
2025-11-06 07:00:00+00:00,4014.800048828125,48.28499984741211,63.38999938964844,5.505,100.02799987792969
2025-11-06 08:00:00+00:00,4024.300048828125,48.564998626708984,64.16999816894531,5.5225,99.9000015258789
2025-11-06 09:00:00+00:00,4020.300048828125,48.41999816894531,64.0,5.505,99.97000122070312
2025-11-06 10:00:00+00:00,4017.699951171875,48.470001220703125,63.7400016784668,5.4925,99.99400329589844
2025-11-06 11:00:00+00:00,4027.199951171875,48.505001068115234,63.790000915527344,5.4675,99.91899871826172
2025-11-06 12:00:00+00:00,4014.5,48.349998474121094,63.970001220703125,5.47,99.8489990234375
2025-11-06 13:00:00+00:00,4021.10009765625,48.349998474121094,63.40999984741211,5.4625,99.80999755859375
2025-11-06 14:00:00+00:00,4001.89990234375,47.994998931884766,63.08000183105469,5.44,99.94000244140625
2025-11-06 15:00:00+00:00,3988.300048828125,47.665000915527344,63.13999938964844,5.37,99.7969970703125
2025-11-06 16:00:00+00:00,3989.10009765625,47.7400016784668,62.959999084472656,5.36,99.79199981689453
2025-11-06 17:00:00+00:00,3994.5,47.86000061035156,63.220001220703125,5.3625,99.75399780273438
2025-11-06 18:00:00+00:00,3995.89990234375,47.97999954223633,63.27000045776367,5.36,99.70099639892578
2025-11-06 19:00:00+00:00,3993.199951171875,48.0099983215332,63.40999984741211,5.36,99.73300170898438
2025-11-06 20:00:00+00:00,3988.800048828125,47.845001220703125,63.439998626708984,5.36,99.697998046875
2025-11-06 21:00:00+00:00,3984.800048828125,47.845001220703125,63.4900016784668,5.36,99.70600128173828
2025-11-06 22:00:00+00:00,3984.800048828125,47.845001220703125,63.4900016784668,5.36,99.7229995727539
2025-11-06 23:00:00+00:00,3996.0,48.040000915527344,63.25,5.36,99.69499969482422
2025-11-07 00:00:00+00:00,3996.0,48.0,63.27000045776367,5.36,99.77100372314453
2025-11-07 01:00:00+00:00,4009.199951171875,48.224998474121094,63.619998931884766,5.365,99.78099822998047
2025-11-07 02:00:00+00:00,4002.60009765625,48.15999984741211,63.689998626708984,5.3675,99.7760009765625
2025-11-07 03:00:00+00:00,3997.699951171875,48.14500045776367,63.630001068115234,5.36,99.78399658203125
2025-11-07 04:00:00+00:00,4005.5,48.345001220703125,63.630001068115234,5.3675,99.7969970703125
2025-11-07 05:00:00+00:00,4002.39990234375,48.28499984741211,63.630001068115234,5.365,99.83000183105469
2025-11-07 06:00:00+00:00,4014.5,48.474998474121094,64.11000061035156,5.37,99.86299896240234
2025-11-07 07:00:00+00:00,4015.199951171875,48.51499938964844,64.01000213623047,5.365,99.83100128173828
2025-11-07 08:00:00+00:00,4018.0,48.650001525878906,64.05000305175781,5.3575,99.8499984741211
2025-11-07 09:00:00+00:00,4014.5,48.619998931884766,64.23999786376953,5.3625,99.83499908447266
2025-11-07 10:00:00+00:00,4015.699951171875,48.689998626708984,64.0999984741211,5.33,99.73600006103516
2025-11-07 11:00:00+00:00,4011.0,48.52000045776367,63.939998626708984,5.34,99.66200256347656
2025-11-07 12:00:00+00:00,4003.300048828125,48.380001068115234,63.869998931884766,5.325,99.67900085449219
2025-11-07 13:00:00+00:00,4004.5,48.32500076293945,63.79999923706055,5.3175,99.58999633789062
2025-11-07 14:00:00+00:00,4001.0,48.20000076293945,63.849998474121094,5.3375,99.53700256347656
2025-11-07 15:00:00+00:00,3998.0,48.04999923706055,63.209999084472656,5.315,99.53500366210938
2025-11-07 16:00:00+00:00,4015.800048828125,48.19499969482422,63.650001525878906,5.2975,99.4800033569336
2025-11-07 17:00:00+00:00,4012.60009765625,48.099998474121094,63.150001525878906,5.2775,99.44000244140625
2025-11-07 18:00:00+00:00,4012.5,48.150001525878906,63.38999938964844,5.2775,99.52100372314453
2025-11-07 19:00:00+00:00,4014.199951171875,48.29999923706055,63.7400016784668,5.27,99.60299682617188
2025-11-07 20:00:00+00:00,4012.10009765625,48.290000915527344,63.68000030517578,5.27,99.5530014038086
2025-11-07 21:00:00+00:00,4008.39990234375,48.23500061035156,63.38999938964844,5.27,99.55599975585938
2025-11-09 23:00:00+00:00,4019.5,48.529998779296875,63.5,5.27,99.73400115966797
2025-11-10 00:00:00+00:00,4028.300048828125,48.4900016784668,63.560001373291016,5.27,99.6709976196289
2025-11-10 01:00:00+00:00,4052.89990234375,49.060001373291016,63.90999984741211,5.2925,99.63899993896484
2025-11-10 02:00:00+00:00,4056.800048828125,49.064998626708984,64.04000091552734,5.29,99.64299774169922
2025-11-10 03:00:00+00:00,4058.699951171875,49.119998931884766,63.75,5.295,99.6709976196289
2025-11-10 04:00:00+00:00,4062.89990234375,49.255001068115234,64.06999969482422,5.2975,99.61599731445312
2025-11-10 05:00:00+00:00,4078.0,49.505001068115234,64.19999694824219,5.295,99.61499786376953
2025-11-10 06:00:00+00:00,4083.5,49.58000183105469,64.13999938964844,5.3,99.68399810791016
2025-11-10 07:00:00+00:00,4083.60009765625,49.654998779296875,64.08000183105469,5.3125,99.5780029296875
2025-11-10 08:00:00+00:00,4090.300048828125,49.88999938964844,63.91999816894531,5.3325,99.54499816894531
2025-11-10 09:00:00+00:00,4084.89990234375,49.755001068115234,64.22000122070312,5.34,99.56800079345703
2025-11-10 10:00:00+00:00,4089.300048828125,49.875,63.709999084472656,5.3275,99.61499786376953
2025-11-10 11:00:00+00:00,4093.800048828125,49.89500045776367,63.7400016784668,5.3475,99.59200286865234
2025-11-10 12:00:00+00:00,4106.10009765625,50.04999923706055,63.93000030517578,5.335,99.5530014038086
2025-11-10 13:00:00+00:00,4099.89990234375,49.72999954223633,63.869998931884766,5.35,99.54900360107422
2025-11-10 14:00:00+00:00,4091.39990234375,49.845001220703125,63.540000915527344,5.31,99.58999633789062
2025-11-10 15:00:00+00:00,4091.39990234375,49.709999084472656,63.45000076293945,5.34,99.71800231933594
2025-11-10 16:00:00+00:00,4103.2001953125,49.97999954223633,63.2599983215332,5.3325,99.70899963378906
2025-11-10 17:00:00+00:00,4110.7001953125,50.255001068115234,63.88999938964844,5.355,99.58499908447266
2025-11-10 18:00:00+00:00,4117.39990234375,50.349998474121094,63.900001525878906,5.3575,99.5979995727539
2025-11-10 19:00:00+00:00,4120.89990234375,50.44499969482422,63.779998779296875,5.355,99.58899688720703
2025-11-10 20:00:00+00:00,4118.7998046875,50.369998931884766,64.05000305175781,5.355,99.56999969482422
2025-11-10 21:00:00+00:00,4123.39990234375,50.404998779296875,63.9900016784668,5.355,99.625
2025-11-10 22:00:00+00:00,4123.39990234375,50.404998779296875,63.9900016784668,5.355,99.61900329589844
2025-11-10 23:00:00+00:00,4126.60009765625,50.42499923706055,63.93000030517578,5.355,99.62200164794922
2025-11-11 00:00:00+00:00,4137.2998046875,50.6150016784668,63.97999954223633,5.355,99.68199920654297
2025-11-11 01:00:00+00:00,4142.2001953125,50.53499984741211,63.86000061035156,5.335,99.67400360107422
2025-11-11 02:00:00+00:00,4143.89990234375,50.51499938964844,63.90999984741211,5.3375,99.69000244140625
2025-11-11 03:00:00+00:00,4152.7001953125,50.8650016784668,63.900001525878906,5.34,99.65899658203125
2025-11-11 04:00:00+00:00,4148.89990234375,50.845001220703125,63.900001525878906,5.345,99.65899658203125
2025-11-11 05:00:00+00:00,4137.2998046875,50.630001068115234,63.7400016784668,5.345,99.61799621582031
2025-11-11 06:00:00+00:00,4136.10009765625,50.525001525878906,63.810001373291016,5.3625,99.6969985961914
2025-11-11 07:00:00+00:00,4136.10009765625,50.48500061035156,63.70000076293945,5.3625,99.66300201416016
2025-11-11 08:00:00+00:00,4142.2998046875,50.560001373291016,63.970001220703125,5.3775,99.70500183105469
2025-11-11 09:00:00+00:00,4148.0,50.77000045776367,64.36000061035156,5.3725,99.63200378417969
2025-11-11 10:00:00+00:00,4148.2001953125,50.7599983215332,64.33000183105469,5.3525,99.572998046875
2025-11-11 11:00:00+00:00,4149.60009765625,51.029998779296875,64.55999755859375,5.3575,99.56300354003906
2025-11-11 12:00:00+00:00,4140.7001953125,50.755001068115234,64.44000244140625,5.35,99.572998046875
2025-11-11 13:00:00+00:00,4149.2001953125,50.9900016784668,64.44000244140625,5.33,99.31999969482422
2025-11-11 14:00:00+00:00,4131.2001953125,50.70000076293945,64.94000244140625,5.3375,99.33100128173828
2025-11-11 15:00:00+00:00,4112.60009765625,50.33000183105469,64.97000122070312,5.36,99.36900329589844
2025-11-11 16:00:00+00:00,4119.2001953125,50.564998626708984,65.16999816894531,5.355,99.37999725341797
2025-11-11 17:00:00+00:00,4119.89990234375,50.71500015258789,65.08000183105469,5.365,99.36900329589844
2025-11-11 18:00:00+00:00,4119.7998046875,50.8849983215332,64.80999755859375,5.375,99.38899993896484
2025-11-11 19:00:00+00:00,4128.39990234375,50.89500045776367,64.83999633789062,5.3575,99.44300079345703
2025-11-11 20:00:00+00:00,4135.7001953125,51.08000183105469,64.73999786376953,5.3575,99.4530029296875
2025-11-11 21:00:00+00:00,4133.2001953125,51.07500076293945,65.16999816894531,5.3575,99.48300170898438
2025-11-11 22:00:00+00:00,4133.2001953125,51.07500076293945,65.16999816894531,5.3575,99.4520034790039
2025-11-11 23:00:00+00:00,4148.7001953125,51.16999816894531,64.8499984741211,5.3575,99.46399688720703
2025-11-12 00:00:00+00:00,4139.0,50.994998931884766,64.80999755859375,5.3575,99.51899719238281
2025-11-12 01:00:00+00:00,4137.39990234375,51.1349983215332,65.05000305175781,5.3475,99.54199981689453
2025-11-12 02:00:00+00:00,4129.89990234375,51.084999084472656,65.0,5.3525,99.5260009765625
2025-11-12 03:00:00+00:00,4117.7001953125,50.91999816894531,64.93000030517578,5.3575,99.52999877929688
2025-11-12 04:00:00+00:00,4116.5,50.96500015258789,64.95999908447266,5.3575,99.60900115966797
2025-11-12 05:00:00+00:00,4110.5,50.93000030517578,64.94000244140625,5.35,99.56400299072266
2025-11-12 06:00:00+00:00,4123.89990234375,51.42499923706055,64.91000366210938,5.355,99.5199966430664
2025-11-12 07:00:00+00:00,4122.2998046875,51.494998931884766,64.54000091552734,5.3375,99.51000213623047
2025-11-12 08:00:00+00:00,4136.7998046875,51.654998779296875,64.70999908447266,5.3375,99.572998046875
2025-11-12 09:00:00+00:00,4130.60009765625,51.654998779296875,64.58000183105469,5.3225,99.6259994506836
2025-11-12 10:00:00+00:00,4133.2998046875,51.65999984741211,64.73999786376953,5.32,99.61399841308594
2025-11-12 11:00:00+00:00,4131.7001953125,51.400001525878906,64.44999694824219,5.31,99.55500030517578
2025-11-12 12:00:00+00:00,4136.39990234375,51.58000183105469,64.51000213623047,5.2925,99.58000183105469
2025-11-12 13:00:00+00:00,4132.89990234375,51.560001373291016,63.88999938964844,5.2825,99.62899780273438
2025-11-12 14:00:00+00:00,4142.7001953125,52.290000915527344,63.290000915527344,5.32,99.61100006103516
2025-11-12 15:00:00+00:00,4187.89990234375,52.83000183105469,63.119998931884766,5.34,99.44999694824219
2025-11-12 16:00:00+00:00,4203.0,53.40999984741211,62.5,5.3375,99.46800231933594
2025-11-12 17:00:00+00:00,4205.7998046875,53.375,62.79999923706055,5.3525,99.44200134277344
2025-11-12 18:00:00+00:00,4213.5,53.564998626708984,62.599998474121094,5.3575,99.46700286865234
2025-11-12 19:00:00+00:00,4203.2998046875,53.40999984741211,62.599998474121094,5.3625,99.49500274658203
2025-11-12 20:00:00+00:00,4201.2998046875,53.26499938964844,62.400001525878906,5.3625,99.48799896240234
2025-11-12 21:00:00+00:00,4201.39990234375,53.22999954223633,62.439998626708984,5.3625,99.4739990234375
2025-11-12 22:00:00+00:00,4201.39990234375,53.22999954223633,62.439998626708984,5.3625,99.48600006103516
2025-11-12 23:00:00+00:00,4195.60009765625,53.16999816894531,62.20000076293945,5.3625,99.47000122070312
2025-11-13 00:00:00+00:00,4209.2998046875,53.34000015258789,62.27000045776367,5.3625,99.57099914550781
2025-11-13 01:00:00+00:00,4197.0,53.36000061035156,62.54999923706055,5.355,99.5
2025-11-13 02:00:00+00:00,4194.2001953125,53.3650016784668,62.619998931884766,5.3525,99.48999786376953
2025-11-13 03:00:00+00:00,4216.7998046875,54.22999954223633,62.47999954223633,5.3575,99.49400329589844
2025-11-13 04:00:00+00:00,4214.60009765625,54.09000015258789,62.70000076293945,5.355,99.50299835205078
2025-11-13 05:00:00+00:00,4216.0,54.02000045776367,62.369998931884766,5.355,99.57099914550781
2025-11-13 06:00:00+00:00,4214.39990234375,54.11000061035156,62.709999084472656,5.345,99.54000091552734
2025-11-13 07:00:00+00:00,4224.60009765625,54.08000183105469,62.63999938964844,5.3325,99.34400177001953
2025-11-13 08:00:00+00:00,4237.5,54.185001373291016,62.540000915527344,5.33,99.1969985961914
2025-11-13 09:00:00+00:00,4238.2998046875,54.04999923706055,62.61000061035156,5.32,99.27300262451172
2025-11-13 10:00:00+00:00,4230.2998046875,53.59000015258789,63.029998779296875,5.325,99.29199981689453
2025-11-13 11:00:00+00:00,4235.0,53.7400016784668,62.79999923706055,5.4825,99.35900115966797
2025-11-13 12:00:00+00:00,4247.39990234375,53.9900016784668,62.84000015258789,5.34,99.23400115966797
2025-11-13 13:00:00+00:00,4236.7001953125,53.47999954223633,63.34000015258789,5.515,99.27300262451172
2025-11-13 14:00:00+00:00,4199.89990234375,52.95000076293945,63.2599983215332,5.375,99.1969985961914
2025-11-13 15:00:00+00:00,4206.60009765625,52.72999954223633,63.060001373291016,5.5325,99.09300231933594
2025-11-13 16:00:00+00:00,4210.7998046875,53.084999084472656,63.27000045776367,5.5125,99.04000091552734
2025-11-13 17:00:00+00:00,4206.2998046875,53.130001068115234,62.7599983215332,5.54,99.0270004272461
2025-11-13 18:00:00+00:00,4161.60009765625,52.32500076293945,62.959999084472656,5.52,99.12899780273438
2025-11-13 19:00:00+00:00,4167.7998046875,52.349998474121094,63.04999923706055,5.3525,99.15599822998047
2025-11-13 20:00:00+00:00,4168.10009765625,52.224998474121094,62.5,5.3525,99.18099975585938
2025-11-13 21:00:00+00:00,4174.5,52.22999954223633,62.90999984741211,5.3525,99.1729965209961
2025-11-13 22:00:00+00:00,4174.5,52.22999954223633,62.90999984741211,5.3525,99.18099975585938
2025-11-13 23:00:00+00:00,4188.89990234375,52.45000076293945,63.31999969482422,5.3525,99.22799682617188
2025-11-14 00:00:00+00:00,4186.89990234375,52.63999938964844,63.38999938964844,5.3525,99.22200012207031
2025-11-14 01:00:00+00:00,4193.0,52.84000015258789,64.48999786376953,5.37,99.2030029296875
2025-11-14 02:00:00+00:00,4209.7998046875,53.13999938964844,64.25,5.36,99.18299865722656
2025-11-14 03:00:00+00:00,4207.7001953125,53.15999984741211,63.41999816894531,5.3625,99.18199920654297
2025-11-14 04:00:00+00:00,4206.2001953125,52.974998474121094,63.90999984741211,5.39,99.15599822998047
2025-11-14 05:00:00+00:00,4192.7998046875,52.8650016784668,63.43000030517578,5.5675,99.125
2025-11-14 06:00:00+00:00,4177.2998046875,52.47999954223633,63.349998474121094,5.4225,99.1969985961914
2025-11-14 07:00:00+00:00,4184.39990234375,52.834999084472656,63.93000030517578,5.5525,99.24199676513672
2025-11-14 08:00:00+00:00,4179.10009765625,52.709999084472656,63.63999938964844,5.5425,99.2249984741211
2025-11-14 09:00:00+00:00,4171.89990234375,52.61000061035156,63.65999984741211,5.4,99.2979965209961
2025-11-14 10:00:00+00:00,4170.7001953125,52.474998474121094,64.62000274658203,5.4125,99.36799621582031
2025-11-14 11:00:00+00:00,4135.60009765625,51.849998474121094,63.380001068115234,5.405,99.3280029296875
2025-11-14 12:00:00+00:00,4118.2998046875,51.70000076293945,63.27000045776367,5.4375,99.01599884033203
2025-11-14 13:00:00+00:00,4056.5,50.5099983215332,63.540000915527344,5.565,99.12699890136719
2025-11-14 14:00:00+00:00,4083.699951171875,50.814998626708984,64.2300033569336,5.4375,99.24099731445312
2025-11-14 15:00:00+00:00,4095.5,51.14500045776367,64.48999786376953,5.3675,99.33100128173828
2025-11-14 16:00:00+00:00,4107.10009765625,51.220001220703125,64.44000244140625,5.525,99.31400299072266
2025-11-14 17:00:00+00:00,4101.5,51.07500076293945,64.44000244140625,5.4175,99.33100128173828
2025-11-14 18:00:00+00:00,4100.0,50.915000915527344,64.3499984741211,5.2725,99.31400299072266
2025-11-14 19:00:00+00:00,4091.800048828125,50.67499923706055,64.37999725341797,5.415,99.29900360107422
2025-11-14 20:00:00+00:00,4088.89990234375,50.54999923706055,64.20999908447266,5.415,99.28099822998047
2025-11-14 21:00:00+00:00,4094.199951171875,50.68600082397461,63.91999816894531,5.415,99.27300262451172
2025-11-16 23:00:00+00:00,4097.0,50.720001220703125,63.869998931884766,5.415,99.31900024414062
2025-11-17 00:00:00+00:00,4084.39990234375,50.654998779296875,63.88999938964844,5.415,99.37999725341797
2025-11-17 01:00:00+00:00,4092.199951171875,50.665000915527344,63.33000183105469,5.27,99.37899780273438
2025-11-17 02:00:00+00:00,4082.89990234375,50.709999084472656,63.36000061035156,5.28,99.41799926757812
2025-11-17 03:00:00+00:00,4084.0,50.790000915527344,63.81999969482422,5.4275,99.447998046875
2025-11-17 04:00:00+00:00,4078.800048828125,50.630001068115234,63.290000915527344,5.285,99.41000366210938
2025-11-17 05:00:00+00:00,4060.0,50.40999984741211,63.779998779296875,5.425,99.43399810791016
2025-11-17 06:00:00+00:00,4067.0,50.439998626708984,63.75,5.435,99.38099670410156
2025-11-17 07:00:00+00:00,4088.89990234375,50.959999084472656,63.970001220703125,5.3,99.31400299072266
2025-11-17 08:00:00+00:00,4078.800048828125,50.744998931884766,63.849998474121094,5.2975,99.38300323486328
2025-11-17 09:00:00+00:00,4083.300048828125,50.869998931884766,64.05999755859375,5.295,99.3949966430664
2025-11-17 10:00:00+00:00,4072.10009765625,50.720001220703125,64.37000274658203,5.315,99.44499969482422
2025-11-17 11:00:00+00:00,4080.10009765625,50.86000061035156,63.90999984741211,5.315,99.38700103759766
2025-11-17 12:00:00+00:00,4078.5,50.65999984741211,63.939998626708984,5.4775,99.41300201416016
2025-11-17 13:00:00+00:00,4065.89990234375,50.369998931884766,64.58999633789062,5.32,99.47200012207031
2025-11-17 14:00:00+00:00,4077.800048828125,50.685001373291016,64.3499984741211,5.5425,99.52100372314453
2025-11-17 15:00:00+00:00,4065.60009765625,50.63999938964844,64.2300033569336,5.57,99.45800018310547
2025-11-17 16:00:00+00:00,4071.10009765625,50.654998779296875,64.36000061035156,5.595,99.4530029296875
2025-11-17 17:00:00+00:00,4074.699951171875,50.689998626708984,64.27999877929688,5.435,99.47799682617188
2025-11-17 18:00:00+00:00,4063.800048828125,50.40999984741211,64.23999786376953,5.44,99.51200103759766
2025-11-17 19:00:00+00:00,4011.300048828125,49.42499923706055,64.02999877929688,5.5875,99.58799743652344
2025-11-17 20:00:00+00:00,4041.199951171875,49.98500061035156,64.04000091552734,5.5875,99.5530014038086
2025-11-17 21:00:00+00:00,4045.10009765625,50.04999923706055,64.0,5.5875,99.53600311279297
2025-11-17 22:00:00+00:00,4045.10009765625,50.04999923706055,63.560001373291016,5.5875,99.54199981689453
2025-11-17 23:00:00+00:00,4036.300048828125,49.689998626708984,63.59000015258789,5.5875,99.53099822998047
2025-11-18 00:00:00+00:00,4039.800048828125,49.935001373291016,63.529998779296875,5.5875,99.56600189208984
2025-11-18 01:00:00+00:00,4024.300048828125,49.67499923706055,63.40999984741211,5.415,99.53500366210938
2025-11-18 02:00:00+00:00,4018.199951171875,49.599998474121094,63.900001525878906,5.5575,99.52200317382812
2025-11-18 03:00:00+00:00,4012.300048828125,49.54999923706055,63.41999816894531,5.555,99.52999877929688
2025-11-18 04:00:00+00:00,4011.0,49.40999984741211,63.79999923706055,5.545,99.47000122070312
2025-11-18 05:00:00+00:00,4018.699951171875,49.52000045776367,63.36000061035156,5.55,99.47699737548828
2025-11-18 06:00:00+00:00,4008.300048828125,49.279998779296875,63.279998779296875,5.5525,99.51799774169922
2025-11-18 07:00:00+00:00,4013.39990234375,49.474998474121094,63.689998626708984,5.4275,99.51799774169922
2025-11-18 08:00:00+00:00,4036.800048828125,50.130001068115234,63.95000076293945,5.4625,99.51200103759766
2025-11-18 09:00:00+00:00,4039.699951171875,50.2400016784668,63.880001068115234,5.575,99.5459976196289
2025-11-18 10:00:00+00:00,4043.60009765625,50.30500030517578,64.20999908447266,5.46,99.6050033569336
2025-11-18 11:00:00+00:00,4039.0,50.099998474121094,64.2699966430664,5.465,99.59300231933594
2025-11-18 12:00:00+00:00,4031.699951171875,49.71500015258789,64.16999816894531,5.625,99.51699829101562
2025-11-18 13:00:00+00:00,4065.300048828125,50.099998474121094,63.650001525878906,5.595,99.47699737548828
2025-11-18 14:00:00+00:00,4065.0,50.36000061035156,63.790000915527344,5.55,99.47000122070312
2025-11-18 15:00:00+00:00,4053.199951171875,50.20500183105469,64.06999969482422,5.45,99.58899688720703
2025-11-18 16:00:00+00:00,4067.39990234375,50.5099983215332,64.16000366210938,5.615,99.5999984741211
2025-11-18 17:00:00+00:00,4072.10009765625,50.57500076293945,64.5199966430664,5.59,99.63400268554688
2025-11-18 18:00:00+00:00,4072.300048828125,50.59000015258789,64.8499984741211,5.5925,99.5790023803711
2025-11-18 19:00:00+00:00,4082.300048828125,51.02000045776367,64.97000122070312,5.59,99.55000305175781
2025-11-18 20:00:00+00:00,4069.800048828125,50.65999984741211,64.91999816894531,5.59,99.58799743652344
2025-11-18 21:00:00+00:00,4067.39990234375,50.540000915527344,64.83000183105469,5.59,99.59400177001953
2025-11-18 22:00:00+00:00,4067.39990234375,50.540000915527344,64.83000183105469,5.59,99.6050033569336
2025-11-18 23:00:00+00:00,4076.5,50.689998626708984,64.83000183105469,5.59,99.59600067138672
2025-11-19 00:00:00+00:00,4069.0,50.56999969482422,64.73999786376953,5.59,99.58699798583984
2025-11-19 01:00:00+00:00,4059.60009765625,50.47999954223633,64.12000274658203,5.5775,99.63800048828125
2025-11-19 02:00:00+00:00,4075.699951171875,50.86000061035156,64.76000213623047,5.455,99.60700225830078
2025-11-19 03:00:00+00:00,4066.800048828125,50.584999084472656,64.66000366210938,5.5725,99.57599639892578
2025-11-19 04:00:00+00:00,4075.300048828125,50.689998626708984,64.69999694824219,5.455,99.58000183105469
2025-11-19 05:00:00+00:00,4096.60009765625,51.255001068115234,64.75,5.59,99.54399871826172
2025-11-19 06:00:00+00:00,4091.699951171875,51.244998931884766,64.62000274658203,5.45,99.55799865722656
2025-11-19 07:00:00+00:00,4087.300048828125,51.25,64.51000213623047,5.5675,99.60600280761719
2025-11-19 08:00:00+00:00,4083.60009765625,51.165000915527344,64.33999633789062,5.5725,99.67400360107422
2025-11-19 09:00:00+00:00,4114.2998046875,51.95500183105469,64.0199966430664,5.5975,99.7030029296875
2025-11-19 10:00:00+00:00,4109.60009765625,51.974998474121094,64.3499984741211,5.6,99.78700256347656
2025-11-19 11:00:00+00:00,4113.60009765625,51.915000915527344,63.720001220703125,5.605,99.66000366210938
2025-11-19 12:00:00+00:00,4115.10009765625,52.0,63.2599983215332,5.62,99.72799682617188
2025-11-19 13:00:00+00:00,4111.5,51.630001068115234,62.869998931884766,5.6075,99.76499938964844
2025-11-19 14:00:00+00:00,4129.2001953125,51.91999816894531,62.66999816894531,5.42,99.89600372314453
2025-11-19 15:00:00+00:00,4097.39990234375,51.494998931884766,62.869998931884766,5.525,99.98799896240234
2025-11-19 16:00:00+00:00,4075.699951171875,50.57500076293945,62.810001373291016,5.5125,100.05400085449219
2025-11-19 17:00:00+00:00,4079.60009765625,50.6349983215332,63.380001068115234,5.3675,100.11299896240234
2025-11-19 18:00:00+00:00,4087.89990234375,51.025001525878906,63.5,5.4875,100.12799835205078
2025-11-19 19:00:00+00:00,4073.800048828125,50.834999084472656,63.54999923706055,5.37,100.22799682617188
2025-11-19 20:00:00+00:00,4076.5,50.935001373291016,63.040000915527344,5.37,100.18699645996094
2025-11-19 21:00:00+00:00,4078.300048828125,51.064998626708984,63.650001525878906,5.37,100.125
2025-11-19 22:00:00+00:00,4078.300048828125,51.064998626708984,63.650001525878906,5.37,100.11699676513672
2025-11-19 23:00:00+00:00,4104.2998046875,51.439998626708984,63.7400016784668,5.37,100.11499786376953
2025-11-20 00:00:00+00:00,4102.0,51.28499984741211,63.22999954223633,5.37,100.13899993896484
2025-11-20 01:00:00+00:00,4081.10009765625,51.119998931884766,63.209999084472656,5.505,100.24700164794922
2025-11-20 02:00:00+00:00,4065.300048828125,50.900001525878906,63.599998474121094,5.5025,100.24800109863281
2025-11-20 03:00:00+00:00,4070.300048828125,50.970001220703125,63.150001525878906,5.3725,100.2979965209961
2025-11-20 04:00:00+00:00,4075.10009765625,51.029998779296875,63.70000076293945,5.5025,100.25199890136719
2025-11-20 05:00:00+00:00,4065.10009765625,50.89500045776367,63.650001525878906,5.5075,100.29399871826172
2025-11-20 06:00:00+00:00,4066.89990234375,50.86000061035156,63.65999984741211,5.3875,100.27300262451172
2025-11-20 07:00:00+00:00,4058.89990234375,50.67499923706055,63.630001068115234,5.52,100.24099731445312
2025-11-20 08:00:00+00:00,4062.39990234375,50.470001220703125,63.93000030517578,5.525,100.21700286865234
2025-11-20 09:00:00+00:00,4062.300048828125,50.70500183105469,63.41999816894531,5.5325,100.16100311279297
2025-11-20 10:00:00+00:00,4058.60009765625,50.470001220703125,64.0999984741211,5.4025,100.18599700927734
2025-11-20 11:00:00+00:00,4059.60009765625,50.54499816894531,63.5099983215332,5.5325,100.28500366210938
2025-11-20 12:00:00+00:00,4081.199951171875,50.939998626708984,64.16999816894531,5.42,100.33399963378906
2025-11-20 13:00:00+00:00,4079.699951171875,50.849998474121094,63.939998626708984,5.55,100.1719970703125
2025-11-20 14:00:00+00:00,4092.60009765625,51.03499984741211,64.04000091552734,5.34,100.12899780273438
2025-11-20 15:00:00+00:00,4069.5,50.630001068115234,64.22000122070312,5.455,100.2020034790039
2025-11-20 16:00:00+00:00,4047.60009765625,50.08000183105469,63.29999923706055,5.435,100.18199920654297
2025-11-20 17:00:00+00:00,4064.699951171875,50.275001525878906,63.38999938964844,5.4375,100.23200225830078
2025-11-20 18:00:00+00:00,4060.0,50.05500030517578,63.27000045776367,5.275,100.177001953125
2025-11-20 19:00:00+00:00,4084.39990234375,50.595001220703125,63.380001068115234,5.28,100.15799713134766
2025-11-20 20:00:00+00:00,4077.300048828125,50.279998779296875,63.08000183105469,5.28,100.25199890136719
2025-11-20 21:00:00+00:00,4076.699951171875,50.35499954223633,63.130001068115234,5.28,100.2229995727539
2025-11-20 22:00:00+00:00,4076.699951171875,50.35499954223633,63.130001068115234,5.28,100.21800231933594
2025-11-20 23:00:00+00:00,4079.699951171875,50.474998474121094,62.29999923706055,5.28,100.21399688720703
2025-11-21 00:00:00+00:00,4073.60009765625,50.290000915527344,62.040000915527344,5.28,100.14700317382812
2025-11-21 01:00:00+00:00,4068.199951171875,50.005001068115234,62.16999816894531,5.4025,100.18499755859375
2025-11-21 02:00:00+00:00,4055.5,49.59000015258789,62.11000061035156,5.39,100.15699768066406
2025-11-21 03:00:00+00:00,4054.5,49.47999954223633,62.56999969482422,5.3875,100.14399719238281
2025-11-21 04:00:00+00:00,4049.39990234375,49.310001373291016,62.45000076293945,5.2425,100.12699890136719
2025-11-21 05:00:00+00:00,4056.199951171875,49.185001373291016,62.709999084472656,5.38,100.14099884033203
2025-11-21 06:00:00+00:00,4030.300048828125,48.9900016784668,62.09000015258789,5.39,100.09700012207031
2025-11-21 07:00:00+00:00,4029.0,48.66999816894531,62.27000045776367,5.3725,100.08699798583984
2025-11-21 08:00:00+00:00,4037.89990234375,48.869998931884766,62.04999923706055,5.365,100.08100128173828
2025-11-21 09:00:00+00:00,4047.699951171875,48.70500183105469,62.209999084472656,5.3825,100.19400024414062
2025-11-21 10:00:00+00:00,4034.10009765625,48.40999984741211,61.38999938964844,5.37,100.22200012207031
2025-11-21 11:00:00+00:00,4034.10009765625,48.39500045776367,62.349998474121094,5.365,100.33300018310547
2025-11-21 12:00:00+00:00,4064.199951171875,49.130001068115234,62.33000183105469,5.38,100.16600036621094
2025-11-21 13:00:00+00:00,4078.199951171875,49.560001373291016,62.130001068115234,5.39,100.2030029296875
2025-11-21 14:00:00+00:00,4070.300048828125,49.29499816894531,61.36000061035156,5.25,100.23699951171875
2025-11-21 15:00:00+00:00,4068.699951171875,49.314998626708984,61.47999954223633,5.42,100.30400085449219
2025-11-21 16:00:00+00:00,4099.7001953125,50.34000015258789,61.65999984741211,5.445,100.25800323486328
2025-11-21 17:00:00+00:00,4085.0,50.005001068115234,62.33000183105469,5.415,100.24199676513672
2025-11-21 18:00:00+00:00,4081.89990234375,50.060001373291016,62.31999969482422,5.405,100.26100158691406
2025-11-21 19:00:00+00:00,4087.199951171875,50.01499938964844,62.349998474121094,5.2975,100.18000030517578
2025-11-21 20:00:00+00:00,4064.5,49.68000030517578,62.45000076293945,5.2975,100.15799713134766
2025-11-21 21:00:00+00:00,4079.5,49.91299819946289,61.939998626708984,5.2975,100.19599914550781
2025-11-23 23:00:00+00:00,4071.60009765625,49.810001373291016,62.220001220703125,5.2975,100.2490005493164
2025-11-24 00:00:00+00:00,4064.699951171875,49.810001373291016,62.310001373291016,5.2975,100.26599884033203
2025-11-24 01:00:00+00:00,4041.10009765625,49.43000030517578,62.45000076293945,5.3875,100.24700164794922
2025-11-24 02:00:00+00:00,4040.699951171875,49.459999084472656,61.83000183105469,5.27,100.20800018310547
2025-11-24 03:00:00+00:00,4047.5,49.65999984741211,61.939998626708984,5.395,100.19999694824219
2025-11-24 04:00:00+00:00,4039.89990234375,49.529998779296875,62.56999969482422,5.39,100.15799713134766
2025-11-24 05:00:00+00:00,4042.699951171875,49.599998474121094,62.599998474121094,5.39,100.1500015258789
2025-11-24 06:00:00+00:00,4049.5,49.494998931884766,62.119998931884766,5.3875,100.18399810791016
2025-11-24 07:00:00+00:00,4057.0,49.6150016784668,62.349998474121094,5.38,100.25700378417969
2025-11-24 08:00:00+00:00,4060.699951171875,49.75,61.63999938964844,5.2275,100.15899658203125
2025-11-24 09:00:00+00:00,4068.5,49.814998626708984,61.400001525878906,5.2225,100.1520004272461
2025-11-24 10:00:00+00:00,4061.199951171875,49.70000076293945,61.290000915527344,5.35,100.08200073242188
2025-11-24 11:00:00+00:00,4066.5,49.68000030517578,61.84000015258789,5.35,100.0739974975586
2025-11-24 12:00:00+00:00,4077.89990234375,49.935001373291016,62.02000045776367,5.3425,100.04399871826172
2025-11-24 13:00:00+00:00,4075.300048828125,49.81999969482422,62.040000915527344,5.3525,100.0979995727539
2025-11-24 14:00:00+00:00,4078.89990234375,49.915000915527344,61.91999816894531,5.35,100.18599700927734
2025-11-24 15:00:00+00:00,4089.800048828125,50.095001220703125,61.65999984741211,5.3225,100.15599822998047
2025-11-24 16:00:00+00:00,4096.2001953125,50.275001525878906,62.34000015258789,5.34,100.23500061035156
2025-11-24 17:00:00+00:00,4091.699951171875,50.310001373291016,62.43000030517578,5.3375,100.2239990234375
2025-11-24 18:00:00+00:00,4119.2998046875,50.69499969482422,62.709999084472656,5.35,100.13999938964844
2025-11-24 19:00:00+00:00,4117.39990234375,50.915000915527344,62.68000030517578,5.35,100.14199829101562
2025-11-24 20:00:00+00:00,4130.5,51.16999816894531,62.83000183105469,5.35,100.18299865722656
2025-11-24 21:00:00+00:00,4133.7998046875,51.154998779296875,62.720001220703125,5.35,100.2030029296875
2025-11-24 22:00:00+00:00,4133.7998046875,51.154998779296875,62.720001220703125,5.35,100.16600036621094
2025-11-24 23:00:00+00:00,4141.89990234375,51.17499923706055,63.369998931884766,5.35,100.18299865722656
2025-11-25 00:00:00+00:00,4126.60009765625,50.834999084472656,62.70000076293945,5.35,100.16699981689453
2025-11-25 01:00:00+00:00,4132.0,51.1150016784668,63.220001220703125,5.34,100.1510009765625
2025-11-25 02:00:00+00:00,4147.2998046875,51.31999969482422,63.220001220703125,5.3375,100.13500213623047
2025-11-25 03:00:00+00:00,4140.10009765625,51.2400016784668,62.060001373291016,5.3375,100.22000122070312
2025-11-25 04:00:00+00:00,4138.7998046875,51.30500030517578,62.45000076293945,5.3425,100.24199676513672
2025-11-25 05:00:00+00:00,4148.39990234375,51.459999084472656,62.40999984741211,5.3425,100.22000122070312
2025-11-25 06:00:00+00:00,4138.60009765625,51.10499954223633,62.349998474121094,5.34,100.20700073242188
2025-11-25 07:00:00+00:00,4129.39990234375,50.96500015258789,63.06999969482422,5.34,100.1729965209961
2025-11-25 08:00:00+00:00,4113.0,51.30500030517578,62.150001525878906,5.3525,100.13999938964844
2025-11-25 09:00:00+00:00,4161.89990234375,51.33000183105469,63.150001525878906,5.3525,100.06600189208984
2025-11-25 10:00:00+00:00,4165.2998046875,51.46500015258789,62.47999954223633,5.2475,100.0530014038086
2025-11-25 11:00:00+00:00,4167.60009765625,51.51499938964844,62.439998626708984,5.3675,100.15599822998047
2025-11-25 12:00:00+00:00,4127.10009765625,51.560001373291016,62.20000076293945,5.2075,100.02100372314453
2025-11-25 13:00:00+00:00,4181.7998046875,51.974998474121094,61.58000183105469,5.365,99.90399932861328
2025-11-25 14:00:00+00:00,4158.60009765625,51.35499954223633,61.83000183105469,5.3625,99.83200073242188
2025-11-25 15:00:00+00:00,4156.7998046875,51.14500045776367,61.150001525878906,5.3725,99.86199951171875
2025-11-25 16:00:00+00:00,4132.2001953125,51.439998626708984,61.459999084472656,5.3725,99.93800354003906
2025-11-25 17:00:00+00:00,4180.5,50.92499923706055,61.560001373291016,5.2725,99.68800354003906
2025-11-25 18:00:00+00:00,4131.7001953125,51.459999084472656,62.29999923706055,5.385,99.7040023803711
2025-11-25 19:00:00+00:00,4131.7001953125,50.85499954223633,62.380001068115234,5.385,99.66400146484375
2025-11-25 20:00:00+00:00,4166.7001953125,51.720001220703125,61.79999923706055,5.385,99.84200286865234
2025-11-25 21:00:00+00:00,4177.2998046875,51.62900161743164,61.95000076293945,5.385,99.80999755859375
2025-11-25 22:00:00+00:00,4177.2998046875,51.62900161743164,61.95000076293945,5.385,99.80599975585938
2025-11-25 23:00:00+00:00,4167.60009765625,51.630001068115234,61.939998626708984,5.385,99.79199981689453
2025-11-26 00:00:00+00:00,4177.2001953125,51.78499984741211,61.959999084472656,5.385,99.83399963378906
2025-11-26 01:00:00+00:00,4183.0,51.994998931884766,61.599998474121094,5.375,99.73699951171875
2025-11-26 02:00:00+00:00,4196.89990234375,52.29999923706055,62.029998779296875,5.3725,99.69000244140625
2025-11-26 03:00:00+00:00,4201.2001953125,52.38999938964844,61.97999954223633,5.375,99.6240005493164
2025-11-26 04:00:00+00:00,4197.2998046875,52.39500045776367,62.04999923706055,5.3775,99.69499969482422
2025-11-26 05:00:00+00:00,4197.10009765625,52.334999084472656,62.02000045776367,5.3775,99.64099884033203
2025-11-26 06:00:00+00:00,4185.2998046875,52.29999923706055,61.959999084472656,5.255,99.68199920654297
2025-11-26 07:00:00+00:00,4191.89990234375,52.35499954223633,61.72999954223633,5.38,99.75
2025-11-26 08:00:00+00:00,4195.39990234375,52.54499816894531,62.439998626708984,5.38,99.8030014038086
2025-11-26 09:00:00+00:00,4197.10009765625,52.61000061035156,62.40999984741211,5.3775,99.80599975585938
2025-11-26 10:00:00+00:00,4194.89990234375,52.73500061035156,61.79999923706055,5.3775,99.81900024414062
2025-11-26 11:00:00+00:00,4206.7001953125,52.77000045776367,61.81999969482422,5.385,99.802001953125
2025-11-26 12:00:00+00:00,4190.39990234375,52.47999954223633,61.66999816894531,5.4,99.81400299072266
2025-11-26 13:00:00+00:00,4188.2001953125,52.564998626708984,61.81999969482422,5.28,99.9280014038086
2025-11-26 14:00:00+00:00,4176.7001953125,52.33000183105469,61.68000030517578,5.405,99.76799774169922
2025-11-26 15:00:00+00:00,4200.2998046875,53.09000015258789,61.45000076293945,5.4375,99.64299774169922
2025-11-26 16:00:00+00:00,4201.60009765625,53.43000030517578,62.20000076293945,5.4375,99.625
2025-11-26 17:00:00+00:00,4201.7998046875,53.5,61.91999816894531,5.4375,99.60800170898438
2025-11-26 18:00:00+00:00,4198.5,53.599998474121094,61.84000015258789,5.415,99.5979995727539
2025-11-26 19:00:00+00:00,4197.0,53.724998474121094,62.470001220703125,5.41,99.59500122070312
2025-11-26 20:00:00+00:00,4196.89990234375,53.685001373291016,62.439998626708984,5.41,99.59600067138672
2025-11-26 21:00:00+00:00,4196.10009765625,53.7599983215332,62.41999816894531,5.41,99.58300018310547
2025-11-26 22:00:00+00:00,4196.10009765625,53.7599983215332,62.41999816894531,5.41,99.58100128173828
2025-11-26 23:00:00+00:00,4196.60009765625,53.86000061035156,62.36000061035156,5.41,99.55999755859375
2025-11-27 00:00:00+00:00,4197.10009765625,53.810001373291016,62.38999938964844,5.41,99.49199676513672
2025-11-27 01:00:00+00:00,4187.39990234375,53.45500183105469,62.18000030517578,5.41,99.4469985961914
2025-11-27 02:00:00+00:00,4177.39990234375,53.29999923706055,62.2400016784668,5.41,99.48699951171875
2025-11-27 03:00:00+00:00,4179.5,53.435001373291016,62.20000076293945,5.41,99.49099731445312
2025-11-27 04:00:00+00:00,4182.7001953125,53.3849983215332,62.13999938964844,5.41,99.49099731445312
2025-11-28 14:30:00+00:00,4233.5,55.79999923706055,62.91999816894531,5.385,99.5780029296875
2025-11-28 15:30:00+00:00,4239.2998046875,56.18000030517578,62.81999969482422,5.4125,99.37699890136719
2025-11-28 16:30:00+00:00,4242.10009765625,56.45000076293945,63.2599983215332,5.385,99.4739990234375
2025-11-28 17:30:00+00:00,4251.39990234375,57.08000183105469,63.189998626708984,5.385,99.45899963378906
2025-11-30 23:00:00+00:00,4257.2998046875,57.720001220703125,63.2599983215332,5.385,99.43900299072266
2025-12-01 00:00:00+00:00,4267.2001953125,58.060001373291016,62.560001373291016,5.385,99.42500305175781
2025-12-01 01:00:00+00:00,4290.60009765625,58.564998626708984,62.689998626708984,5.41,99.39399719238281
2025-12-01 02:00:00+00:00,4277.7998046875,58.13999938964844,63.29999923706055,5.3825,99.4540023803711
2025-12-01 03:00:00+00:00,4273.7998046875,57.95000076293945,63.380001068115234,5.37,99.43900299072266
2025-12-01 04:00:00+00:00,4280.5,57.900001525878906,62.9900016784668,5.365,99.43599700927734
2025-12-01 05:00:00+00:00,4263.5,57.54499816894531,63.599998474121094,5.365,99.46299743652344
2025-12-01 06:00:00+00:00,4269.89990234375,57.43000030517578,63.47999954223633,5.365,99.4729995727539
2025-12-01 07:00:00+00:00,4278.89990234375,57.505001068115234,63.02000045776367,5.3575,99.3759994506836
2025-12-01 08:00:00+00:00,4279.2001953125,57.76499938964844,63.560001373291016,5.3475,99.36699676513672
2025-12-01 09:00:00+00:00,4284.2998046875,57.91999816894531,63.56999969482422,5.34,99.28600311279297
2025-12-01 10:00:00+00:00,4290.7001953125,58.209999084472656,63.290000915527344,5.3375,99.26000213623047
2025-12-01 11:00:00+00:00,4290.0,58.02000045776367,63.150001525878906,5.35,99.23200225830078
2025-12-01 12:00:00+00:00,4280.7998046875,57.540000915527344,62.529998779296875,5.355,99.04299926757812
2025-12-01 13:00:00+00:00,4281.7001953125,57.974998474121094,62.83000183105469,5.34,99.07499694824219
2025-12-01 14:00:00+00:00,4273.2001953125,58.17499923706055,62.869998931884766,5.36,99.15799713134766
2025-12-01 15:00:00+00:00,4265.2001953125,58.209999084472656,63.29999923706055,5.3575,99.19999694824219
2025-12-01 16:00:00+00:00,4258.89990234375,58.81999969482422,63.0,5.3725,99.29000091552734
2025-12-01 17:00:00+00:00,4265.2001953125,58.85499954223633,63.060001373291016,5.3425,99.31099700927734
2025-12-01 18:00:00+00:00,4274.2001953125,59.095001220703125,63.20000076293945,5.345,99.38800048828125
2025-12-01 19:00:00+00:00,4270.7998046875,58.63999938964844,63.2400016784668,5.3525,99.41400146484375
2025-12-01 20:00:00+00:00,4270.7998046875,58.43000030517578,63.220001220703125,5.3525,99.40699768066406
2025-12-01 21:00:00+00:00,4265.0,58.45000076293945,62.91999816894531,5.3525,99.40799713134766
2025-12-01 22:00:00+00:00,4265.0,58.45000076293945,62.91999816894531,5.3525,99.40899658203125
2025-12-01 23:00:00+00:00,4260.10009765625,58.1349983215332,63.380001068115234,5.3525,99.40699768066406
2025-12-02 00:00:00+00:00,4259.60009765625,58.1349983215332,63.310001373291016,5.3525,99.4489974975586
2025-12-02 01:00:00+00:00,4251.10009765625,57.709999084472656,63.18000030517578,5.335,99.4229965209961
2025-12-02 02:00:00+00:00,4253.0,57.81999969482422,63.220001220703125,5.34,99.41000366210938
2025-12-02 03:00:00+00:00,4247.7001953125,57.849998474121094,62.810001373291016,5.35,99.4000015258789
2025-12-02 04:00:00+00:00,4249.10009765625,57.83000183105469,63.18000030517578,5.3475,99.41600036621094
2025-12-02 05:00:00+00:00,4256.5,57.974998474121094,63.20000076293945,5.3475,99.41699981689453
2025-12-02 06:00:00+00:00,4244.0,57.73500061035156,63.22999954223633,5.3525,99.43299865722656
2025-12-02 07:00:00+00:00,4244.5,57.89500045776367,63.060001373291016,5.345,99.41300201416016
2025-12-02 08:00:00+00:00,4241.39990234375,57.78499984741211,62.970001220703125,5.3425,99.44499969482422
2025-12-02 09:00:00+00:00,4222.89990234375,57.54999923706055,63.0,5.3175,99.4540023803711
2025-12-02 10:00:00+00:00,4216.39990234375,57.70000076293945,63.130001068115234,5.3175,99.49500274658203
2025-12-02 11:00:00+00:00,4236.0,58.04499816894531,62.52000045776367,5.325,99.45999908447266
2025-12-02 12:00:00+00:00,4239.7998046875,58.08000183105469,63.0099983215332,5.3075,99.41999816894531
2025-12-02 13:00:00+00:00,4243.2001953125,58.209999084472656,62.7599983215332,5.31,99.41699981689453
2025-12-02 14:00:00+00:00,4251.10009765625,58.779998779296875,62.34000015258789,5.335,99.39700317382812
2025-12-02 15:00:00+00:00,4200.7998046875,57.709999084472656,62.66999816894531,5.3725,99.44999694824219
2025-12-02 16:00:00+00:00,4215.7001953125,58.290000915527344,62.279998779296875,5.4275,99.54299926757812
2025-12-02 17:00:00+00:00,4225.0,58.63999938964844,62.34000015258789,5.415,99.46099853515625
2025-12-02 18:00:00+00:00,4222.2998046875,58.619998931884766,62.779998779296875,5.405,99.4530029296875
2025-12-02 19:00:00+00:00,4227.60009765625,58.959999084472656,62.400001525878906,5.4125,99.35700225830078
2025-12-02 20:00:00+00:00,4241.60009765625,59.22999954223633,62.459999084472656,5.4125,99.33399963378906
2025-12-02 21:00:00+00:00,4238.7001953125,59.150001525878906,62.400001525878906,5.4125,99.3270034790039
2025-12-02 22:00:00+00:00,4238.7001953125,59.150001525878906,62.400001525878906,5.4125,99.33999633789062
2025-12-02 23:00:00+00:00,4244.0,59.349998474121094,62.459999084472656,5.4125,99.31900024414062
2025-12-03 00:00:00+00:00,4243.0,59.04999923706055,62.02000045776367,5.4125,99.2760009765625
2025-12-03 01:00:00+00:00,4245.2998046875,58.9900016784668,62.34000015258789,5.42,99.22699737548828
2025-12-03 02:00:00+00:00,4258.10009765625,59.435001373291016,62.34000015258789,5.415,99.2229995727539
2025-12-03 03:00:00+00:00,4252.39990234375,59.58000183105469,62.47999954223633,5.4175,99.22200012207031
2025-12-03 04:00:00+00:00,4252.60009765625,59.47999954223633,62.5099983215332,5.4175,99.20700073242188
2025-12-03 05:00:00+00:00,4238.2998046875,58.61000061035156,62.06999969482422,5.415,99.19300079345703
2025-12-03 06:00:00+00:00,4238.89990234375,58.63999938964844,62.61000061035156,5.405,99.17500305175781
2025-12-03 07:00:00+00:00,4236.10009765625,58.720001220703125,62.709999084472656,5.405,99.19499969482422
2025-12-03 08:00:00+00:00,4236.60009765625,58.75,62.83000183105469,5.4175,99.1510009765625
2025-12-03 09:00:00+00:00,4233.0,58.790000915527344,63.220001220703125,5.41,99.11399841308594
2025-12-03 10:00:00+00:00,4230.7001953125,58.650001525878906,63.27000045776367,5.4075,99.01699829101562
2025-12-03 11:00:00+00:00,4239.0,58.98500061035156,62.7400016784668,5.4075,98.96900177001953
2025-12-03 12:00:00+00:00,4244.5,59.154998779296875,63.15999984741211,5.3875,98.98400115966797
2025-12-03 13:00:00+00:00,4268.7001953125,59.55500030517578,63.11000061035156,5.39,98.9729995727539
2025-12-03 14:00:00+00:00,4244.5,58.810001373291016,62.560001373291016,5.39,98.96099853515625
2025-12-03 15:00:00+00:00,4247.7998046875,58.97999954223633,62.810001373291016,5.38,98.9489974975586
2025-12-03 16:00:00+00:00,4231.89990234375,58.584999084472656,62.689998626708984,5.38,98.9469985961914
2025-12-03 17:00:00+00:00,4242.7998046875,58.849998474121094,62.93000030517578,5.3775,98.875
2025-12-03 18:00:00+00:00,4228.0,58.720001220703125,62.83000183105469,5.39,98.86000061035156
2025-12-03 19:00:00+00:00,4239.39990234375,58.95500183105469,62.279998779296875,5.3825,98.85399627685547
2025-12-03 20:00:00+00:00,4237.2001953125,58.91999816894531,62.79999923706055,5.3825,98.90499877929688
2025-12-03 21:00:00+00:00,4232.5,58.619998931884766,62.369998931884766,5.3825,98.86900329589844
2025-12-03 22:00:00+00:00,4232.5,58.619998931884766,62.369998931884766,5.3825,98.87300109863281
2025-12-03 23:00:00+00:00,4237.0,58.95000076293945,62.70000076293945,5.3825,98.86799621582031
2025-12-04 00:00:00+00:00,4241.2998046875,58.869998931884766,62.720001220703125,5.3825,98.9219970703125
2025-12-04 01:00:00+00:00,4238.5,59.040000915527344,62.810001373291016,5.3775,98.93399810791016
2025-12-04 02:00:00+00:00,4229.7998046875,58.834999084472656,62.93000030517578,5.38,98.96900177001953
2025-12-04 03:00:00+00:00,4224.39990234375,58.63999938964844,62.939998626708984,5.3775,98.99600219726562
2025-12-04 04:00:00+00:00,4224.7001953125,58.709999084472656,62.54999923706055,5.3775,98.99299621582031
2025-12-04 05:00:00+00:00,4210.2998046875,58.150001525878906,62.47999954223633,5.3825,98.95800018310547
2025-12-04 06:00:00+00:00,4219.10009765625,58.0,63.06999969482422,5.3875,98.97599792480469
2025-12-04 07:00:00+00:00,4222.89990234375,57.959999084472656,63.0,5.3825,98.94000244140625
2025-12-04 08:00:00+00:00,4213.89990234375,57.334999084472656,63.02000045776367,5.38,98.84600067138672
2025-12-04 09:00:00+00:00,4229.5,57.869998931884766,62.849998474121094,5.38,98.81999969482422
2025-12-04 10:00:00+00:00,4227.10009765625,57.849998474121094,62.58000183105469,5.385,98.88300323486328
2025-12-04 11:00:00+00:00,4228.2001953125,58.02000045776367,62.900001525878906,5.3625,98.7770004272461
2025-12-04 12:00:00+00:00,4219.89990234375,57.73500061035156,63.0,5.3675,98.86000061035156
2025-12-04 13:00:00+00:00,4227.89990234375,57.869998931884766,63.04999923706055,5.3575,98.9010009765625
2025-12-04 14:00:00+00:00,4231.10009765625,57.25,62.59000015258789,5.34,98.83599853515625
2025-12-04 15:00:00+00:00,4237.60009765625,57.345001220703125,63.09000015258789,5.3725,98.79499816894531
2025-12-04 16:00:00+00:00,4245.89990234375,57.61000061035156,63.06999969482422,5.4025,98.9229965209961
2025-12-04 17:00:00+00:00,4246.60009765625,57.630001068115234,63.400001525878906,5.4125,98.95500183105469
2025-12-04 18:00:00+00:00,4238.5,57.29499816894531,63.439998626708984,5.4075,98.97200012207031
2025-12-04 19:00:00+00:00,4239.7001953125,57.439998626708984,63.29999923706055,5.4,98.98899841308594
2025-12-04 20:00:00+00:00,4240.2001953125,57.5099983215332,62.88999938964844,5.4,99.05599975585938
2025-12-04 21:00:00+00:00,4237.89990234375,57.529998779296875,63.31999969482422,5.4,99.05999755859375
2025-12-04 22:00:00+00:00,4237.89990234375,57.529998779296875,63.31999969482422,5.4,99.0510025024414
2025-12-04 23:00:00+00:00,4236.2001953125,57.439998626708984,62.900001525878906,5.4,99.06900024414062
2025-12-05 00:00:00+00:00,4231.7001953125,57.43000030517578,62.849998474121094,5.4,99.01200103759766
2025-12-05 01:00:00+00:00,4232.89990234375,57.70500183105469,63.22999954223633,5.395,98.99199676513672
2025-12-05 02:00:00+00:00,4237.0,58.119998931884766,63.11000061035156,5.395,99.00199890136719
2025-12-05 03:00:00+00:00,4238.89990234375,57.97999954223633,62.7400016784668,5.3925,99.03299713134766
2025-12-05 04:00:00+00:00,4246.0,58.28499984741211,63.099998474121094,5.3925,98.98200225830078
2025-12-05 05:00:00+00:00,4250.7001953125,58.685001373291016,63.22999954223633,5.4025,98.91300201416016
2025-12-05 06:00:00+00:00,4254.39990234375,58.82500076293945,62.83000183105469,5.39,98.9010009765625
2025-12-05 07:00:00+00:00,4254.2998046875,58.720001220703125,63.18000030517578,5.3925,98.88899993896484
2025-12-05 08:00:00+00:00,4250.7001953125,58.650001525878906,62.83000183105469,5.395,98.9540023803711
2025-12-05 09:00:00+00:00,4253.5,58.65999984741211,63.369998931884766,5.375,98.95500183105469
2025-12-05 10:00:00+00:00,4252.89990234375,58.64500045776367,63.22999954223633,5.3725,99.0009994506836
2025-12-05 11:00:00+00:00,4253.5,58.654998779296875,63.18000030517578,5.3825,99.0260009765625
2025-12-05 12:00:00+00:00,4259.0,58.65999984741211,63.20000076293945,5.41,98.98400115966797
2025-12-05 13:00:00+00:00,4264.89990234375,58.72999954223633,62.84000015258789,5.3975,98.95600128173828
2025-12-05 14:00:00+00:00,4272.2998046875,59.125,63.619998931884766,5.3875,98.95600128173828
2025-12-05 15:00:00+00:00,4274.89990234375,59.619998931884766,63.900001525878906,5.36,98.96700286865234
2025-12-05 16:00:00+00:00,4244.10009765625,59.029998779296875,63.59000015258789,5.3525,99.06700134277344
2025-12-05 17:00:00+00:00,4248.39990234375,59.2599983215332,63.93000030517578,5.3525,98.99199676513672
2025-12-05 18:00:00+00:00,4239.2998046875,59.064998626708984,63.349998474121094,5.35,98.99600219726562
2025-12-05 19:00:00+00:00,4237.2998046875,58.97999954223633,63.77000045776367,5.3575,98.99199676513672
2025-12-05 20:00:00+00:00,4231.60009765625,58.880001068115234,63.369998931884766,5.3575,98.97899627685547
2025-12-05 21:00:00+00:00,4227.7001953125,59.053001403808594,63.38999938964844,5.3575,98.98600006103516
2025-12-07 23:00:00+00:00,4230.60009765625,58.88999938964844,63.88999938964844,5.3575,99.01200103759766
2025-12-08 00:00:00+00:00,4240.2001953125,59.040000915527344,63.720001220703125,5.3575,98.91899871826172
2025-12-08 01:00:00+00:00,4230.2001953125,58.29499816894531,63.7599983215332,5.355,98.89600372314453
2025-12-08 02:00:00+00:00,4236.89990234375,58.369998931884766,63.83000183105469,5.35,98.88700103759766
2025-12-08 03:00:00+00:00,4238.7001953125,58.494998931884766,63.849998474121094,5.35,98.9219970703125
2025-12-08 04:00:00+00:00,4236.2998046875,58.404998779296875,63.880001068115234,5.3525,98.8949966430664
2025-12-08 05:00:00+00:00,4246.2998046875,58.79999923706055,63.869998931884766,5.3525,98.89600372314453
2025-12-08 06:00:00+00:00,4245.39990234375,58.83000183105469,63.869998931884766,5.3525,98.88300323486328
2025-12-08 07:00:00+00:00,4235.7001953125,58.665000915527344,63.869998931884766,5.365,98.91699981689453
2025-12-08 08:00:00+00:00,4239.2001953125,58.85499954223633,63.58000183105469,5.365,98.9229965209961
2025-12-08 09:00:00+00:00,4237.39990234375,58.75,63.29999923706055,5.3775,98.98400115966797
2025-12-08 10:00:00+00:00,4232.89990234375,58.810001373291016,63.209999084472656,5.3675,98.9749984741211
2025-12-08 11:00:00+00:00,4237.7001953125,58.755001068115234,63.130001068115234,5.3725,98.98799896240234
2025-12-08 12:00:00+00:00,4243.2998046875,58.974998474121094,62.90999984741211,5.3675,98.95800018310547
2025-12-08 13:00:00+00:00,4230.89990234375,58.630001068115234,62.75,5.3825,98.99500274658203
2025-12-08 14:00:00+00:00,4225.7998046875,58.6150016784668,62.970001220703125,5.3675,99.06099700927734
2025-12-08 15:00:00+00:00,4211.7998046875,58.314998626708984,62.970001220703125,5.3475,99.17900085449219
2025-12-08 16:00:00+00:00,4220.7001953125,58.38999938964844,62.93000030517578,5.335,99.1719970703125
2025-12-08 17:00:00+00:00,4224.2001953125,58.52000045776367,62.720001220703125,5.3575,99.06900024414062
2025-12-08 18:00:00+00:00,4216.10009765625,58.34000015258789,62.43000030517578,5.3475,99.09200286865234
2025-12-08 19:00:00+00:00,4216.10009765625,58.36000061035156,62.43000030517578,5.345,99.08699798583984
2025-12-08 20:00:00+00:00,4221.10009765625,58.470001220703125,62.47999954223633,5.345,99.10099792480469
2025-12-08 21:00:00+00:00,4219.89990234375,58.5,62.47999954223633,5.345,99.10700225830078
2025-12-08 22:00:00+00:00,4219.89990234375,58.5,62.47999954223633,5.345,99.11299896240234
2025-12-08 23:00:00+00:00,4223.7998046875,58.505001068115234,62.5099983215332,5.345,99.09700012207031
2025-12-09 00:00:00+00:00,4219.60009765625,58.42499923706055,62.540000915527344,5.345,99.10600280761719
2025-12-09 01:00:00+00:00,4225.10009765625,58.630001068115234,62.41999816894531,5.3675,99.0260009765625
2025-12-09 02:00:00+00:00,4218.7001953125,58.59000015258789,62.38999938964844,5.36,99.04499816894531
2025-12-09 03:00:00+00:00,4223.7998046875,58.82500076293945,62.38999938964844,5.3625,99.04000091552734
2025-12-09 04:00:00+00:00,4216.60009765625,58.755001068115234,62.34000015258789,5.365,99.04100036621094
2025-12-09 05:00:00+00:00,4208.2001953125,58.19499969482422,62.349998474121094,5.365,99.02799987792969
2025-12-09 06:00:00+00:00,4209.7998046875,58.415000915527344,62.369998931884766,5.3575,99.06300354003906
2025-12-09 07:00:00+00:00,4209.7001953125,58.44499969482422,62.45000076293945,5.3525,99.10600280761719
2025-12-09 08:00:00+00:00,4220.2998046875,58.790000915527344,62.33000183105469,5.345,99.06999969482422
2025-12-09 09:00:00+00:00,4232.2001953125,59.05500030517578,62.40999984741211,5.3625,98.9800033569336
2025-12-09 10:00:00+00:00,4233.2001953125,59.095001220703125,62.65999984741211,5.375,99.04100036621094
2025-12-09 11:00:00+00:00,4232.10009765625,59.005001068115234,62.75,5.3525,99.06400299072266
2025-12-09 12:00:00+00:00,4233.39990234375,59.189998626708984,62.619998931884766,5.32,99.11900329589844
2025-12-09 13:00:00+00:00,4230.39990234375,59.3650016784668,62.45000076293945,5.3225,99.13300323486328
2025-12-09 14:00:00+00:00,4233.89990234375,59.70500183105469,62.18000030517578,5.355,99.0999984741211
2025-12-09 15:00:00+00:00,4242.0,60.775001525878906,61.959999084472656,5.345,99.22799682617188
2025-12-09 16:00:00+00:00,4242.10009765625,60.83000183105469,61.90999984741211,5.325,99.1449966430664
2025-12-09 17:00:00+00:00,4232.10009765625,60.69499969482422,61.880001068115234,5.33,99.26000213623047
2025-12-09 18:00:00+00:00,4238.2001953125,61.119998931884766,61.880001068115234,5.3425,99.25199890136719
2025-12-09 19:00:00+00:00,4241.39990234375,61.16999816894531,62.06999969482422,5.3425,99.22000122070312
2025-12-09 20:00:00+00:00,4240.7998046875,61.23500061035156,62.02000045776367,5.3425,99.23899841308594
2025-12-09 21:00:00+00:00,4236.60009765625,61.15999984741211,62.119998931884766,5.3425,99.24099731445312
2025-12-09 22:00:00+00:00,4236.60009765625,61.15999984741211,62.119998931884766,5.3425,99.23100280761719
2025-12-09 23:00:00+00:00,4238.7001953125,61.369998931884766,62.040000915527344,5.3425,99.24299621582031
2025-12-10 00:00:00+00:00,4236.89990234375,61.20500183105469,62.06999969482422,5.3425,99.22100067138672
2025-12-10 01:00:00+00:00,4243.10009765625,61.84000015258789,62.099998474121094,5.34,99.24400329589844
2025-12-10 02:00:00+00:00,4246.10009765625,61.775001525878906,62.02000045776367,5.3475,99.23999786376953
2025-12-10 03:00:00+00:00,4235.0,61.5099983215332,62.029998779296875,5.3375,99.21700286865234
2025-12-10 04:00:00+00:00,4235.89990234375,61.599998474121094,62.0099983215332,5.3375,99.20800018310547
2025-12-10 05:00:00+00:00,4239.2998046875,61.810001373291016,62.09000015258789,5.335,99.2040023803711
2025-12-10 06:00:00+00:00,4235.10009765625,61.915000915527344,62.13999938964844,5.335,99.16100311279297
2025-12-10 07:00:00+00:00,4231.2001953125,61.875,62.0,5.335,99.08200073242188
2025-12-10 08:00:00+00:00,4225.7998046875,61.474998474121094,61.91999816894531,5.31,99.05500030517578
2025-12-10 09:00:00+00:00,4221.7998046875,61.334999084472656,61.90999984741211,5.31,99.16400146484375
2025-12-10 10:00:00+00:00,4221.0,61.525001525878906,62.2400016784668,5.325,99.16699981689453
2025-12-10 11:00:00+00:00,4225.60009765625,61.5,62.209999084472656,5.3125,99.15299987792969
2025-12-10 12:00:00+00:00,4224.5,61.51499938964844,62.16999816894531,5.2875,99.11699676513672
2025-12-10 13:00:00+00:00,4228.7998046875,61.27000045776367,61.9900016784668,5.285,99.08599853515625
2025-12-10 14:00:00+00:00,4221.2001953125,60.8650016784668,61.56999969482422,5.2975,99.0770034790039
2025-12-10 15:00:00+00:00,4222.10009765625,61.0,61.439998626708984,5.2625,99.0719985961914
2025-12-10 16:00:00+00:00,4233.2001953125,61.34000015258789,61.790000915527344,5.255,98.99500274658203
2025-12-10 17:00:00+00:00,4227.89990234375,61.1150016784668,61.79999923706055,5.275,98.93399810791016
2025-12-10 18:00:00+00:00,4221.89990234375,60.80500030517578,62.06999969482422,5.28,98.97200012207031
2025-12-10 19:00:00+00:00,4245.7001953125,61.57500076293945,62.5,5.2925,98.78600311279297
2025-12-10 20:00:00+00:00,4259.10009765625,62.18000030517578,62.619998931884766,5.2925,98.64399719238281
2025-12-10 21:00:00+00:00,4258.2998046875,62.20000076293945,62.650001525878906,5.2925,98.6449966430664
2025-12-10 22:00:00+00:00,4258.2998046875,62.20000076293945,62.650001525878906,5.2925,98.6510009765625
2025-12-10 23:00:00+00:00,4261.60009765625,62.310001373291016,62.470001220703125,5.2925,98.63600158691406
2025-12-11 00:00:00+00:00,4266.5,62.689998626708984,62.47999954223633,5.2925,98.59100341796875
2025-12-11 01:00:00+00:00,4267.7001953125,63.150001525878906,62.560001373291016,5.3075,98.5790023803711
2025-12-11 02:00:00+00:00,4250.39990234375,62.64500045776367,62.41999816894531,5.31,98.64900207519531
2025-12-11 03:00:00+00:00,4244.60009765625,62.41999816894531,62.15999984741211,5.305,98.66699981689453
2025-12-11 04:00:00+00:00,4241.2001953125,62.2599983215332,62.13999938964844,5.305,98.68199920654297
2025-12-11 05:00:00+00:00,4235.0,61.96500015258789,62.02000045776367,5.305,98.73500061035156
2025-12-11 06:00:00+00:00,4241.5,62.400001525878906,61.83000183105469,5.3075,98.70500183105469
2025-12-11 07:00:00+00:00,4243.5,62.310001373291016,61.83000183105469,5.3075,98.68900299072266
2025-12-11 08:00:00+00:00,4244.0,62.439998626708984,61.47999954223633,5.31,98.64299774169922
2025-12-11 09:00:00+00:00,4245.60009765625,62.35499954223633,61.43000030517578,5.3125,98.60900115966797
2025-12-11 10:00:00+00:00,4244.2001953125,62.654998779296875,61.27000045776367,5.325,98.56999969482422
2025-12-11 11:00:00+00:00,4238.10009765625,62.26499938964844,61.459999084472656,5.345,98.51300048828125
2025-12-11 12:00:00+00:00,4248.0,62.584999084472656,61.5,5.3225,98.47599792480469
2025-12-11 13:00:00+00:00,4248.60009765625,62.79499816894531,61.31999969482422,5.3125,98.36000061035156
2025-12-11 14:00:00+00:00,4257.89990234375,62.814998626708984,61.08000183105469,5.3175,98.2750015258789
2025-12-11 15:00:00+00:00,4285.2998046875,63.779998779296875,61.15999984741211,5.3175,98.1709976196289
2025-12-11 16:00:00+00:00,4304.39990234375,64.34500122070312,60.939998626708984,5.295,98.18599700927734
2025-12-11 17:00:00+00:00,4309.0,64.38999938964844,61.02000045776367,5.32,98.2030029296875
2025-12-11 18:00:00+00:00,4298.60009765625,63.834999084472656,61.119998931884766,5.3375,98.22599792480469
2025-12-11 19:00:00+00:00,4302.60009765625,64.18499755859375,61.439998626708984,5.345,98.34600067138672
2025-12-11 20:00:00+00:00,4304.7998046875,63.96500015258789,61.47999954223633,5.345,98.33100128173828
2025-12-11 21:00:00+00:00,4309.2998046875,63.974998474121094,61.59000015258789,5.345,98.35900115966797
2025-12-11 22:00:00+00:00,4309.2998046875,63.974998474121094,61.59000015258789,5.345,98.34600067138672
2025-12-11 23:00:00+00:00,4305.89990234375,63.45500183105469,61.560001373291016,5.345,98.33399963378906
2025-12-12 00:00:00+00:00,4299.60009765625,63.70000076293945,61.56999969482422,5.345,98.34400177001953
2025-12-12 01:00:00+00:00,4302.10009765625,63.79999923706055,61.650001525878906,5.3425,98.37300109863281
2025-12-12 02:00:00+00:00,4301.10009765625,64.05500030517578,61.68000030517578,5.3475,98.36799621582031
2025-12-12 03:00:00+00:00,4301.2998046875,63.939998626708984,61.689998626708984,5.3475,98.38099670410156
2025-12-12 04:00:00+00:00,4297.60009765625,63.880001068115234,61.689998626708984,5.3375,98.39900207519531
2025-12-12 05:00:00+00:00,4309.7998046875,64.19499969482422,61.77000045776367,5.3375,98.35900115966797
2025-12-12 06:00:00+00:00,4313.60009765625,64.01499938964844,61.59000015258789,5.33,98.35399627685547
2025-12-12 07:00:00+00:00,4317.60009765625,64.08000183105469,61.58000183105469,5.335,98.36000061035156
2025-12-12 08:00:00+00:00,4339.10009765625,64.33499908447266,61.77000045776367,5.3225,98.43000030517578
2025-12-12 09:00:00+00:00,4350.2998046875,64.47000122070312,61.25,5.3125,98.41500091552734
2025-12-12 10:00:00+00:00,4365.10009765625,64.69999694824219,61.22999954223633,5.3075,98.45500183105469
2025-12-12 11:00:00+00:00,4374.2001953125,64.88999938964844,61.150001525878906,5.3,98.45700073242188
2025-12-12 12:00:00+00:00,4361.10009765625,64.36499786376953,61.22999954223633,5.295,98.48300170898438
2025-12-12 13:00:00+00:00,4375.89990234375,64.75499725341797,61.2400016784668,5.3025,98.4739990234375
2025-12-12 14:00:00+00:00,4381.5,64.7249984741211,61.20000076293945,5.32,98.37200164794922
2025-12-12 15:00:00+00:00,4320.10009765625,62.275001525878906,60.86000061035156,5.3,98.43699645996094
2025-12-12 16:00:00+00:00,4312.7998046875,61.564998626708984,61.27000045776367,5.3325,98.47599792480469
2025-12-12 17:00:00+00:00,4325.7998046875,61.959999084472656,61.31999969482422,5.3175,98.34500122070312
2025-12-12 18:00:00+00:00,4327.5,61.79499816894531,61.16999816894531,5.295,98.38899993896484
2025-12-12 19:00:00+00:00,4328.39990234375,62.03499984741211,61.09000015258789,5.2975,98.39900207519531
2025-12-12 20:00:00+00:00,4329.7001953125,62.05500030517578,61.15999984741211,5.2975,98.40499877929688
2025-12-12 21:00:00+00:00,4329.7998046875,62.084999084472656,61.220001220703125,5.2975,98.39199829101562
2025-12-14 23:00:00+00:00,4333.89990234375,62.275001525878906,61.290000915527344,5.2975,98.41100311279297
2025-12-15 00:00:00+00:00,4339.5,62.39500045776367,61.369998931884766,5.2975,98.43299865722656
2025-12-15 01:00:00+00:00,4354.60009765625,62.869998931884766,61.369998931884766,5.2825,98.3550033569336
2025-12-15 02:00:00+00:00,4358.2998046875,62.89500045776367,61.40999984741211,5.2775,98.34700012207031
2025-12-15 03:00:00+00:00,4359.89990234375,62.880001068115234,61.41999816894531,5.2775,98.39700317382812
2025-12-15 04:00:00+00:00,4358.89990234375,62.8650016784668,61.459999084472656,5.2775,98.38700103759766
2025-12-15 05:00:00+00:00,4377.5,63.290000915527344,61.400001525878906,5.27,98.35399627685547
2025-12-15 06:00:00+00:00,4376.10009765625,63.505001068115234,61.40999984741211,5.2675,98.35399627685547
2025-12-15 07:00:00+00:00,4372.39990234375,63.38999938964844,61.36000061035156,5.2675,98.40499877929688
2025-12-15 08:00:00+00:00,4380.39990234375,63.8849983215332,61.27000045776367,5.2625,98.38999938964844
2025-12-15 09:00:00+00:00,4376.10009765625,63.59000015258789,61.2400016784668,5.27,98.29399871826172
2025-12-15 10:00:00+00:00,4374.0,63.68000030517578,60.9900016784668,5.2575,98.3239974975586
2025-12-15 11:00:00+00:00,4376.60009765625,63.83000183105469,60.83000183105469,5.255,98.26699829101562
2025-12-15 12:00:00+00:00,4379.89990234375,64.09500122070312,60.880001068115234,5.255,98.24199676513672
2025-12-15 13:00:00+00:00,4365.7001953125,63.845001220703125,60.79999923706055,5.255,98.29900360107422
2025-12-15 14:00:00+00:00,4355.39990234375,63.470001220703125,60.66999816894531,5.245,98.16699981689453
2025-12-15 15:00:00+00:00,4349.89990234375,63.849998474121094,60.529998779296875,5.2325,98.1969985961914
2025-12-15 16:00:00+00:00,4328.2001953125,63.369998931884766,60.310001373291016,5.22,98.26899719238281
2025-12-15 17:00:00+00:00,4334.2998046875,63.54999923706055,60.36000061035156,5.2,98.34400177001953
2025-12-15 18:00:00+00:00,4342.7001953125,63.849998474121094,60.279998779296875,5.2075,98.36599731445312
2025-12-15 19:00:00+00:00,4342.89990234375,64.16500091552734,60.470001220703125,5.2075,98.30899810791016
2025-12-15 20:00:00+00:00,4333.7001953125,64.06999969482422,60.400001525878906,5.2075,98.2979965209961
2025-12-15 21:00:00+00:00,4334.2998046875,64.12999725341797,60.38999938964844,5.2075,98.2770004272461
2025-12-15 22:00:00+00:00,4334.2998046875,64.12999725341797,60.38999938964844,5.2075,98.29199981689453
2025-12-15 23:00:00+00:00,4333.10009765625,63.959999084472656,60.36000061035156,5.2075,98.25299835205078
2025-12-16 00:00:00+00:00,4335.7998046875,63.79499816894531,60.38999938964844,5.2075,98.29399871826172
2025-12-16 01:00:00+00:00,4336.2998046875,63.8650016784668,60.2400016784668,5.175,98.27100372314453
2025-12-16 02:00:00+00:00,4316.39990234375,63.125,60.189998626708984,5.17,98.23600006103516
2025-12-16 03:00:00+00:00,4317.2001953125,62.744998931884766,60.2400016784668,5.1625,98.26899719238281
2025-12-16 04:00:00+00:00,4315.10009765625,62.81999969482422,60.2400016784668,5.1675,98.26499938964844
2025-12-16 05:00:00+00:00,4309.89990234375,62.665000915527344,60.099998474121094,5.1725,98.27899932861328
2025-12-16 06:00:00+00:00,4315.5,62.98500061035156,60.29999923706055,5.1725,98.26599884033203
2025-12-16 07:00:00+00:00,4313.39990234375,63.064998626708984,60.130001068115234,5.17,98.26899719238281
2025-12-16 08:00:00+00:00,4311.7998046875,63.154998779296875,59.900001525878906,5.175,98.23799896240234
2025-12-16 09:00:00+00:00,4306.7998046875,62.94499969482422,59.619998931884766,5.1875,98.21299743652344
2025-12-16 10:00:00+00:00,4305.10009765625,63.060001373291016,59.599998474121094,5.1825,98.20500183105469
2025-12-16 11:00:00+00:00,4306.7998046875,63.029998779296875,59.650001525878906,5.18,98.16000366210938
2025-12-16 12:00:00+00:00,4323.2001953125,63.13999938964844,59.65999984741211,5.17,98.04399871826172
2025-12-16 13:00:00+00:00,4342.5,63.564998626708984,59.470001220703125,5.15,98.06999969482422
2025-12-16 14:00:00+00:00,4356.10009765625,63.5099983215332,59.040000915527344,5.12,97.90299987792969
2025-12-16 15:00:00+00:00,4351.7998046875,63.595001220703125,58.95000076293945,5.1075,98.10700225830078
2025-12-16 16:00:00+00:00,4332.0,63.349998474121094,59.18000030517578,5.0825,98.10800170898438
2025-12-16 17:00:00+00:00,4333.7998046875,63.369998931884766,59.029998779296875,5.095,98.11900329589844
2025-12-16 18:00:00+00:00,4341.5,63.90999984741211,59.06999969482422,5.0925,98.17900085449219
2025-12-16 19:00:00+00:00,4341.39990234375,63.939998626708984,58.91999816894531,5.09,98.14600372314453
2025-12-16 20:00:00+00:00,4334.10009765625,63.755001068115234,58.849998474121094,5.09,98.22200012207031
2025-12-16 21:00:00+00:00,4332.2001953125,63.79499816894531,58.869998931884766,5.09,98.21900177001953
2025-12-16 22:00:00+00:00,4332.2001953125,63.79499816894531,58.869998931884766,5.09,98.22000122070312
2025-12-16 23:00:00+00:00,4336.89990234375,63.90999984741211,59.189998626708984,5.09,98.21099853515625
2025-12-17 00:00:00+00:00,4342.2001953125,63.94499969482422,59.36000061035156,5.09,98.20099639892578
2025-12-17 01:00:00+00:00,4355.0,65.8499984741211,59.380001068115234,5.095,98.21299743652344
2025-12-17 02:00:00+00:00,4343.2998046875,65.80500030517578,59.529998779296875,5.1125,98.30400085449219
2025-12-17 03:00:00+00:00,4353.2001953125,66.06500244140625,59.59000015258789,5.1075,98.29499816894531
2025-12-17 04:00:00+00:00,4359.7998046875,66.18499755859375,59.70000076293945,5.1025,98.38200378417969
2025-12-17 05:00:00+00:00,4364.89990234375,66.38500213623047,59.7599983215332,5.1025,98.4000015258789
2025-12-17 06:00:00+00:00,4359.39990234375,66.33999633789062,59.75,5.09,98.54000091552734
2025-12-17 07:00:00+00:00,4348.10009765625,65.7699966430664,59.689998626708984,5.115,98.58499908447266
2025-12-17 08:00:00+00:00,4348.2998046875,65.71499633789062,59.95000076293945,5.105,98.5469970703125
2025-12-17 09:00:00+00:00,4345.7001953125,65.80000305175781,60.150001525878906,5.105,98.56600189208984
2025-12-17 10:00:00+00:00,4346.10009765625,65.98999786376953,60.25,5.105,98.50700378417969
2025-12-17 11:00:00+00:00,4345.89990234375,65.93499755859375,60.06999969482422,5.0925,98.60800170898438
2025-12-17 12:00:00+00:00,4347.5,65.9749984741211,59.900001525878906,5.085,98.48400115966797
2025-12-17 13:00:00+00:00,4373.60009765625,66.25,60.0099983215332,5.0875,98.43599700927734
2025-12-17 14:00:00+00:00,4369.2998046875,66.19000244140625,59.709999084472656,5.09,98.3759994506836
2025-12-17 15:00:00+00:00,4361.5,65.70500183105469,59.720001220703125,5.0625,98.27899932861328
2025-12-17 16:00:00+00:00,4365.2001953125,66.7249984741211,59.880001068115234,5.06,98.34700012207031
2025-12-17 17:00:00+00:00,4373.39990234375,67.05500030517578,59.84000015258789,5.06,98.3239974975586
2025-12-17 18:00:00+00:00,4367.7001953125,66.44499969482422,59.7599983215332,5.0675,98.375
2025-12-17 19:00:00+00:00,4369.2998046875,66.63999938964844,59.849998474121094,5.0625,98.36799621582031
2025-12-17 20:00:00+00:00,4373.39990234375,66.66500091552734,60.400001525878906,5.0625,98.4020004272461
2025-12-17 21:00:00+00:00,4371.39990234375,66.44000244140625,60.61000061035156,5.0625,98.39900207519531
2025-12-17 22:00:00+00:00,4371.39990234375,66.44000244140625,60.61000061035156,5.0625,98.39299774169922
2025-12-17 23:00:00+00:00,4371.0,66.5199966430664,60.61000061035156,5.0625,98.39399719238281
2025-12-18 00:00:00+00:00,4366.89990234375,66.55000305175781,60.58000183105469,5.0625,98.35399627685547
2025-12-18 01:00:00+00:00,4363.2001953125,66.41999816894531,60.560001373291016,5.06,98.4229965209961
2025-12-18 02:00:00+00:00,4364.7001953125,66.55999755859375,60.08000183105469,5.0575,98.40799713134766
2025-12-18 03:00:00+00:00,4363.39990234375,66.57499694824219,60.099998474121094,5.06,98.41999816894531
2025-12-18 04:00:00+00:00,4362.0,66.48999786376953,60.11000061035156,5.0675,98.39700317382812
2025-12-18 05:00:00+00:00,4363.2001953125,66.41500091552734,60.15999984741211,5.0625,98.37699890136719
2025-12-18 06:00:00+00:00,4364.39990234375,66.56500244140625,60.2400016784668,5.0725,98.38999938964844
2025-12-18 07:00:00+00:00,4362.60009765625,66.68499755859375,60.130001068115234,5.0625,98.43800354003906
2025-12-18 08:00:00+00:00,4357.39990234375,66.15499877929688,59.970001220703125,5.0625,98.45700073242188
2025-12-18 09:00:00+00:00,4353.89990234375,66.1500015258789,59.83000183105469,5.0625,98.53800201416016
2025-12-18 10:00:00+00:00,4357.2998046875,66.23500061035156,59.630001068115234,5.0625,98.50599670410156
2025-12-18 11:00:00+00:00,4357.60009765625,66.40499877929688,59.59000015258789,5.065,98.51899719238281
2025-12-18 12:00:00+00:00,4352.89990234375,66.16500091552734,59.7400016784668,5.06,98.5260009765625
2025-12-18 13:00:00+00:00,4368.5,66.45500183105469,59.86000061035156,5.075,98.28500366210938
2025-12-18 14:00:00+00:00,4360.2001953125,65.57499694824219,60.16999816894531,5.1025,98.36000061035156
2025-12-18 15:00:00+00:00,4370.2001953125,65.53500366210938,60.040000915527344,5.0775,98.40399932861328
2025-12-18 16:00:00+00:00,4394.60009765625,65.87999725341797,60.06999969482422,5.0825,98.40699768066406
2025-12-18 17:00:00+00:00,4365.10009765625,65.31500244140625,60.0099983215332,5.0775,98.47899627685547
2025-12-18 18:00:00+00:00,4363.5,65.30000305175781,59.939998626708984,5.09,98.47200012207031
2025-12-18 19:00:00+00:00,4357.2001953125,65.1050033569336,59.66999816894531,5.08,98.427001953125
2025-12-18 20:00:00+00:00,4365.89990234375,65.38999938964844,59.70000076293945,5.08,98.45800018310547
2025-12-18 21:00:00+00:00,4363.89990234375,65.44999694824219,59.720001220703125,5.08,98.43800354003906
2025-12-18 22:00:00+00:00,4363.89990234375,65.44999694824219,59.720001220703125,5.08,98.43900299072266
2025-12-18 23:00:00+00:00,4366.5,65.5999984741211,59.720001220703125,5.08,98.41799926757812
2025-12-19 00:00:00+00:00,4356.10009765625,65.44000244140625,59.720001220703125,5.08,98.43599700927734
2025-12-19 01:00:00+00:00,4350.5,64.9800033569336,59.650001525878906,5.0625,98.45600128173828
2025-12-19 02:00:00+00:00,4344.2001953125,64.83499908447266,59.68000030517578,5.0625,98.48300170898438
2025-12-19 03:00:00+00:00,4345.7998046875,65.11000061035156,59.709999084472656,5.0575,98.49400329589844
2025-12-19 04:00:00+00:00,4350.7998046875,65.37999725341797,59.72999954223633,5.055,98.53900146484375
2025-12-19 05:00:00+00:00,4354.60009765625,65.88999938964844,59.630001068115234,5.06,98.51499938964844
2025-12-19 06:00:00+00:00,4355.10009765625,65.84500122070312,59.72999954223633,5.0625,98.51699829101562
2025-12-19 07:00:00+00:00,4350.39990234375,65.73999786376953,59.5,5.0575,98.66799926757812
2025-12-19 08:00:00+00:00,4355.0,65.91500091552734,59.66999816894531,5.0575,98.64099884033203
2025-12-19 09:00:00+00:00,4358.60009765625,66.13500213623047,59.619998931884766,5.0675,98.66400146484375
2025-12-19 10:00:00+00:00,4358.0,66.16999816894531,59.790000915527344,5.07,98.65599822998047
2025-12-19 11:00:00+00:00,4357.10009765625,65.91999816894531,60.0099983215332,5.065,98.69499969482422
2025-12-19 12:00:00+00:00,4356.0,65.83999633789062,60.09000015258789,5.0675,98.68900299072266
2025-12-19 13:00:00+00:00,4360.0,65.93000030517578,60.290000915527344,5.08,98.63999938964844
2025-12-19 14:00:00+00:00,4363.39990234375,66.375,60.2400016784668,5.0775,98.58799743652344
2025-12-19 15:00:00+00:00,4381.2998046875,66.94999694824219,59.97999954223633,5.0875,98.70600128173828
2025-12-19 16:00:00+00:00,4383.7998046875,67.47000122070312,60.25,5.085,98.62000274658203
2025-12-19 17:00:00+00:00,4386.0,67.5999984741211,60.33000183105469,5.0925,98.62699890136719
2025-12-19 18:00:00+00:00,4380.0,67.43499755859375,60.58000183105469,5.105,98.62100219726562
2025-12-19 19:00:00+00:00,4376.2001953125,67.45999908447266,60.470001220703125,5.0975,98.5989990234375
2025-12-19 20:00:00+00:00,4370.2998046875,67.42500305175781,60.52000045776367,5.0975,98.71499633789062
2025-12-19 21:00:00+00:00,4387.2998046875,67.42500305175781,60.5099983215332,5.0975,98.7239990234375
2025-12-21 23:00:00+00:00,4385.2998046875,67.76499938964844,60.83000183105469,5.0975,98.6969985961914
2025-12-22 00:00:00+00:00,4396.5,67.9000015258789,60.88999938964844,5.0975,98.64900207519531
2025-12-22 01:00:00+00:00,4415.60009765625,68.66999816894531,60.869998931884766,5.1175,98.61799621582031
2025-12-22 02:00:00+00:00,4417.60009765625,69.01499938964844,60.959999084472656,5.1225,98.63600158691406
2025-12-22 03:00:00+00:00,4425.10009765625,69.34500122070312,60.95000076293945,5.1175,98.62100219726562
2025-12-22 04:00:00+00:00,4431.10009765625,69.42500305175781,61.0099983215332,5.115,98.5979995727539
2025-12-22 05:00:00+00:00,4433.5,68.6449966430664,61.130001068115234,5.1275,98.62000274658203
2025-12-22 06:00:00+00:00,4452.2001953125,69.2249984741211,61.130001068115234,5.1275,98.62899780273438
2025-12-22 07:00:00+00:00,4447.10009765625,68.99500274658203,61.060001373291016,5.135,98.54299926757812
2025-12-22 08:00:00+00:00,4441.2998046875,68.72000122070312,61.04999923706055,5.135,98.50499725341797
2025-12-22 09:00:00+00:00,4444.39990234375,68.92500305175781,61.029998779296875,5.1325,98.51799774169922
2025-12-22 10:00:00+00:00,4442.2001953125,68.9749984741211,61.40999984741211,5.1475,98.48899841308594
2025-12-22 11:00:00+00:00,4443.7998046875,69.05999755859375,61.75,5.1475,98.47799682617188
2025-12-22 12:00:00+00:00,4449.5,69.02999877929688,61.70000076293945,5.1575,98.43599700927734
2025-12-22 13:00:00+00:00,4458.2001953125,68.90499877929688,62.0,5.1625,98.36000061035156
2025-12-22 14:00:00+00:00,4454.60009765625,68.88999938964844,61.810001373291016,5.1725,98.27200317382812
2025-12-22 15:00:00+00:00,4467.2001953125,68.80500030517578,61.61000061035156,5.1575,98.24800109863281
2025-12-22 16:00:00+00:00,4474.0,68.7300033569336,61.86000061035156,5.145,98.32099914550781
2025-12-22 17:00:00+00:00,4473.39990234375,68.61499786376953,61.84000015258789,5.1425,98.24600219726562
2025-12-22 18:00:00+00:00,4470.60009765625,68.38999938964844,61.97999954223633,5.16,98.29499816894531
2025-12-22 19:00:00+00:00,4469.0,68.57499694824219,62.099998474121094,5.1525,98.28600311279297
2025-12-22 20:00:00+00:00,4472.5,68.8499984741211,62.060001373291016,5.1525,98.3010025024414
2025-12-22 21:00:00+00:00,4480.60009765625,69.08999633789062,62.040000915527344,5.1525,98.26200103759766
2025-12-22 22:00:00+00:00,4480.60009765625,69.08999633789062,62.040000915527344,5.1525,98.2760009765625
2025-12-22 23:00:00+00:00,4492.2998046875,69.20999908447266,61.9900016784668,5.1525,98.23999786376953
2025-12-23 00:00:00+00:00,4504.5,69.19999694824219,61.95000076293945,5.1525,98.17500305175781
2025-12-23 01:00:00+00:00,4519.2001953125,69.38999938964844,61.970001220703125,5.15,98.13200378417969
2025-12-23 02:00:00+00:00,4525.5,69.94000244140625,62.0099983215332,5.15,98.08799743652344
2025-12-23 03:00:00+00:00,4519.89990234375,69.70500183105469,62.0,5.15,98.07099914550781
2025-12-23 04:00:00+00:00,4514.2001953125,69.63999938964844,61.97999954223633,5.15,98.06400299072266
2025-12-23 05:00:00+00:00,4507.39990234375,69.30999755859375,61.849998474121094,5.1525,98.06800079345703
2025-12-23 06:00:00+00:00,4513.89990234375,69.3949966430664,61.91999816894531,5.155,98.10900115966797
2025-12-23 07:00:00+00:00,4519.10009765625,69.56999969482422,61.970001220703125,5.16,98.0459976196289
2025-12-23 08:00:00+00:00,4520.7998046875,69.58000183105469,61.529998779296875,5.165,97.9800033569336
2025-12-23 09:00:00+00:00,4512.0,69.5199966430664,61.61000061035156,5.1625,97.91999816894531
2025-12-23 10:00:00+00:00,4516.7001953125,69.69999694824219,61.650001525878906,5.16,97.86699676513672
2025-12-23 11:00:00+00:00,4525.7998046875,69.76000213623047,61.619998931884766,5.1575,97.90499877929688
2025-12-23 12:00:00+00:00,4518.60009765625,69.61000061035156,61.720001220703125,5.1575,97.93199920654297
2025-12-23 13:00:00+00:00,4510.0,70.50499725341797,61.7400016784668,5.1525,98.05699920654297
2025-12-23 14:00:00+00:00,4476.7001953125,69.55000305175781,61.380001068115234,5.155,98.11399841308594
2025-12-23 15:00:00+00:00,4485.7998046875,69.81999969482422,61.31999969482422,5.1575,98.06999969482422
2025-12-23 16:00:00+00:00,4501.39990234375,70.62999725341797,61.59000015258789,5.165,98.06199645996094
2025-12-23 17:00:00+00:00,4499.89990234375,70.86000061035156,61.7400016784668,5.18,98.08799743652344
2025-12-23 18:00:00+00:00,4512.10009765625,71.44000244140625,61.83000183105469,5.1775,97.99500274658203
2025-12-23 19:00:00+00:00,4519.10009765625,71.4000015258789,61.93000030517578,5.1775,97.94200134277344
2025-12-23 20:00:00+00:00,4523.7998046875,71.61000061035156,61.939998626708984,5.1775,97.9530029296875
2025-12-23 21:00:00+00:00,4515.0,71.61000061035156,61.95000076293945,5.1775,97.90299987792969
2025-12-23 22:00:00+00:00,4515.0,71.61000061035156,61.95000076293945,5.1775,97.90499877929688
2025-12-23 23:00:00+00:00,4533.89990234375,71.875,62.0099983215332,5.1775,97.88400268554688
2025-12-24 00:00:00+00:00,4539.7001953125,71.95500183105469,62.0,5.1775,97.85600280761719
2025-12-24 01:00:00+00:00,4547.10009765625,72.45999908447266,61.84000015258789,5.205,97.7750015258789
2025-12-24 02:00:00+00:00,4508.2001953125,71.8550033569336,61.86000061035156,5.2125,97.8219985961914
2025-12-24 03:00:00+00:00,4521.10009765625,72.31999969482422,61.91999816894531,5.2075,97.91100311279297
2025-12-24 04:00:00+00:00,4524.89990234375,72.25,61.90999984741211,5.2075,97.87999725341797
2025-12-24 14:30:00+00:00,4491.89990234375,70.88500213623047,61.97999954223633,5.2325,97.93699645996094
2025-12-24 15:30:00+00:00,4484.7998046875,70.7249984741211,61.65999984741211,5.23,97.94499969482422
2025-12-24 16:30:00+00:00,4502.7998046875,71.78500366210938,61.810001373291016,5.245,97.95099639892578
2025-12-24 17:30:00+00:00,4505.60009765625,72.00499725341797,61.779998779296875,5.22,97.97599792480469
2025-12-26 05:00:00+00:00,4540.5,75.20500183105469,61.810001373291016,5.22,97.95600128173828
2025-12-26 06:00:00+00:00,4541.5,74.81500244140625,61.90999984741211,5.22,98.01499938964844
2025-12-26 07:00:00+00:00,4540.60009765625,74.83999633789062,61.79999923706055,5.22,98.05400085449219
2025-12-26 08:00:00+00:00,4549.2998046875,75.125,61.97999954223633,5.22,98.01499938964844
2025-12-26 09:00:00+00:00,4542.5,74.96499633789062,61.84000015258789,5.22,98.08100128173828
2025-12-26 10:00:00+00:00,4544.10009765625,75.0999984741211,61.939998626708984,5.22,98.05400085449219
2025-12-26 11:00:00+00:00,4538.2001953125,74.48500061035156,61.790000915527344,5.22,98.02300262451172
2025-12-26 12:00:00+00:00,4539.0,74.22000122070312,61.7400016784668,5.22,98.00900268554688
2025-12-26 13:00:00+00:00,4557.2998046875,74.5999984741211,61.380001068115234,5.22,97.90499877929688
2025-12-26 14:00:00+00:00,4552.89990234375,75.03500366210938,61.220001220703125,5.205,97.94999694824219
2025-12-26 15:00:00+00:00,4580.10009765625,76.2300033569336,60.880001068115234,5.19,97.99099731445312
2025-12-26 16:00:00+00:00,4570.2998046875,76.6050033569336,60.72999954223633,5.18,98.0999984741211
2025-12-26 17:00:00+00:00,4552.2001953125,76.7750015258789,60.70000076293945,5.1725,98.06600189208984
2025-12-26 18:00:00+00:00,4562.5,77.69000244140625,60.5099983215332,5.1825,98.05500030517578
2025-12-26 19:00:00+00:00,4554.89990234375,77.75,60.2599983215332,5.19,98.02200317382812
2025-12-26 20:00:00+00:00,4560.39990234375,78.7699966430664,60.43000030517578,5.19,98.01699829101562
2025-12-26 21:00:00+00:00,4552.7001953125,77.19599914550781,60.2400016784668,5.19,98.05400085449219
2025-12-28 23:00:00+00:00,4550.89990234375,81.6500015258789,60.7400016784668,5.19,98.03399658203125
2025-12-29 00:00:00+00:00,4516.89990234375,76.87000274658203,60.70000076293945,5.19,97.97100067138672
2025-12-29 01:00:00+00:00,4520.5,76.84500122070312,60.65999984741211,5.1875,97.94499969482422
2025-12-29 02:00:00+00:00,4536.7001953125,78.19999694824219,60.77000045776367,5.19,98.00299835205078
2025-12-29 03:00:00+00:00,4541.10009765625,80.08499908447266,60.83000183105469,5.1975,98.01100158691406
2025-12-29 04:00:00+00:00,4538.60009765625,79.55500030517578,60.84000015258789,5.1925,98.06900024414062
2025-12-29 05:00:00+00:00,4527.0,78.66500091552734,60.959999084472656,5.195,98.12100219726562
2025-12-29 06:00:00+00:00,4496.7001953125,75.55500030517578,60.84000015258789,5.1975,98.03700256347656
2025-12-29 07:00:00+00:00,4496.10009765625,75.51000213623047,60.810001373291016,5.19,98.00399780273438
2025-12-29 08:00:00+00:00,4481.10009765625,74.05999755859375,61.08000183105469,5.17,97.98400115966797
2025-12-29 09:00:00+00:00,4493.0,75.41500091552734,61.45000076293945,5.1625,98.01899719238281
2025-12-29 10:00:00+00:00,4482.89990234375,75.19499969482422,61.43000030517578,5.1675,98.0780029296875
2025-12-29 11:00:00+00:00,4466.2001953125,73.92500305175781,61.470001220703125,5.1575,98.0979995727539
2025-12-29 12:00:00+00:00,4484.5,74.94499969482422,61.58000183105469,5.155,98.1259994506836
2025-12-29 13:00:00+00:00,4440.89990234375,73.3550033569336,61.54999923706055,5.1575,98.05999755859375
2025-12-29 14:00:00+00:00,4378.60009765625,72.29499816894531,61.5099983215332,5.14,97.96800231933594
2025-12-29 15:00:00+00:00,4343.10009765625,71.0250015258789,61.61000061035156,5.1625,98.02899932861328
2025-12-29 16:00:00+00:00,4359.7998046875,71.97000122070312,61.41999816894531,5.15,98.11599731445312
2025-12-29 17:00:00+00:00,4346.2001953125,71.08000183105469,61.369998931884766,5.1425,98.15799713134766
2025-12-29 18:00:00+00:00,4349.5,71.17500305175781,61.310001373291016,5.1325,98.12799835205078
2025-12-29 19:00:00+00:00,4354.2001953125,71.80999755859375,61.43000030517578,5.1275,98.03700256347656
2025-12-29 20:00:00+00:00,4354.2998046875,72.2699966430664,61.2400016784668,5.1275,98.03500366210938
2025-12-29 21:00:00+00:00,4350.2001953125,71.63999938964844,61.25,5.1275,98.00700378417969
2025-12-29 22:00:00+00:00,4350.2001953125,71.63999938964844,61.25,5.1275,98.04000091552734
2025-12-29 23:00:00+00:00,4361.2001953125,72.13500213623047,61.13999938964844,5.1275,98.01399993896484
2025-12-30 00:00:00+00:00,4354.7001953125,72.33000183105469,61.13999938964844,5.1275,98.03199768066406
2025-12-30 01:00:00+00:00,4374.7001953125,73.2699966430664,61.279998779296875,5.1275,98.00800323486328
2025-12-30 02:00:00+00:00,4376.2998046875,73.50499725341797,61.380001068115234,5.1325,98.03199768066406
2025-12-30 03:00:00+00:00,4373.7998046875,73.88500213623047,61.439998626708984,5.135,98.02899932861328
2025-12-30 04:00:00+00:00,4377.60009765625,73.95500183105469,61.45000076293945,5.1325,97.98200225830078
2025-12-30 05:00:00+00:00,4392.0,74.5999984741211,61.540000915527344,5.14,97.98600006103516
2025-12-30 06:00:00+00:00,4379.7001953125,74.44499969482422,61.36000061035156,5.145,97.96600341796875
2025-12-30 07:00:00+00:00,4388.2998046875,74.34500122070312,61.45000076293945,5.1475,98.01499938964844
2025-12-30 08:00:00+00:00,4380.7998046875,73.94499969482422,61.61000061035156,5.1375,98.03299713134766
2025-12-30 09:00:00+00:00,4387.60009765625,74.2249984741211,61.7599983215332,5.13,98.00800323486328
2025-12-30 10:00:00+00:00,4400.5,74.19000244140625,61.709999084472656,5.1375,97.9749984741211
2025-12-30 11:00:00+00:00,4399.60009765625,74.47000122070312,61.79999923706055,5.14,98.04199981689453
2025-12-30 12:00:00+00:00,4417.0,75.74500274658203,61.72999954223633,5.145,98.08799743652344
2025-12-30 13:00:00+00:00,4403.7001953125,76.0199966430664,61.7400016784668,5.145,98.10800170898438
2025-12-30 14:00:00+00:00,4381.39990234375,75.2300033569336,61.720001220703125,5.1175,98.12799835205078
2025-12-30 15:00:00+00:00,4381.89990234375,75.8499984741211,61.630001068115234,5.1225,98.13999938964844
2025-12-30 16:00:00+00:00,4393.5,76.88999938964844,61.41999816894531,5.11,98.0999984741211
2025-12-30 17:00:00+00:00,4385.5,77.45500183105469,61.36000061035156,5.1175,98.16400146484375
2025-12-30 18:00:00+00:00,4380.2001953125,77.53500366210938,61.369998931884766,5.12,98.20500183105469
2025-12-30 19:00:00+00:00,4364.0,76.11000061035156,61.31999969482422,5.1025,98.23799896240234
2025-12-30 20:00:00+00:00,4357.5,75.93000030517578,61.34000015258789,5.1025,98.25299835205078
2025-12-30 21:00:00+00:00,4352.2998046875,76.01499938964844,61.349998474121094,5.1025,98.22000122070312
2025-12-30 22:00:00+00:00,4352.2998046875,76.01499938964844,61.349998474121094,5.1025,98.22899627685547
2025-12-30 23:00:00+00:00,4350.89990234375,75.06999969482422,61.29999923706055,5.1025,98.21700286865234
2025-12-31 00:00:00+00:00,4354.89990234375,74.69000244140625,61.349998474121094,5.1025,98.22699737548828
2025-12-31 01:00:00+00:00,4378.10009765625,75.38500213623047,61.189998626708984,5.1025,98.25700378417969
2025-12-31 02:00:00+00:00,4360.5,73.16999816894531,61.2400016784668,5.0975,98.2770004272461
2025-12-31 03:00:00+00:00,4360.39990234375,72.0250015258789,61.2599983215332,5.0975,98.26100158691406
2025-12-31 04:00:00+00:00,4344.60009765625,71.63999938964844,61.43000030517578,5.0925,98.3290023803711
2025-12-31 05:00:00+00:00,4296.5,70.69000244140625,61.2400016784668,5.0925,98.302001953125
2025-12-31 06:00:00+00:00,4339.0,71.375,61.209999084472656,5.09,98.31199645996094
2025-12-31 07:00:00+00:00,4342.7001953125,71.78500366210938,61.209999084472656,5.0825,98.31700134277344
2025-12-31 08:00:00+00:00,4319.39990234375,70.51499938964844,61.09000015258789,5.0825,98.41799926757812
2025-12-31 09:00:00+00:00,4338.60009765625,71.41999816894531,61.439998626708984,5.08,98.3499984741211
2025-12-31 10:00:00+00:00,4318.7998046875,71.41000366210938,61.439998626708984,5.085,98.33100128173828
2025-12-31 11:00:00+00:00,4323.7998046875,71.44499969482422,61.61000061035156,5.09,98.25900268554688
2025-12-31 12:00:00+00:00,4326.10009765625,71.4000015258789,61.5,5.0875,98.2020034790039
2025-12-31 13:00:00+00:00,4358.7001953125,71.7300033569336,61.79999923706055,5.09,98.30699920654297
2025-12-31 14:00:00+00:00,4360.10009765625,72.93499755859375,61.630001068115234,5.1025,98.4000015258789
2025-12-31 15:00:00+00:00,4350.89990234375,71.87000274658203,61.22999954223633,5.1075,98.29900360107422
2025-12-31 16:00:00+00:00,4336.7998046875,71.19499969482422,61.25,5.0825,98.37100219726562
2025-12-31 17:00:00+00:00,4335.7001953125,70.69499969482422,61.150001525878906,5.0775,98.36299896240234
2025-12-31 18:00:00+00:00,4333.5,71.01499938964844,60.9900016784668,5.0675,98.37100219726562
2025-12-31 19:00:00+00:00,4323.89990234375,69.73999786376953,60.90999984741211,5.065,98.3219985961914
2025-12-31 20:00:00+00:00,4326.0,70.40499877929688,60.849998474121094,5.065,98.23699951171875
2025-12-31 21:00:00+00:00,4332.10009765625,70.9800033569336,60.84000015258789,5.065,98.2750015258789
2025-12-31 22:00:00+00:00,4332.10009765625,70.9800033569336,60.84000015258789,5.065,98.27899932861328
2025-12-31 23:00:00+00:00,4332.10009765625,70.9800033569336,60.84000015258789,5.065,98.28199768066406
2026-01-02 05:00:00+00:00,4394.10009765625,73.4749984741211,61.13999938964844,5.065,98.25900268554688
2026-01-02 06:00:00+00:00,4387.60009765625,73.48999786376953,61.279998779296875,5.065,98.30899810791016
2026-01-02 07:00:00+00:00,4394.7001953125,73.5199966430664,61.209999084472656,5.065,98.34500122070312
2026-01-02 08:00:00+00:00,4399.2001953125,73.99500274658203,60.7400016784668,5.065,98.38800048828125
2026-01-02 09:00:00+00:00,4397.5,73.91999816894531,60.63999938964844,5.065,98.44400024414062
2026-01-02 10:00:00+00:00,4408.7001953125,74.05500030517578,60.790000915527344,5.065,98.44000244140625
2026-01-02 11:00:00+00:00,4405.5,73.77999877929688,60.68000030517578,5.065,98.45500183105469
2026-01-02 12:00:00+00:00,4407.0,73.56500244140625,60.310001373291016,5.065,98.44599914550781
2026-01-02 13:00:00+00:00,4377.60009765625,73.45999908447266,60.27000045776367,5.065,98.44300079345703
2026-01-02 14:00:00+00:00,4364.7001953125,73.24500274658203,60.119998931884766,5.0375,98.39299774169922
2026-01-02 15:00:00+00:00,4346.5,72.20999908447266,60.13999938964844,5.0525,98.20899963378906
2026-01-02 16:00:00+00:00,4337.5,71.80999755859375,60.150001525878906,5.05,98.3239974975586
2026-01-02 17:00:00+00:00,4332.89990234375,71.375,60.369998931884766,5.05,98.37699890136719
2026-01-02 18:00:00+00:00,4325.2998046875,71.26000213623047,60.59000015258789,5.07,98.46499633789062
2026-01-02 19:00:00+00:00,4328.10009765625,71.43499755859375,60.70000076293945,5.065,98.42400360107422
2026-01-02 20:00:00+00:00,4341.2998046875,72.09500122070312,60.7400016784668,5.065,98.4530029296875
2026-01-02 21:00:00+00:00,4329.60009765625,72.19000244140625,60.79999923706055,5.065,98.43299865722656
2026-01-04 23:00:00+00:00,4381.39990234375,73.61499786376953,60.81999969482422,5.065,98.55699920654297
2026-01-05 00:00:00+00:00,4404.5,75.12000274658203,60.849998474121094,5.065,98.56600189208984
2026-01-05 01:00:00+00:00,4411.10009765625,75.13500213623047,60.779998779296875,5.0775,98.58100128173828
2026-01-05 02:00:00+00:00,4415.0,75.16000366210938,60.75,5.0825,98.66799926757812
2026-01-05 03:00:00+00:00,4408.7998046875,74.8499984741211,60.54999923706055,5.0775,98.7750015258789
2026-01-05 04:00:00+00:00,4415.10009765625,75.18499755859375,60.52000045776367,5.085,98.73500061035156
2026-01-05 05:00:00+00:00,4421.39990234375,75.11499786376953,60.36000061035156,5.0825,98.7030029296875
2026-01-05 06:00:00+00:00,4429.7001953125,75.2750015258789,60.34000015258789,5.0925,98.6510009765625
2026-01-05 07:00:00+00:00,4431.2001953125,75.25499725341797,60.20000076293945,5.0875,98.69000244140625
2026-01-05 08:00:00+00:00,4439.89990234375,75.55500030517578,60.08000183105469,5.08,98.69200134277344
2026-01-05 09:00:00+00:00,4445.89990234375,75.94999694824219,60.83000183105469,5.0775,98.69200134277344
2026-01-05 10:00:00+00:00,4447.39990234375,75.45999908447266,60.7400016784668,5.0725,98.59100341796875
2026-01-05 11:00:00+00:00,4430.7001953125,74.41500091552734,61.0099983215332,5.085,98.63899993896484
2026-01-05 12:00:00+00:00,4421.39990234375,74.61499786376953,61.20000076293945,5.085,98.71399688720703
2026-01-05 13:00:00+00:00,4428.7998046875,75.3499984741211,61.220001220703125,5.0775,98.72899627685547
2026-01-05 14:00:00+00:00,4447.7998046875,76.68499755859375,61.36000061035156,5.0825,98.63200378417969
2026-01-05 15:00:00+00:00,4459.0,77.125,61.79999923706055,5.1,98.46099853515625
2026-01-05 16:00:00+00:00,4452.7001953125,77.00499725341797,61.529998779296875,5.1275,98.36299896240234
2026-01-05 17:00:00+00:00,4454.2001953125,76.44000244140625,61.7400016784668,5.125,98.36000061035156
2026-01-05 18:00:00+00:00,4459.7001953125,76.49500274658203,61.7400016784668,5.125,98.28399658203125
2026-01-05 19:00:00+00:00,4450.89990234375,76.05999755859375,61.709999084472656,5.13,98.2699966430664
2026-01-05 20:00:00+00:00,4454.89990234375,76.09500122070312,61.810001373291016,5.13,98.29100036621094
2026-01-05 21:00:00+00:00,4459.7001953125,76.51000213623047,61.790000915527344,5.13,98.3219985961914
2026-01-05 22:00:00+00:00,4459.7001953125,76.51000213623047,61.790000915527344,5.13,98.34600067138672
2026-01-05 23:00:00+00:00,4450.7001953125,76.06999969482422,61.68000030517578,5.13,98.35800170898438
2026-01-06 00:00:00+00:00,4447.39990234375,76.17500305175781,61.7400016784668,5.13,98.36399841308594
2026-01-06 01:00:00+00:00,4460.0,76.55999755859375,61.5,5.125,98.2959976196289
2026-01-06 02:00:00+00:00,4464.89990234375,77.66000366210938,61.470001220703125,5.12,98.20600128173828
2026-01-06 03:00:00+00:00,4478.2998046875,78.73500061035156,61.599998474121094,5.125,98.22699737548828
2026-01-06 04:00:00+00:00,4478.0,78.63500213623047,61.61000061035156,5.125,98.23400115966797
2026-01-06 05:00:00+00:00,4463.2998046875,78.2699966430664,61.560001373291016,5.1075,98.27200317382812
2026-01-06 06:00:00+00:00,4475.60009765625,78.72000122070312,61.599998474121094,5.11,98.21700286865234
2026-01-06 07:00:00+00:00,4469.2998046875,77.84500122070312,61.41999816894531,5.12,98.26200103759766
2026-01-06 08:00:00+00:00,4478.7998046875,78.38500213623047,61.95000076293945,5.1175,98.26499938964844
2026-01-06 09:00:00+00:00,4456.5,77.47000122070312,61.880001068115234,5.1025,98.37300109863281
2026-01-06 10:00:00+00:00,4461.7001953125,77.61499786376953,62.060001373291016,5.1175,98.38099670410156
2026-01-06 11:00:00+00:00,4474.10009765625,78.20500183105469,62.06999969482422,5.125,98.43599700927734
2026-01-06 12:00:00+00:00,4474.39990234375,78.33999633789062,62.029998779296875,5.125,98.48300170898438
2026-01-06 13:00:00+00:00,4478.2001953125,78.95500183105469,62.20000076293945,5.125,98.4000015258789
2026-01-06 14:00:00+00:00,4498.2998046875,80.34500122070312,61.59000015258789,5.12,98.4020004272461
2026-01-06 15:00:00+00:00,4488.5,80.30999755859375,61.63999938964844,5.1325,98.53700256347656
2026-01-06 16:00:00+00:00,4498.7001953125,80.70999908447266,61.470001220703125,5.1375,98.59700012207031
2026-01-06 17:00:00+00:00,4499.89990234375,81.27999877929688,61.15999984741211,5.125,98.51100158691406
2026-01-06 18:00:00+00:00,4500.0,81.04000091552734,60.91999816894531,5.12,98.58499908447266
2026-01-06 19:00:00+00:00,4492.2001953125,80.09500122070312,60.5099983215332,5.105,98.58000183105469
2026-01-06 20:00:00+00:00,4504.2001953125,81.18000030517578,60.47999954223633,5.105,98.58300018310547
2026-01-06 21:00:00+00:00,4505.7001953125,81.22000122070312,60.529998779296875,5.105,98.5979995727539
2026-01-06 22:00:00+00:00,4505.7001953125,81.22000122070312,60.529998779296875,5.105,98.59300231933594
2026-01-06 23:00:00+00:00,4504.60009765625,82.19999694824219,60.060001373291016,5.105,98.59500122070312
2026-01-07 00:00:00+00:00,4502.89990234375,82.2699966430664,60.0099983215332,5.105,98.58200073242188
2026-01-07 01:00:00+00:00,4476.5,80.19000244140625,60.119998931884766,5.1125,98.55999755859375
2026-01-07 02:00:00+00:00,4486.0,80.79499816894531,60.13999938964844,5.12,98.5469970703125
2026-01-07 03:00:00+00:00,4485.7001953125,80.19000244140625,60.06999969482422,5.125,98.52200317382812
2026-01-07 04:00:00+00:00,4474.39990234375,79.51499938964844,60.0,5.12,98.56600189208984
2026-01-07 05:00:00+00:00,4464.10009765625,79.04499816894531,60.0099983215332,5.1175,98.54199981689453
2026-01-07 06:00:00+00:00,4454.7998046875,78.80999755859375,59.959999084472656,5.125,98.50900268554688
2026-01-07 07:00:00+00:00,4470.7998046875,79.75499725341797,60.06999969482422,5.115,98.63500213623047
2026-01-07 08:00:00+00:00,4478.2998046875,79.41000366210938,60.27000045776367,5.1175,98.60600280761719
2026-01-07 09:00:00+00:00,4473.60009765625,79.30500030517578,60.06999969482422,5.1275,98.61000061035156
2026-01-07 10:00:00+00:00,4474.2001953125,79.30500030517578,60.59000015258789,5.13,98.58399963378906
2026-01-07 11:00:00+00:00,4456.89990234375,78.69499969482422,60.54999923706055,5.1375,98.5790023803711
2026-01-07 12:00:00+00:00,4454.5,78.3499984741211,60.79999923706055,5.1525,98.58499908447266
2026-01-07 13:00:00+00:00,4462.89990234375,77.29000091552734,60.7400016784668,5.16,98.54399871826172
2026-01-07 14:00:00+00:00,4454.60009765625,77.33999633789062,60.349998474121094,5.175,98.52300262451172
2026-01-07 15:00:00+00:00,4453.60009765625,76.86000061035156,60.38999938964844,5.1925,98.63200378417969
2026-01-07 16:00:00+00:00,4474.2001953125,78.53500366210938,60.04999923706055,5.19,98.63099670410156
2026-01-07 17:00:00+00:00,4461.7998046875,77.87000274658203,59.83000183105469,5.195,98.62799835205078
2026-01-07 18:00:00+00:00,4461.60009765625,77.9000015258789,59.939998626708984,5.1925,98.6709976196289
2026-01-07 19:00:00+00:00,4466.7998046875,78.19499969482422,60.13999938964844,5.185,98.68399810791016
2026-01-07 20:00:00+00:00,4462.60009765625,78.08999633789062,60.279998779296875,5.185,98.71099853515625
2026-01-07 21:00:00+00:00,4467.10009765625,77.9800033569336,60.34000015258789,5.185,98.73999786376953
2026-01-07 22:00:00+00:00,4467.10009765625,77.9800033569336,60.34000015258789,5.185,98.72000122070312
2026-01-07 23:00:00+00:00,4472.2001953125,78.63500213623047,60.29999923706055,5.185,98.7300033569336
2026-01-08 00:00:00+00:00,4459.0,77.7300033569336,60.279998779296875,5.185,98.73699951171875
2026-01-08 01:00:00+00:00,4457.10009765625,78.48500061035156,60.40999984741211,5.185,98.75800323486328
2026-01-08 02:00:00+00:00,4449.7001953125,77.7300033569336,60.189998626708984,5.1825,98.7229995727539
2026-01-08 03:00:00+00:00,4448.2001953125,77.76000213623047,60.22999954223633,5.185,98.70600128173828
2026-01-08 04:00:00+00:00,4440.60009765625,77.40499877929688,60.27000045776367,5.1825,98.70999908447266
2026-01-08 05:00:00+00:00,4433.60009765625,75.8949966430664,60.2400016784668,5.1825,98.6969985961914
2026-01-08 06:00:00+00:00,4441.5,75.93499755859375,60.2599983215332,5.185,98.6969985961914
2026-01-08 07:00:00+00:00,4438.60009765625,75.6449966430664,60.150001525878906,5.175,98.73300170898438
2026-01-08 08:00:00+00:00,4439.39990234375,75.46499633789062,60.15999984741211,5.175,98.80799865722656
2026-01-08 09:00:00+00:00,4440.2998046875,75.87999725341797,60.400001525878906,5.1775,98.7760009765625
2026-01-08 10:00:00+00:00,4441.60009765625,75.80500030517578,60.630001068115234,5.19,98.73200225830078
2026-01-08 11:00:00+00:00,4431.0,75.06500244140625,60.79999923706055,5.195,98.75299835205078
2026-01-08 12:00:00+00:00,4434.7001953125,74.95999908447266,60.93000030517578,5.2,98.78099822998047
2026-01-08 13:00:00+00:00,4432.0,73.86000061035156,61.119998931884766,5.18,98.87000274658203
2026-01-08 14:00:00+00:00,4441.39990234375,74.25499725341797,61.029998779296875,5.1825,98.84600067138672
2026-01-08 15:00:00+00:00,4463.5,75.56999969482422,60.970001220703125,5.205,98.8239974975586
2026-01-08 16:00:00+00:00,4472.5,75.97000122070312,61.209999084472656,5.2175,98.90299987792969
2026-01-08 17:00:00+00:00,4472.7998046875,75.91000366210938,61.45000076293945,5.2025,98.91600036621094
2026-01-08 18:00:00+00:00,4458.89990234375,75.50499725341797,61.86000061035156,5.1925,98.96600341796875
2026-01-08 19:00:00+00:00,4460.89990234375,75.65499877929688,62.439998626708984,5.18,98.93399810791016
2026-01-08 20:00:00+00:00,4485.10009765625,76.68000030517578,62.93000030517578,5.18,98.91899871826172
2026-01-08 21:00:00+00:00,4487.89990234375,76.69000244140625,62.75,5.18,98.86299896240234
2026-01-08 22:00:00+00:00,4487.89990234375,76.69000244140625,62.75,5.18,98.86699676513672
2026-01-08 23:00:00+00:00,4485.2998046875,76.41000366210938,62.63999938964844,5.18,98.84500122070312
2026-01-09 00:00:00+00:00,4472.39990234375,75.84500122070312,62.599998474121094,5.18,98.91799926757812
2026-01-09 01:00:00+00:00,4477.39990234375,76.29499816894531,62.380001068115234,5.1825,98.96600341796875
2026-01-09 02:00:00+00:00,4478.89990234375,76.73999786376953,62.43000030517578,5.175,98.93499755859375
2026-01-09 03:00:00+00:00,4472.7998046875,76.28500366210938,62.380001068115234,5.1775,98.927001953125
2026-01-09 04:00:00+00:00,4474.5,76.45999908447266,62.40999984741211,5.1825,98.93299865722656
2026-01-09 05:00:00+00:00,4476.5,76.88500213623047,62.43000030517578,5.1725,98.97200012207031
2026-01-09 06:00:00+00:00,4483.0,76.94999694824219,62.630001068115234,5.185,98.98699951171875
2026-01-09 07:00:00+00:00,4479.2998046875,76.88500213623047,62.599998474121094,5.1775,98.98100280761719
2026-01-09 08:00:00+00:00,4476.89990234375,77.2300033569336,62.439998626708984,5.1875,99.01699829101562
2026-01-09 09:00:00+00:00,4479.39990234375,77.72000122070312,62.18000030517578,5.1625,99.06300354003906
2026-01-09 10:00:00+00:00,4481.2998046875,77.83499908447266,62.33000183105469,5.16,99.03099822998047
2026-01-09 11:00:00+00:00,4484.2998046875,77.74500274658203,62.540000915527344,5.1625,99.02300262451172
2026-01-09 12:00:00+00:00,4474.5,77.23999786376953,62.380001068115234,5.18,99.05999755859375
2026-01-09 13:00:00+00:00,4492.0,78.19499969482422,62.4900016784668,5.17,99.00900268554688
2026-01-09 14:00:00+00:00,4503.89990234375,79.24500274658203,63.34000015258789,5.1575,99.11199951171875
2026-01-09 15:00:00+00:00,4521.5,80.125,63.59000015258789,5.175,99.08499908447266
2026-01-09 16:00:00+00:00,4516.5,80.33000183105469,63.90999984741211,5.1925,99.14600372314453
2026-01-09 17:00:00+00:00,4493.89990234375,79.36000061035156,63.56999969482422,5.18,99.16600036621094
2026-01-09 18:00:00+00:00,4505.89990234375,79.80000305175781,63.630001068115234,5.18,99.14099884033203
2026-01-09 19:00:00+00:00,4508.2998046875,79.7750015258789,63.18000030517578,5.18,99.13300323486328
2026-01-09 20:00:00+00:00,4516.10009765625,79.66999816894531,62.9900016784668,5.18,99.13600158691406
2026-01-09 21:00:00+00:00,4500.89990234375,79.34100341796875,63.34000015258789,5.18,99.13800048828125
